event_id,event_type,meeting_date,taipei_date,T0,day_k,date,series,close,cum_ret,flag,ew_n,base_date,base_close,days_available,calendar,status
tx01-2017-02-09-call,call,2017-02-09,2017-02-10,2017-02-13,0.0,2017-02-13,TAIEX,9710.32,0.0046277568156729565,缺adj,,2017-02-10,9665.59,21,TWSE(FMTQIK),complete
tx01-2017-02-09-call,call,2017-02-09,2017-02-10,2017-02-13,1.0,2017-02-14,TAIEX,9718.78,0.005503026716423998,缺adj,,2017-02-10,9665.59,21,TWSE(FMTQIK),complete
tx01-2017-02-09-call,call,2017-02-09,2017-02-10,2017-02-13,2.0,2017-02-15,TAIEX,9799.76,0.013881201251035868,缺adj,,2017-02-10,9665.59,21,TWSE(FMTQIK),complete
tx01-2017-02-09-call,call,2017-02-09,2017-02-10,2017-02-13,3.0,2017-02-16,TAIEX,9771.25,0.010931562377464843,缺adj,,2017-02-10,9665.59,21,TWSE(FMTQIK),complete
tx01-2017-02-09-call,call,2017-02-09,2017-02-10,2017-02-13,4.0,2017-02-17,TAIEX,9759.76,0.009742809285310017,缺adj,,2017-02-10,9665.59,21,TWSE(FMTQIK),complete
tx01-2017-02-09-call,call,2017-02-09,2017-02-10,2017-02-13,5.0,2017-02-20,TAIEX,9753.2,0.009064113002930974,缺adj,,2017-02-10,9665.59,21,TWSE(FMTQIK),complete
tx01-2017-02-09-call,call,2017-02-09,2017-02-10,2017-02-13,6.0,2017-02-21,TAIEX,9763.93,0.01017423664773709,缺adj,,2017-02-10,9665.59,21,TWSE(FMTQIK),complete
tx01-2017-02-09-call,call,2017-02-09,2017-02-10,2017-02-13,7.0,2017-02-22,TAIEX,9778.78,0.011710614665012775,缺adj,,2017-02-10,9665.59,21,TWSE(FMTQIK),complete
tx01-2017-02-09-call,call,2017-02-09,2017-02-10,2017-02-13,8.0,2017-02-23,TAIEX,9769.31,0.010730850367127065,缺adj,,2017-02-10,9665.59,21,TWSE(FMTQIK),complete
tx01-2017-02-09-call,call,2017-02-09,2017-02-10,2017-02-13,9.0,2017-02-24,TAIEX,9750.47,0.008781667751270206,缺adj,,2017-02-10,9665.59,21,TWSE(FMTQIK),complete
tx01-2017-02-09-call,call,2017-02-09,2017-02-10,2017-02-13,10.0,2017-03-01,TAIEX,9674.78,0.000950795554125472,缺adj,,2017-02-10,9665.59,21,TWSE(FMTQIK),complete
tx01-2017-02-09-call,call,2017-02-09,2017-02-10,2017-02-13,11.0,2017-03-02,TAIEX,9691.8,0.0027116813355416713,缺adj,,2017-02-10,9665.59,21,TWSE(FMTQIK),complete
tx01-2017-02-09-call,call,2017-02-09,2017-02-10,2017-02-13,12.0,2017-03-03,TAIEX,9648.21,-0.0017981313091079976,缺adj,,2017-02-10,9665.59,21,TWSE(FMTQIK),complete
tx01-2017-02-09-call,call,2017-02-09,2017-02-10,2017-02-13,13.0,2017-03-06,TAIEX,9682.63,0.0017629549773992004,缺adj,,2017-02-10,9665.59,21,TWSE(FMTQIK),complete
tx01-2017-02-09-call,call,2017-02-09,2017-02-10,2017-02-13,14.0,2017-03-07,TAIEX,9738.07,0.007498766241895272,缺adj,,2017-02-10,9665.59,21,TWSE(FMTQIK),complete
tx01-2017-02-09-call,call,2017-02-09,2017-02-10,2017-02-13,15.0,2017-03-08,TAIEX,9753.45,0.009089977952716932,缺adj,,2017-02-10,9665.59,21,TWSE(FMTQIK),complete
tx01-2017-02-09-call,call,2017-02-09,2017-02-10,2017-02-13,16.0,2017-03-09,TAIEX,9658.61,-0.0007221493980190674,缺adj,,2017-02-10,9665.59,21,TWSE(FMTQIK),complete
tx01-2017-02-09-call,call,2017-02-09,2017-02-10,2017-02-13,17.0,2017-03-10,TAIEX,9627.89,-0.0039004344276967196,缺adj,,2017-02-10,9665.59,21,TWSE(FMTQIK),complete
tx01-2017-02-09-call,call,2017-02-09,2017-02-10,2017-02-13,18.0,2017-03-13,TAIEX,9697.34,0.003284848622794989,缺adj,,2017-02-10,9665.59,21,TWSE(FMTQIK),complete
tx01-2017-02-09-call,call,2017-02-09,2017-02-10,2017-02-13,19.0,2017-03-14,TAIEX,9744.21,0.008134009408633958,缺adj,,2017-02-10,9665.59,21,TWSE(FMTQIK),complete
tx01-2017-02-09-call,call,2017-02-09,2017-02-10,2017-02-13,20.0,2017-03-15,TAIEX,9740.31,0.007730516191975845,缺adj,,2017-02-10,9665.59,21,TWSE(FMTQIK),complete
tx01-2017-02-09-call,call,2017-02-09,2017-02-10,2017-02-13,0.0,2017-02-13,3037,13.3,-0.0037453183520598232,缺adj,,2017-02-10,13.35,21,TWSE(FMTQIK),complete
tx01-2017-02-09-call,call,2017-02-09,2017-02-10,2017-02-13,1.0,2017-02-14,3037,13.45,0.0074906367041198685,缺adj,,2017-02-10,13.35,21,TWSE(FMTQIK),complete
tx01-2017-02-09-call,call,2017-02-09,2017-02-10,2017-02-13,2.0,2017-02-15,3037,13.7,0.02621722846441954,缺adj,,2017-02-10,13.35,21,TWSE(FMTQIK),complete
tx01-2017-02-09-call,call,2017-02-09,2017-02-10,2017-02-13,3.0,2017-02-16,3037,13.75,0.029962546816479474,缺adj,,2017-02-10,13.35,21,TWSE(FMTQIK),complete
tx01-2017-02-09-call,call,2017-02-09,2017-02-10,2017-02-13,4.0,2017-02-17,3037,13.75,0.029962546816479474,缺adj,,2017-02-10,13.35,21,TWSE(FMTQIK),complete
tx01-2017-02-09-call,call,2017-02-09,2017-02-10,2017-02-13,5.0,2017-02-20,3037,14.35,0.07490636704119846,缺adj,,2017-02-10,13.35,21,TWSE(FMTQIK),complete
tx01-2017-02-09-call,call,2017-02-09,2017-02-10,2017-02-13,6.0,2017-02-21,3037,14.0,0.048689138576779145,缺adj,,2017-02-10,13.35,21,TWSE(FMTQIK),complete
tx01-2017-02-09-call,call,2017-02-09,2017-02-10,2017-02-13,7.0,2017-02-22,3037,13.95,0.04494382022471899,缺adj,,2017-02-10,13.35,21,TWSE(FMTQIK),complete
tx01-2017-02-09-call,call,2017-02-09,2017-02-10,2017-02-13,8.0,2017-02-23,3037,14.25,0.0674157303370786,缺adj,,2017-02-10,13.35,21,TWSE(FMTQIK),complete
tx01-2017-02-09-call,call,2017-02-09,2017-02-10,2017-02-13,9.0,2017-02-24,3037,14.35,0.07490636704119846,缺adj,,2017-02-10,13.35,21,TWSE(FMTQIK),complete
tx01-2017-02-09-call,call,2017-02-09,2017-02-10,2017-02-13,10.0,2017-03-01,3037,14.05,0.05243445692883908,缺adj,,2017-02-10,13.35,21,TWSE(FMTQIK),complete
tx01-2017-02-09-call,call,2017-02-09,2017-02-10,2017-02-13,11.0,2017-03-02,3037,14.0,0.048689138576779145,缺adj,,2017-02-10,13.35,21,TWSE(FMTQIK),complete
tx01-2017-02-09-call,call,2017-02-09,2017-02-10,2017-02-13,12.0,2017-03-03,3037,14.0,0.048689138576779145,缺adj,,2017-02-10,13.35,21,TWSE(FMTQIK),complete
tx01-2017-02-09-call,call,2017-02-09,2017-02-10,2017-02-13,13.0,2017-03-06,3037,13.9,0.04119850187265928,缺adj,,2017-02-10,13.35,21,TWSE(FMTQIK),complete
tx01-2017-02-09-call,call,2017-02-09,2017-02-10,2017-02-13,14.0,2017-03-07,3037,14.1,0.05617977528089879,缺adj,,2017-02-10,13.35,21,TWSE(FMTQIK),complete
tx01-2017-02-09-call,call,2017-02-09,2017-02-10,2017-02-13,15.0,2017-03-08,3037,14.25,0.0674157303370786,缺adj,,2017-02-10,13.35,21,TWSE(FMTQIK),complete
tx01-2017-02-09-call,call,2017-02-09,2017-02-10,2017-02-13,16.0,2017-03-09,3037,14.2,0.06367041198501866,缺adj,,2017-02-10,13.35,21,TWSE(FMTQIK),complete
tx01-2017-02-09-call,call,2017-02-09,2017-02-10,2017-02-13,17.0,2017-03-10,3037,14.15,0.05992509363295895,缺adj,,2017-02-10,13.35,21,TWSE(FMTQIK),complete
tx01-2017-02-09-call,call,2017-02-09,2017-02-10,2017-02-13,18.0,2017-03-13,3037,14.25,0.0674157303370786,缺adj,,2017-02-10,13.35,21,TWSE(FMTQIK),complete
tx01-2017-02-09-call,call,2017-02-09,2017-02-10,2017-02-13,19.0,2017-03-14,3037,14.4,0.0786516853932584,缺adj,,2017-02-10,13.35,21,TWSE(FMTQIK),complete
tx01-2017-02-09-call,call,2017-02-09,2017-02-10,2017-02-13,20.0,2017-03-15,3037,14.3,0.07116104868913875,缺adj,,2017-02-10,13.35,21,TWSE(FMTQIK),complete
tx01-2017-02-09-call,call,2017-02-09,2017-02-10,2017-02-13,0.0,2017-02-13,8046,25.2,0.003984063745019917,缺adj,,2017-02-10,25.1,21,TWSE(FMTQIK),complete
tx01-2017-02-09-call,call,2017-02-09,2017-02-10,2017-02-13,1.0,2017-02-14,8046,25.15,0.0019920318725097363,缺adj,,2017-02-10,25.1,21,TWSE(FMTQIK),complete
tx01-2017-02-09-call,call,2017-02-09,2017-02-10,2017-02-13,2.0,2017-02-15,8046,25.75,0.02589641434262946,缺adj,,2017-02-10,25.1,21,TWSE(FMTQIK),complete
tx01-2017-02-09-call,call,2017-02-09,2017-02-10,2017-02-13,3.0,2017-02-16,8046,25.65,0.021912350597609542,缺adj,,2017-02-10,25.1,21,TWSE(FMTQIK),complete
tx01-2017-02-09-call,call,2017-02-09,2017-02-10,2017-02-13,4.0,2017-02-17,8046,25.7,0.0239043824701195,缺adj,,2017-02-10,25.1,21,TWSE(FMTQIK),complete
tx01-2017-02-09-call,call,2017-02-09,2017-02-10,2017-02-13,5.0,2017-02-20,8046,26.0,0.03585657370517925,缺adj,,2017-02-10,25.1,21,TWSE(FMTQIK),complete
tx01-2017-02-09-call,call,2017-02-09,2017-02-10,2017-02-13,6.0,2017-02-21,8046,25.6,0.019920318725099584,缺adj,,2017-02-10,25.1,21,TWSE(FMTQIK),complete
tx01-2017-02-09-call,call,2017-02-09,2017-02-10,2017-02-13,7.0,2017-02-22,8046,25.4,0.01195219123505975,缺adj,,2017-02-10,25.1,21,TWSE(FMTQIK),complete
tx01-2017-02-09-call,call,2017-02-09,2017-02-10,2017-02-13,8.0,2017-02-23,8046,25.35,0.009960159362549792,缺adj,,2017-02-10,25.1,21,TWSE(FMTQIK),complete
tx01-2017-02-09-call,call,2017-02-09,2017-02-10,2017-02-13,9.0,2017-02-24,8046,25.2,0.003984063745019917,缺adj,,2017-02-10,25.1,21,TWSE(FMTQIK),complete
tx01-2017-02-09-call,call,2017-02-09,2017-02-10,2017-02-13,10.0,2017-03-01,8046,25.0,-0.003984063745020028,缺adj,,2017-02-10,25.1,21,TWSE(FMTQIK),complete
tx01-2017-02-09-call,call,2017-02-09,2017-02-10,2017-02-13,11.0,2017-03-02,8046,25.2,0.003984063745019917,缺adj,,2017-02-10,25.1,21,TWSE(FMTQIK),complete
tx01-2017-02-09-call,call,2017-02-09,2017-02-10,2017-02-13,12.0,2017-03-03,8046,24.95,-0.005976095617529986,缺adj,,2017-02-10,25.1,21,TWSE(FMTQIK),complete
tx01-2017-02-09-call,call,2017-02-09,2017-02-10,2017-02-13,13.0,2017-03-06,8046,24.9,-0.007968127490039945,缺adj,,2017-02-10,25.1,21,TWSE(FMTQIK),complete
tx01-2017-02-09-call,call,2017-02-09,2017-02-10,2017-02-13,14.0,2017-03-07,8046,25.45,0.013944223107569709,缺adj,,2017-02-10,25.1,21,TWSE(FMTQIK),complete
tx01-2017-02-09-call,call,2017-02-09,2017-02-10,2017-02-13,15.0,2017-03-08,8046,25.05,-0.0019920318725099584,缺adj,,2017-02-10,25.1,21,TWSE(FMTQIK),complete
tx01-2017-02-09-call,call,2017-02-09,2017-02-10,2017-02-13,16.0,2017-03-09,8046,24.7,-0.015936254980079778,缺adj,,2017-02-10,25.1,21,TWSE(FMTQIK),complete
tx01-2017-02-09-call,call,2017-02-09,2017-02-10,2017-02-13,17.0,2017-03-10,8046,25.0,-0.003984063745020028,缺adj,,2017-02-10,25.1,21,TWSE(FMTQIK),complete
tx01-2017-02-09-call,call,2017-02-09,2017-02-10,2017-02-13,18.0,2017-03-13,8046,24.7,-0.015936254980079778,缺adj,,2017-02-10,25.1,21,TWSE(FMTQIK),complete
tx01-2017-02-09-call,call,2017-02-09,2017-02-10,2017-02-13,19.0,2017-03-14,8046,24.85,-0.009960159362549792,缺adj,,2017-02-10,25.1,21,TWSE(FMTQIK),complete
tx01-2017-02-09-call,call,2017-02-09,2017-02-10,2017-02-13,20.0,2017-03-15,8046,24.75,-0.01394422310756982,缺adj,,2017-02-10,25.1,21,TWSE(FMTQIK),complete
tx01-2017-02-09-call,call,2017-02-09,2017-02-10,2017-02-13,0.0,2017-02-13,3189,81.2,0.00995024875621886,缺adj,,2017-02-10,80.4,21,TWSE(FMTQIK),complete
tx01-2017-02-09-call,call,2017-02-09,2017-02-10,2017-02-13,1.0,2017-02-14,3189,83.4,0.03731343283582089,缺adj,,2017-02-10,80.4,21,TWSE(FMTQIK),complete
tx01-2017-02-09-call,call,2017-02-09,2017-02-10,2017-02-13,2.0,2017-02-15,3189,83.8,0.04228855721393021,缺adj,,2017-02-10,80.4,21,TWSE(FMTQIK),complete
tx01-2017-02-09-call,call,2017-02-09,2017-02-10,2017-02-13,3.0,2017-02-16,3189,82.0,0.01990049751243772,缺adj,,2017-02-10,80.4,21,TWSE(FMTQIK),complete
tx01-2017-02-09-call,call,2017-02-09,2017-02-10,2017-02-13,4.0,2017-02-17,3189,82.1,0.021144278606965106,缺adj,,2017-02-10,80.4,21,TWSE(FMTQIK),complete
tx01-2017-02-09-call,call,2017-02-09,2017-02-10,2017-02-13,5.0,2017-02-20,3189,82.0,0.01990049751243772,缺adj,,2017-02-10,80.4,21,TWSE(FMTQIK),complete
tx01-2017-02-09-call,call,2017-02-09,2017-02-10,2017-02-13,6.0,2017-02-21,3189,81.7,0.016169154228855787,缺adj,,2017-02-10,80.4,21,TWSE(FMTQIK),complete
tx01-2017-02-09-call,call,2017-02-09,2017-02-10,2017-02-13,7.0,2017-02-22,3189,82.7,0.028606965174129417,缺adj,,2017-02-10,80.4,21,TWSE(FMTQIK),complete
tx01-2017-02-09-call,call,2017-02-09,2017-02-10,2017-02-13,8.0,2017-02-23,3189,86.5,0.07587064676616917,缺adj,,2017-02-10,80.4,21,TWSE(FMTQIK),complete
tx01-2017-02-09-call,call,2017-02-09,2017-02-10,2017-02-13,9.0,2017-02-24,3189,85.0,0.05721393034825861,缺adj,,2017-02-10,80.4,21,TWSE(FMTQIK),complete
tx01-2017-02-09-call,call,2017-02-09,2017-02-10,2017-02-13,10.0,2017-03-01,3189,83.2,0.03482587064676612,缺adj,,2017-02-10,80.4,21,TWSE(FMTQIK),complete
tx01-2017-02-09-call,call,2017-02-09,2017-02-10,2017-02-13,11.0,2017-03-02,3189,82.2,0.02238805970149249,缺adj,,2017-02-10,80.4,21,TWSE(FMTQIK),complete
tx01-2017-02-09-call,call,2017-02-09,2017-02-10,2017-02-13,12.0,2017-03-03,3189,80.9,0.006218905472636926,缺adj,,2017-02-10,80.4,21,TWSE(FMTQIK),complete
tx01-2017-02-09-call,call,2017-02-09,2017-02-10,2017-02-13,13.0,2017-03-06,3189,81.0,0.00746268656716409,缺adj,,2017-02-10,80.4,21,TWSE(FMTQIK),complete
tx01-2017-02-09-call,call,2017-02-09,2017-02-10,2017-02-13,14.0,2017-03-07,3189,82.0,0.01990049751243772,缺adj,,2017-02-10,80.4,21,TWSE(FMTQIK),complete
tx01-2017-02-09-call,call,2017-02-09,2017-02-10,2017-02-13,15.0,2017-03-08,3189,81.7,0.016169154228855787,缺adj,,2017-02-10,80.4,21,TWSE(FMTQIK),complete
tx01-2017-02-09-call,call,2017-02-09,2017-02-10,2017-02-13,16.0,2017-03-09,3189,81.1,0.008706467661691475,缺adj,,2017-02-10,80.4,21,TWSE(FMTQIK),complete
tx01-2017-02-09-call,call,2017-02-09,2017-02-10,2017-02-13,17.0,2017-03-10,3189,79.3,-0.013681592039801127,缺adj,,2017-02-10,80.4,21,TWSE(FMTQIK),complete
tx01-2017-02-09-call,call,2017-02-09,2017-02-10,2017-02-13,18.0,2017-03-13,3189,80.6,0.0024875621890545485,缺adj,,2017-02-10,80.4,21,TWSE(FMTQIK),complete
tx01-2017-02-09-call,call,2017-02-09,2017-02-10,2017-02-13,19.0,2017-03-14,3189,81.1,0.008706467661691475,缺adj,,2017-02-10,80.4,21,TWSE(FMTQIK),complete
tx01-2017-02-09-call,call,2017-02-09,2017-02-10,2017-02-13,20.0,2017-03-15,3189,79.8,-0.007462686567164312,缺adj,,2017-02-10,80.4,21,TWSE(FMTQIK),complete
tx01-2017-02-09-call,call,2017-02-09,2017-02-10,2017-02-13,0.0,2017-02-13,2368,10.95,-0.00454545454545463,缺adj,,2017-02-10,11.0,21,TWSE(FMTQIK),complete
tx01-2017-02-09-call,call,2017-02-09,2017-02-10,2017-02-13,1.0,2017-02-14,2368,11.1,0.009090909090909038,缺adj,,2017-02-10,11.0,21,TWSE(FMTQIK),complete
tx01-2017-02-09-call,call,2017-02-09,2017-02-10,2017-02-13,2.0,2017-02-15,2368,11.05,0.00454545454545463,缺adj,,2017-02-10,11.0,21,TWSE(FMTQIK),complete
tx01-2017-02-09-call,call,2017-02-09,2017-02-10,2017-02-13,3.0,2017-02-16,2368,11.1,0.009090909090909038,缺adj,,2017-02-10,11.0,21,TWSE(FMTQIK),complete
tx01-2017-02-09-call,call,2017-02-09,2017-02-10,2017-02-13,4.0,2017-02-17,2368,11.35,0.031818181818181746,缺adj,,2017-02-10,11.0,21,TWSE(FMTQIK),complete
tx01-2017-02-09-call,call,2017-02-09,2017-02-10,2017-02-13,5.0,2017-02-20,2368,11.1,0.009090909090909038,缺adj,,2017-02-10,11.0,21,TWSE(FMTQIK),complete
tx01-2017-02-09-call,call,2017-02-09,2017-02-10,2017-02-13,6.0,2017-02-21,2368,11.05,0.00454545454545463,缺adj,,2017-02-10,11.0,21,TWSE(FMTQIK),complete
tx01-2017-02-09-call,call,2017-02-09,2017-02-10,2017-02-13,7.0,2017-02-22,2368,11.15,0.013636363636363669,缺adj,,2017-02-10,11.0,21,TWSE(FMTQIK),complete
tx01-2017-02-09-call,call,2017-02-09,2017-02-10,2017-02-13,8.0,2017-02-23,2368,11.3,0.027272727272727337,缺adj,,2017-02-10,11.0,21,TWSE(FMTQIK),complete
tx01-2017-02-09-call,call,2017-02-09,2017-02-10,2017-02-13,9.0,2017-02-24,2368,11.55,0.050000000000000044,缺adj,,2017-02-10,11.0,21,TWSE(FMTQIK),complete
tx01-2017-02-09-call,call,2017-02-09,2017-02-10,2017-02-13,10.0,2017-03-01,2368,11.15,0.013636363636363669,缺adj,,2017-02-10,11.0,21,TWSE(FMTQIK),complete
tx01-2017-02-09-call,call,2017-02-09,2017-02-10,2017-02-13,11.0,2017-03-02,2368,11.2,0.018181818181818077,缺adj,,2017-02-10,11.0,21,TWSE(FMTQIK),complete
tx01-2017-02-09-call,call,2017-02-09,2017-02-10,2017-02-13,12.0,2017-03-03,2368,11.15,0.013636363636363669,缺adj,,2017-02-10,11.0,21,TWSE(FMTQIK),complete
tx01-2017-02-09-call,call,2017-02-09,2017-02-10,2017-02-13,13.0,2017-03-06,2368,11.1,0.009090909090909038,缺adj,,2017-02-10,11.0,21,TWSE(FMTQIK),complete
tx01-2017-02-09-call,call,2017-02-09,2017-02-10,2017-02-13,14.0,2017-03-07,2368,11.15,0.013636363636363669,缺adj,,2017-02-10,11.0,21,TWSE(FMTQIK),complete
tx01-2017-02-09-call,call,2017-02-09,2017-02-10,2017-02-13,15.0,2017-03-08,2368,11.15,0.013636363636363669,缺adj,,2017-02-10,11.0,21,TWSE(FMTQIK),complete
tx01-2017-02-09-call,call,2017-02-09,2017-02-10,2017-02-13,16.0,2017-03-09,2368,11.2,0.018181818181818077,缺adj,,2017-02-10,11.0,21,TWSE(FMTQIK),complete
tx01-2017-02-09-call,call,2017-02-09,2017-02-10,2017-02-13,17.0,2017-03-10,2368,11.2,0.018181818181818077,缺adj,,2017-02-10,11.0,21,TWSE(FMTQIK),complete
tx01-2017-02-09-call,call,2017-02-09,2017-02-10,2017-02-13,18.0,2017-03-13,2368,11.15,0.013636363636363669,缺adj,,2017-02-10,11.0,21,TWSE(FMTQIK),complete
tx01-2017-02-09-call,call,2017-02-09,2017-02-10,2017-02-13,19.0,2017-03-14,2368,11.1,0.009090909090909038,缺adj,,2017-02-10,11.0,21,TWSE(FMTQIK),complete
tx01-2017-02-09-call,call,2017-02-09,2017-02-10,2017-02-13,20.0,2017-03-15,2368,11.1,0.009090909090909038,缺adj,,2017-02-10,11.0,21,TWSE(FMTQIK),complete
tx01-2017-02-09-call,call,2017-02-09,2017-02-10,2017-02-13,0.0,2017-02-13,2383,115.0,-0.0043290043290042934,缺adj,,2017-02-10,115.5,21,TWSE(FMTQIK),complete
tx01-2017-02-09-call,call,2017-02-09,2017-02-10,2017-02-13,1.0,2017-02-14,2383,113.0,-0.02164502164502169,缺adj,,2017-02-10,115.5,21,TWSE(FMTQIK),complete
tx01-2017-02-09-call,call,2017-02-09,2017-02-10,2017-02-13,2.0,2017-02-15,2383,113.5,-0.017316017316017285,缺adj,,2017-02-10,115.5,21,TWSE(FMTQIK),complete
tx01-2017-02-09-call,call,2017-02-09,2017-02-10,2017-02-13,3.0,2017-02-16,2383,113.5,-0.017316017316017285,缺adj,,2017-02-10,115.5,21,TWSE(FMTQIK),complete
tx01-2017-02-09-call,call,2017-02-09,2017-02-10,2017-02-13,4.0,2017-02-17,2383,112.5,-0.025974025974025983,缺adj,,2017-02-10,115.5,21,TWSE(FMTQIK),complete
tx01-2017-02-09-call,call,2017-02-09,2017-02-10,2017-02-13,5.0,2017-02-20,2383,110.5,-0.04329004329004327,缺adj,,2017-02-10,115.5,21,TWSE(FMTQIK),complete
tx01-2017-02-09-call,call,2017-02-09,2017-02-10,2017-02-13,6.0,2017-02-21,2383,109.5,-0.051948051948051965,缺adj,,2017-02-10,115.5,21,TWSE(FMTQIK),complete
tx01-2017-02-09-call,call,2017-02-09,2017-02-10,2017-02-13,7.0,2017-02-22,2383,112.0,-0.030303030303030276,缺adj,,2017-02-10,115.5,21,TWSE(FMTQIK),complete
tx01-2017-02-09-call,call,2017-02-09,2017-02-10,2017-02-13,8.0,2017-02-23,2383,112.5,-0.025974025974025983,缺adj,,2017-02-10,115.5,21,TWSE(FMTQIK),complete
tx01-2017-02-09-call,call,2017-02-09,2017-02-10,2017-02-13,9.0,2017-02-24,2383,112.5,-0.025974025974025983,缺adj,,2017-02-10,115.5,21,TWSE(FMTQIK),complete
tx01-2017-02-09-call,call,2017-02-09,2017-02-10,2017-02-13,10.0,2017-03-01,2383,109.5,-0.051948051948051965,缺adj,,2017-02-10,115.5,21,TWSE(FMTQIK),complete
tx01-2017-02-09-call,call,2017-02-09,2017-02-10,2017-02-13,11.0,2017-03-02,2383,110.0,-0.04761904761904767,缺adj,,2017-02-10,115.5,21,TWSE(FMTQIK),complete
tx01-2017-02-09-call,call,2017-02-09,2017-02-10,2017-02-13,12.0,2017-03-03,2383,110.5,-0.04329004329004327,缺adj,,2017-02-10,115.5,21,TWSE(FMTQIK),complete
tx01-2017-02-09-call,call,2017-02-09,2017-02-10,2017-02-13,13.0,2017-03-06,2383,110.0,-0.04761904761904767,缺adj,,2017-02-10,115.5,21,TWSE(FMTQIK),complete
tx01-2017-02-09-call,call,2017-02-09,2017-02-10,2017-02-13,14.0,2017-03-07,2383,117.5,0.017316017316017396,缺adj,,2017-02-10,115.5,21,TWSE(FMTQIK),complete
tx01-2017-02-09-call,call,2017-02-09,2017-02-10,2017-02-13,15.0,2017-03-08,2383,118.5,0.025974025974025983,缺adj,,2017-02-10,115.5,21,TWSE(FMTQIK),complete
tx01-2017-02-09-call,call,2017-02-09,2017-02-10,2017-02-13,16.0,2017-03-09,2383,116.5,0.008658008658008587,缺adj,,2017-02-10,115.5,21,TWSE(FMTQIK),complete
tx01-2017-02-09-call,call,2017-02-09,2017-02-10,2017-02-13,17.0,2017-03-10,2383,117.5,0.017316017316017396,缺adj,,2017-02-10,115.5,21,TWSE(FMTQIK),complete
tx01-2017-02-09-call,call,2017-02-09,2017-02-10,2017-02-13,18.0,2017-03-13,2383,128.0,0.10822510822510822,缺adj,,2017-02-10,115.5,21,TWSE(FMTQIK),complete
tx01-2017-02-09-call,call,2017-02-09,2017-02-10,2017-02-13,19.0,2017-03-14,2383,127.0,0.09956709956709964,缺adj,,2017-02-10,115.5,21,TWSE(FMTQIK),complete
tx01-2017-02-09-call,call,2017-02-09,2017-02-10,2017-02-13,20.0,2017-03-15,2383,126.0,0.09090909090909083,缺adj,,2017-02-10,115.5,21,TWSE(FMTQIK),complete
tx01-2017-02-09-call,call,2017-02-09,2017-02-10,2017-02-13,0.0,2017-02-13,6213,40.3,0.010025062656641603,缺adj,,2017-02-10,39.9,21,TWSE(FMTQIK),complete
tx01-2017-02-09-call,call,2017-02-09,2017-02-10,2017-02-13,1.0,2017-02-14,6213,40.45,0.013784461152882344,缺adj,,2017-02-10,39.9,21,TWSE(FMTQIK),complete
tx01-2017-02-09-call,call,2017-02-09,2017-02-10,2017-02-13,2.0,2017-02-15,6213,41.0,0.027568922305764465,缺adj,,2017-02-10,39.9,21,TWSE(FMTQIK),complete
tx01-2017-02-09-call,call,2017-02-09,2017-02-10,2017-02-13,3.0,2017-02-16,6213,41.45,0.03884711779448624,缺adj,,2017-02-10,39.9,21,TWSE(FMTQIK),complete
tx01-2017-02-09-call,call,2017-02-09,2017-02-10,2017-02-13,4.0,2017-02-17,6213,41.65,0.04385964912280693,缺adj,,2017-02-10,39.9,21,TWSE(FMTQIK),complete
tx01-2017-02-09-call,call,2017-02-09,2017-02-10,2017-02-13,5.0,2017-02-20,6213,40.55,0.016290726817042467,缺adj,,2017-02-10,39.9,21,TWSE(FMTQIK),complete
tx01-2017-02-09-call,call,2017-02-09,2017-02-10,2017-02-13,6.0,2017-02-21,6213,41.15,0.03132832080200498,缺adj,,2017-02-10,39.9,21,TWSE(FMTQIK),complete
tx01-2017-02-09-call,call,2017-02-09,2017-02-10,2017-02-13,7.0,2017-02-22,6213,40.9,0.02506265664160412,缺adj,,2017-02-10,39.9,21,TWSE(FMTQIK),complete
tx01-2017-02-09-call,call,2017-02-09,2017-02-10,2017-02-13,8.0,2017-02-23,6213,42.0,0.05263157894736836,缺adj,,2017-02-10,39.9,21,TWSE(FMTQIK),complete
tx01-2017-02-09-call,call,2017-02-09,2017-02-10,2017-02-13,9.0,2017-02-24,6213,41.85,0.048872180451127845,缺adj,,2017-02-10,39.9,21,TWSE(FMTQIK),complete
tx01-2017-02-09-call,call,2017-02-09,2017-02-10,2017-02-13,10.0,2017-03-01,6213,41.05,0.028822055137844638,缺adj,,2017-02-10,39.9,21,TWSE(FMTQIK),complete
tx01-2017-02-09-call,call,2017-02-09,2017-02-10,2017-02-13,11.0,2017-03-02,6213,40.45,0.013784461152882344,缺adj,,2017-02-10,39.9,21,TWSE(FMTQIK),complete
tx01-2017-02-09-call,call,2017-02-09,2017-02-10,2017-02-13,12.0,2017-03-03,6213,40.85,0.023809523809523947,缺adj,,2017-02-10,39.9,21,TWSE(FMTQIK),complete
tx01-2017-02-09-call,call,2017-02-09,2017-02-10,2017-02-13,13.0,2017-03-06,6213,41.75,0.0463659147869675,缺adj,,2017-02-10,39.9,21,TWSE(FMTQIK),complete
tx01-2017-02-09-call,call,2017-02-09,2017-02-10,2017-02-13,14.0,2017-03-07,6213,41.95,0.05137844611528841,缺adj,,2017-02-10,39.9,21,TWSE(FMTQIK),complete
tx01-2017-02-09-call,call,2017-02-09,2017-02-10,2017-02-13,15.0,2017-03-08,6213,43.3,0.08521303258145352,缺adj,,2017-02-10,39.9,21,TWSE(FMTQIK),complete
tx01-2017-02-09-call,call,2017-02-09,2017-02-10,2017-02-13,16.0,2017-03-09,6213,43.1,0.08020050125313283,缺adj,,2017-02-10,39.9,21,TWSE(FMTQIK),complete
tx01-2017-02-09-call,call,2017-02-09,2017-02-10,2017-02-13,17.0,2017-03-10,6213,43.85,0.09899749373433586,缺adj,,2017-02-10,39.9,21,TWSE(FMTQIK),complete
tx01-2017-02-09-call,call,2017-02-09,2017-02-10,2017-02-13,18.0,2017-03-13,6213,45.1,0.13032581453634084,缺adj,,2017-02-10,39.9,21,TWSE(FMTQIK),complete
tx01-2017-02-09-call,call,2017-02-09,2017-02-10,2017-02-13,19.0,2017-03-14,6213,44.8,0.12280701754385959,缺adj,,2017-02-10,39.9,21,TWSE(FMTQIK),complete
tx01-2017-02-09-call,call,2017-02-09,2017-02-10,2017-02-13,20.0,2017-03-15,6213,44.05,0.10401002506265655,缺adj,,2017-02-10,39.9,21,TWSE(FMTQIK),complete
tx01-2017-02-09-call,call,2017-02-09,2017-02-10,2017-02-13,0.0,2017-02-13,6274,43.25,0.02004716981132071,缺adj,,2017-02-10,42.4,21,TWSE(FMTQIK),complete
tx01-2017-02-09-call,call,2017-02-09,2017-02-10,2017-02-13,1.0,2017-02-14,6274,42.9,0.011792452830188704,缺adj,,2017-02-10,42.4,21,TWSE(FMTQIK),complete
tx01-2017-02-09-call,call,2017-02-09,2017-02-10,2017-02-13,2.0,2017-02-15,6274,42.9,0.011792452830188704,缺adj,,2017-02-10,42.4,21,TWSE(FMTQIK),complete
tx01-2017-02-09-call,call,2017-02-09,2017-02-10,2017-02-13,3.0,2017-02-16,6274,42.3,-0.002358490566037763,缺adj,,2017-02-10,42.4,21,TWSE(FMTQIK),complete
tx01-2017-02-09-call,call,2017-02-09,2017-02-10,2017-02-13,4.0,2017-02-17,6274,42.9,0.011792452830188704,缺adj,,2017-02-10,42.4,21,TWSE(FMTQIK),complete
tx01-2017-02-09-call,call,2017-02-09,2017-02-10,2017-02-13,5.0,2017-02-20,6274,41.7,-0.01650943396226401,缺adj,,2017-02-10,42.4,21,TWSE(FMTQIK),complete
tx01-2017-02-09-call,call,2017-02-09,2017-02-10,2017-02-13,6.0,2017-02-21,6274,40.6,-0.04245283018867918,缺adj,,2017-02-10,42.4,21,TWSE(FMTQIK),complete
tx01-2017-02-09-call,call,2017-02-09,2017-02-10,2017-02-13,7.0,2017-02-22,6274,40.9,-0.035377358490566,缺adj,,2017-02-10,42.4,21,TWSE(FMTQIK),complete
tx01-2017-02-09-call,call,2017-02-09,2017-02-10,2017-02-13,8.0,2017-02-23,6274,41.0,-0.03301886792452824,缺adj,,2017-02-10,42.4,21,TWSE(FMTQIK),complete
tx01-2017-02-09-call,call,2017-02-09,2017-02-10,2017-02-13,9.0,2017-02-24,6274,41.0,-0.03301886792452824,缺adj,,2017-02-10,42.4,21,TWSE(FMTQIK),complete
tx01-2017-02-09-call,call,2017-02-09,2017-02-10,2017-02-13,10.0,2017-03-01,6274,40.9,-0.035377358490566,缺adj,,2017-02-10,42.4,21,TWSE(FMTQIK),complete
tx01-2017-02-09-call,call,2017-02-09,2017-02-10,2017-02-13,11.0,2017-03-02,6274,41.6,-0.01886792452830177,缺adj,,2017-02-10,42.4,21,TWSE(FMTQIK),complete
tx01-2017-02-09-call,call,2017-02-09,2017-02-10,2017-02-13,12.0,2017-03-03,6274,41.5,-0.021226415094339535,缺adj,,2017-02-10,42.4,21,TWSE(FMTQIK),complete
tx01-2017-02-09-call,call,2017-02-09,2017-02-10,2017-02-13,13.0,2017-03-06,6274,42.95,0.012971698113207752,缺adj,,2017-02-10,42.4,21,TWSE(FMTQIK),complete
tx01-2017-02-09-call,call,2017-02-09,2017-02-10,2017-02-13,14.0,2017-03-07,6274,42.4,0.0,缺adj,,2017-02-10,42.4,21,TWSE(FMTQIK),complete
tx01-2017-02-09-call,call,2017-02-09,2017-02-10,2017-02-13,15.0,2017-03-08,6274,43.9,0.03537735849056611,缺adj,,2017-02-10,42.4,21,TWSE(FMTQIK),complete
tx01-2017-02-09-call,call,2017-02-09,2017-02-10,2017-02-13,16.0,2017-03-09,6274,43.6,0.028301886792452935,缺adj,,2017-02-10,42.4,21,TWSE(FMTQIK),complete
tx01-2017-02-09-call,call,2017-02-09,2017-02-10,2017-02-13,17.0,2017-03-10,6274,44.05,0.03891509433962259,缺adj,,2017-02-10,42.4,21,TWSE(FMTQIK),complete
tx01-2017-02-09-call,call,2017-02-09,2017-02-10,2017-02-13,18.0,2017-03-13,6274,47.85,0.1285377358490567,缺adj,,2017-02-10,42.4,21,TWSE(FMTQIK),complete
tx01-2017-02-09-call,call,2017-02-09,2017-02-10,2017-02-13,19.0,2017-03-14,6274,46.9,0.10613207547169812,缺adj,,2017-02-10,42.4,21,TWSE(FMTQIK),complete
tx01-2017-02-09-call,call,2017-02-09,2017-02-10,2017-02-13,20.0,2017-03-15,6274,46.65,0.10023584905660377,缺adj,,2017-02-10,42.4,21,TWSE(FMTQIK),complete
tx01-2017-02-09-call,call,2017-02-09,2017-02-10,2017-02-13,0.0,2017-02-13,2408,47.1,0.029508196721311553,缺adj,,2017-02-10,45.75,21,TWSE(FMTQIK),complete
tx01-2017-02-09-call,call,2017-02-09,2017-02-10,2017-02-13,1.0,2017-02-14,2408,46.65,0.01967213114754096,缺adj,,2017-02-10,45.75,21,TWSE(FMTQIK),complete
tx01-2017-02-09-call,call,2017-02-09,2017-02-10,2017-02-13,2.0,2017-02-15,2408,46.65,0.01967213114754096,缺adj,,2017-02-10,45.75,21,TWSE(FMTQIK),complete
tx01-2017-02-09-call,call,2017-02-09,2017-02-10,2017-02-13,3.0,2017-02-16,2408,46.7,0.020765027322404483,缺adj,,2017-02-10,45.75,21,TWSE(FMTQIK),complete
tx01-2017-02-09-call,call,2017-02-09,2017-02-10,2017-02-13,4.0,2017-02-17,2408,46.4,0.014207650273224015,缺adj,,2017-02-10,45.75,21,TWSE(FMTQIK),complete
tx01-2017-02-09-call,call,2017-02-09,2017-02-10,2017-02-13,5.0,2017-02-20,2408,45.55,-0.004371584699453646,缺adj,,2017-02-10,45.75,21,TWSE(FMTQIK),complete
tx01-2017-02-09-call,call,2017-02-09,2017-02-10,2017-02-13,6.0,2017-02-21,2408,46.35,0.013114754098360715,缺adj,,2017-02-10,45.75,21,TWSE(FMTQIK),complete
tx01-2017-02-09-call,call,2017-02-09,2017-02-10,2017-02-13,7.0,2017-02-22,2408,46.25,0.010928961748633892,缺adj,,2017-02-10,45.75,21,TWSE(FMTQIK),complete
tx01-2017-02-09-call,call,2017-02-09,2017-02-10,2017-02-13,8.0,2017-02-23,2408,45.7,-0.0010928961748633004,缺adj,,2017-02-10,45.75,21,TWSE(FMTQIK),complete
tx01-2017-02-09-call,call,2017-02-09,2017-02-10,2017-02-13,9.0,2017-02-24,2408,45.5,-0.005464480874316946,缺adj,,2017-02-10,45.75,21,TWSE(FMTQIK),complete
tx01-2017-02-09-call,call,2017-02-09,2017-02-10,2017-02-13,10.0,2017-03-01,2408,45.05,-0.015300546448087537,缺adj,,2017-02-10,45.75,21,TWSE(FMTQIK),complete
tx01-2017-02-09-call,call,2017-02-09,2017-02-10,2017-02-13,11.0,2017-03-02,2408,45.35,-0.008743169398907069,缺adj,,2017-02-10,45.75,21,TWSE(FMTQIK),complete
tx01-2017-02-09-call,call,2017-02-09,2017-02-10,2017-02-13,12.0,2017-03-03,2408,46.1,0.007650273224043769,缺adj,,2017-02-10,45.75,21,TWSE(FMTQIK),complete
tx01-2017-02-09-call,call,2017-02-09,2017-02-10,2017-02-13,13.0,2017-03-06,2408,46.55,0.017486338797814138,缺adj,,2017-02-10,45.75,21,TWSE(FMTQIK),complete
tx01-2017-02-09-call,call,2017-02-09,2017-02-10,2017-02-13,14.0,2017-03-07,2408,46.6,0.01857923497267766,缺adj,,2017-02-10,45.75,21,TWSE(FMTQIK),complete
tx01-2017-02-09-call,call,2017-02-09,2017-02-10,2017-02-13,15.0,2017-03-08,2408,46.6,0.01857923497267766,缺adj,,2017-02-10,45.75,21,TWSE(FMTQIK),complete
tx01-2017-02-09-call,call,2017-02-09,2017-02-10,2017-02-13,16.0,2017-03-09,2408,46.55,0.017486338797814138,缺adj,,2017-02-10,45.75,21,TWSE(FMTQIK),complete
tx01-2017-02-09-call,call,2017-02-09,2017-02-10,2017-02-13,17.0,2017-03-10,2408,44.4,-0.029508196721311553,缺adj,,2017-02-10,45.75,21,TWSE(FMTQIK),complete
tx01-2017-02-09-call,call,2017-02-09,2017-02-10,2017-02-13,18.0,2017-03-13,2408,44.65,-0.024043715846994607,缺adj,,2017-02-10,45.75,21,TWSE(FMTQIK),complete
tx01-2017-02-09-call,call,2017-02-09,2017-02-10,2017-02-13,19.0,2017-03-14,2408,45.15,-0.013114754098360715,缺adj,,2017-02-10,45.75,21,TWSE(FMTQIK),complete
tx01-2017-02-09-call,call,2017-02-09,2017-02-10,2017-02-13,20.0,2017-03-15,2408,44.5,-0.02732240437158473,缺adj,,2017-02-10,45.75,21,TWSE(FMTQIK),complete
tx01-2017-02-09-call,call,2017-02-09,2017-02-10,2017-02-13,0.0,2017-02-13,2344,11.9,0.02145922746781115,缺adj,,2017-02-10,11.65,21,TWSE(FMTQIK),complete
tx01-2017-02-09-call,call,2017-02-09,2017-02-10,2017-02-13,1.0,2017-02-14,2344,11.6,-0.0042918454935623185,缺adj,,2017-02-10,11.65,21,TWSE(FMTQIK),complete
tx01-2017-02-09-call,call,2017-02-09,2017-02-10,2017-02-13,2.0,2017-02-15,2344,11.65,0.0,缺adj,,2017-02-10,11.65,21,TWSE(FMTQIK),complete
tx01-2017-02-09-call,call,2017-02-09,2017-02-10,2017-02-13,3.0,2017-02-16,2344,11.5,-0.012875536480686733,缺adj,,2017-02-10,11.65,21,TWSE(FMTQIK),complete
tx01-2017-02-09-call,call,2017-02-09,2017-02-10,2017-02-13,4.0,2017-02-17,2344,11.75,0.008583690987124415,缺adj,,2017-02-10,11.65,21,TWSE(FMTQIK),complete
tx01-2017-02-09-call,call,2017-02-09,2017-02-10,2017-02-13,5.0,2017-02-20,2344,11.35,-0.025751072961373467,缺adj,,2017-02-10,11.65,21,TWSE(FMTQIK),complete
tx01-2017-02-09-call,call,2017-02-09,2017-02-10,2017-02-13,6.0,2017-02-21,2344,11.2,-0.0386266094420602,缺adj,,2017-02-10,11.65,21,TWSE(FMTQIK),complete
tx01-2017-02-09-call,call,2017-02-09,2017-02-10,2017-02-13,7.0,2017-02-22,2344,11.2,-0.0386266094420602,缺adj,,2017-02-10,11.65,21,TWSE(FMTQIK),complete
tx01-2017-02-09-call,call,2017-02-09,2017-02-10,2017-02-13,8.0,2017-02-23,2344,11.05,-0.05150214592274671,缺adj,,2017-02-10,11.65,21,TWSE(FMTQIK),complete
tx01-2017-02-09-call,call,2017-02-09,2017-02-10,2017-02-13,9.0,2017-02-24,2344,11.15,-0.0429184549356223,缺adj,,2017-02-10,11.65,21,TWSE(FMTQIK),complete
tx01-2017-02-09-call,call,2017-02-09,2017-02-10,2017-02-13,10.0,2017-03-01,2344,11.05,-0.05150214592274671,缺adj,,2017-02-10,11.65,21,TWSE(FMTQIK),complete
tx01-2017-02-09-call,call,2017-02-09,2017-02-10,2017-02-13,11.0,2017-03-02,2344,11.6,-0.0042918454935623185,缺adj,,2017-02-10,11.65,21,TWSE(FMTQIK),complete
tx01-2017-02-09-call,call,2017-02-09,2017-02-10,2017-02-13,12.0,2017-03-03,2344,11.5,-0.012875536480686733,缺adj,,2017-02-10,11.65,21,TWSE(FMTQIK),complete
tx01-2017-02-09-call,call,2017-02-09,2017-02-10,2017-02-13,13.0,2017-03-06,2344,11.55,-0.008583690987124415,缺adj,,2017-02-10,11.65,21,TWSE(FMTQIK),complete
tx01-2017-02-09-call,call,2017-02-09,2017-02-10,2017-02-13,14.0,2017-03-07,2344,11.5,-0.012875536480686733,缺adj,,2017-02-10,11.65,21,TWSE(FMTQIK),complete
tx01-2017-02-09-call,call,2017-02-09,2017-02-10,2017-02-13,15.0,2017-03-08,2344,11.9,0.02145922746781115,缺adj,,2017-02-10,11.65,21,TWSE(FMTQIK),complete
tx01-2017-02-09-call,call,2017-02-09,2017-02-10,2017-02-13,16.0,2017-03-09,2344,12.25,0.05150214592274671,缺adj,,2017-02-10,11.65,21,TWSE(FMTQIK),complete
tx01-2017-02-09-call,call,2017-02-09,2017-02-10,2017-02-13,17.0,2017-03-10,2344,12.05,0.03433476394849788,缺adj,,2017-02-10,11.65,21,TWSE(FMTQIK),complete
tx01-2017-02-09-call,call,2017-02-09,2017-02-10,2017-02-13,18.0,2017-03-13,2344,12.1,0.03862660944205998,缺adj,,2017-02-10,11.65,21,TWSE(FMTQIK),complete
tx01-2017-02-09-call,call,2017-02-09,2017-02-10,2017-02-13,19.0,2017-03-14,2344,12.25,0.05150214592274671,缺adj,,2017-02-10,11.65,21,TWSE(FMTQIK),complete
tx01-2017-02-09-call,call,2017-02-09,2017-02-10,2017-02-13,20.0,2017-03-15,2344,12.05,0.03433476394849788,缺adj,,2017-02-10,11.65,21,TWSE(FMTQIK),complete
tx01-2017-02-09-call,call,2017-02-09,2017-02-10,2017-02-13,0.0,2017-02-13,6770,,,MISSING(未上市，首筆 2020-12-09);缺adj,,2017-02-10,,0,TWSE(FMTQIK),complete
tx01-2017-02-09-call,call,2017-02-09,2017-02-10,2017-02-13,1.0,2017-02-14,6770,,,MISSING(未上市，首筆 2020-12-09);缺adj,,2017-02-10,,0,TWSE(FMTQIK),complete
tx01-2017-02-09-call,call,2017-02-09,2017-02-10,2017-02-13,2.0,2017-02-15,6770,,,MISSING(未上市，首筆 2020-12-09);缺adj,,2017-02-10,,0,TWSE(FMTQIK),complete
tx01-2017-02-09-call,call,2017-02-09,2017-02-10,2017-02-13,3.0,2017-02-16,6770,,,MISSING(未上市，首筆 2020-12-09);缺adj,,2017-02-10,,0,TWSE(FMTQIK),complete
tx01-2017-02-09-call,call,2017-02-09,2017-02-10,2017-02-13,4.0,2017-02-17,6770,,,MISSING(未上市，首筆 2020-12-09);缺adj,,2017-02-10,,0,TWSE(FMTQIK),complete
tx01-2017-02-09-call,call,2017-02-09,2017-02-10,2017-02-13,5.0,2017-02-20,6770,,,MISSING(未上市，首筆 2020-12-09);缺adj,,2017-02-10,,0,TWSE(FMTQIK),complete
tx01-2017-02-09-call,call,2017-02-09,2017-02-10,2017-02-13,6.0,2017-02-21,6770,,,MISSING(未上市，首筆 2020-12-09);缺adj,,2017-02-10,,0,TWSE(FMTQIK),complete
tx01-2017-02-09-call,call,2017-02-09,2017-02-10,2017-02-13,7.0,2017-02-22,6770,,,MISSING(未上市，首筆 2020-12-09);缺adj,,2017-02-10,,0,TWSE(FMTQIK),complete
tx01-2017-02-09-call,call,2017-02-09,2017-02-10,2017-02-13,8.0,2017-02-23,6770,,,MISSING(未上市，首筆 2020-12-09);缺adj,,2017-02-10,,0,TWSE(FMTQIK),complete
tx01-2017-02-09-call,call,2017-02-09,2017-02-10,2017-02-13,9.0,2017-02-24,6770,,,MISSING(未上市，首筆 2020-12-09);缺adj,,2017-02-10,,0,TWSE(FMTQIK),complete
tx01-2017-02-09-call,call,2017-02-09,2017-02-10,2017-02-13,10.0,2017-03-01,6770,,,MISSING(未上市，首筆 2020-12-09);缺adj,,2017-02-10,,0,TWSE(FMTQIK),complete
tx01-2017-02-09-call,call,2017-02-09,2017-02-10,2017-02-13,11.0,2017-03-02,6770,,,MISSING(未上市，首筆 2020-12-09);缺adj,,2017-02-10,,0,TWSE(FMTQIK),complete
tx01-2017-02-09-call,call,2017-02-09,2017-02-10,2017-02-13,12.0,2017-03-03,6770,,,MISSING(未上市，首筆 2020-12-09);缺adj,,2017-02-10,,0,TWSE(FMTQIK),complete
tx01-2017-02-09-call,call,2017-02-09,2017-02-10,2017-02-13,13.0,2017-03-06,6770,,,MISSING(未上市，首筆 2020-12-09);缺adj,,2017-02-10,,0,TWSE(FMTQIK),complete
tx01-2017-02-09-call,call,2017-02-09,2017-02-10,2017-02-13,14.0,2017-03-07,6770,,,MISSING(未上市，首筆 2020-12-09);缺adj,,2017-02-10,,0,TWSE(FMTQIK),complete
tx01-2017-02-09-call,call,2017-02-09,2017-02-10,2017-02-13,15.0,2017-03-08,6770,,,MISSING(未上市，首筆 2020-12-09);缺adj,,2017-02-10,,0,TWSE(FMTQIK),complete
tx01-2017-02-09-call,call,2017-02-09,2017-02-10,2017-02-13,16.0,2017-03-09,6770,,,MISSING(未上市，首筆 2020-12-09);缺adj,,2017-02-10,,0,TWSE(FMTQIK),complete
tx01-2017-02-09-call,call,2017-02-09,2017-02-10,2017-02-13,17.0,2017-03-10,6770,,,MISSING(未上市，首筆 2020-12-09);缺adj,,2017-02-10,,0,TWSE(FMTQIK),complete
tx01-2017-02-09-call,call,2017-02-09,2017-02-10,2017-02-13,18.0,2017-03-13,6770,,,MISSING(未上市，首筆 2020-12-09);缺adj,,2017-02-10,,0,TWSE(FMTQIK),complete
tx01-2017-02-09-call,call,2017-02-09,2017-02-10,2017-02-13,19.0,2017-03-14,6770,,,MISSING(未上市，首筆 2020-12-09);缺adj,,2017-02-10,,0,TWSE(FMTQIK),complete
tx01-2017-02-09-call,call,2017-02-09,2017-02-10,2017-02-13,20.0,2017-03-15,6770,,,MISSING(未上市，首筆 2020-12-09);缺adj,,2017-02-10,,0,TWSE(FMTQIK),complete
tx01-2017-02-09-call,call,2017-02-09,2017-02-10,2017-02-13,0.0,2017-02-13,3711,,,MISSING(未上市，首筆 2018-04-30);缺adj,,2017-02-10,,0,TWSE(FMTQIK),complete
tx01-2017-02-09-call,call,2017-02-09,2017-02-10,2017-02-13,1.0,2017-02-14,3711,,,MISSING(未上市，首筆 2018-04-30);缺adj,,2017-02-10,,0,TWSE(FMTQIK),complete
tx01-2017-02-09-call,call,2017-02-09,2017-02-10,2017-02-13,2.0,2017-02-15,3711,,,MISSING(未上市，首筆 2018-04-30);缺adj,,2017-02-10,,0,TWSE(FMTQIK),complete
tx01-2017-02-09-call,call,2017-02-09,2017-02-10,2017-02-13,3.0,2017-02-16,3711,,,MISSING(未上市，首筆 2018-04-30);缺adj,,2017-02-10,,0,TWSE(FMTQIK),complete
tx01-2017-02-09-call,call,2017-02-09,2017-02-10,2017-02-13,4.0,2017-02-17,3711,,,MISSING(未上市，首筆 2018-04-30);缺adj,,2017-02-10,,0,TWSE(FMTQIK),complete
tx01-2017-02-09-call,call,2017-02-09,2017-02-10,2017-02-13,5.0,2017-02-20,3711,,,MISSING(未上市，首筆 2018-04-30);缺adj,,2017-02-10,,0,TWSE(FMTQIK),complete
tx01-2017-02-09-call,call,2017-02-09,2017-02-10,2017-02-13,6.0,2017-02-21,3711,,,MISSING(未上市，首筆 2018-04-30);缺adj,,2017-02-10,,0,TWSE(FMTQIK),complete
tx01-2017-02-09-call,call,2017-02-09,2017-02-10,2017-02-13,7.0,2017-02-22,3711,,,MISSING(未上市，首筆 2018-04-30);缺adj,,2017-02-10,,0,TWSE(FMTQIK),complete
tx01-2017-02-09-call,call,2017-02-09,2017-02-10,2017-02-13,8.0,2017-02-23,3711,,,MISSING(未上市，首筆 2018-04-30);缺adj,,2017-02-10,,0,TWSE(FMTQIK),complete
tx01-2017-02-09-call,call,2017-02-09,2017-02-10,2017-02-13,9.0,2017-02-24,3711,,,MISSING(未上市，首筆 2018-04-30);缺adj,,2017-02-10,,0,TWSE(FMTQIK),complete
tx01-2017-02-09-call,call,2017-02-09,2017-02-10,2017-02-13,10.0,2017-03-01,3711,,,MISSING(未上市，首筆 2018-04-30);缺adj,,2017-02-10,,0,TWSE(FMTQIK),complete
tx01-2017-02-09-call,call,2017-02-09,2017-02-10,2017-02-13,11.0,2017-03-02,3711,,,MISSING(未上市，首筆 2018-04-30);缺adj,,2017-02-10,,0,TWSE(FMTQIK),complete
tx01-2017-02-09-call,call,2017-02-09,2017-02-10,2017-02-13,12.0,2017-03-03,3711,,,MISSING(未上市，首筆 2018-04-30);缺adj,,2017-02-10,,0,TWSE(FMTQIK),complete
tx01-2017-02-09-call,call,2017-02-09,2017-02-10,2017-02-13,13.0,2017-03-06,3711,,,MISSING(未上市，首筆 2018-04-30);缺adj,,2017-02-10,,0,TWSE(FMTQIK),complete
tx01-2017-02-09-call,call,2017-02-09,2017-02-10,2017-02-13,14.0,2017-03-07,3711,,,MISSING(未上市，首筆 2018-04-30);缺adj,,2017-02-10,,0,TWSE(FMTQIK),complete
tx01-2017-02-09-call,call,2017-02-09,2017-02-10,2017-02-13,15.0,2017-03-08,3711,,,MISSING(未上市，首筆 2018-04-30);缺adj,,2017-02-10,,0,TWSE(FMTQIK),complete
tx01-2017-02-09-call,call,2017-02-09,2017-02-10,2017-02-13,16.0,2017-03-09,3711,,,MISSING(未上市，首筆 2018-04-30);缺adj,,2017-02-10,,0,TWSE(FMTQIK),complete
tx01-2017-02-09-call,call,2017-02-09,2017-02-10,2017-02-13,17.0,2017-03-10,3711,,,MISSING(未上市，首筆 2018-04-30);缺adj,,2017-02-10,,0,TWSE(FMTQIK),complete
tx01-2017-02-09-call,call,2017-02-09,2017-02-10,2017-02-13,18.0,2017-03-13,3711,,,MISSING(未上市，首筆 2018-04-30);缺adj,,2017-02-10,,0,TWSE(FMTQIK),complete
tx01-2017-02-09-call,call,2017-02-09,2017-02-10,2017-02-13,19.0,2017-03-14,3711,,,MISSING(未上市，首筆 2018-04-30);缺adj,,2017-02-10,,0,TWSE(FMTQIK),complete
tx01-2017-02-09-call,call,2017-02-09,2017-02-10,2017-02-13,20.0,2017-03-15,3711,,,MISSING(未上市，首筆 2018-04-30);缺adj,,2017-02-10,,0,TWSE(FMTQIK),complete
tx01-2017-02-09-call,call,2017-02-09,2017-02-10,2017-02-13,0.0,2017-02-13,EW_TW,,0.00915046577020056,n=9/11;缺adj,9.0,2017-02-10,,21,TWSE(FMTQIK),complete
tx01-2017-02-09-call,call,2017-02-09,2017-02-10,2017-02-13,1.0,2017-02-14,EW_TW,,0.008355465388376393,n=9/11;缺adj,9.0,2017-02-10,,21,TWSE(FMTQIK),complete
tx01-2017-02-09-call,call,2017-02-09,2017-02-10,2017-02-13,2.0,2017-02-15,EW_TW,,0.01562946039265674,n=9/11;缺adj,9.0,2017-02-10,,21,TWSE(FMTQIK),complete
tx01-2017-02-09-call,call,2017-02-09,2017-02-10,2017-02-13,3.0,2017-02-16,EW_TW,,0.011992044974620523,n=9/11;缺adj,9.0,2017-02-10,,21,TWSE(FMTQIK),complete
tx01-2017-02-09-call,call,2017-02-09,2017-02-10,2017-02-13,4.0,2017-02-17,EW_TW,,0.017699867439007103,n=9/11;缺adj,9.0,2017-02-10,,21,TWSE(FMTQIK),complete
tx01-2017-02-09-call,call,2017-02-09,2017-02-10,2017-02-13,5.0,2017-02-20,EW_TW,,0.007346993250403617,n=9/11;缺adj,9.0,2017-02-10,,21,TWSE(FMTQIK),complete
tx01-2017-02-09-call,call,2017-02-09,2017-02-10,2017-02-13,6.0,2017-02-21,EW_TW,,8.218326641816641e-05,n=9/11;缺adj,9.0,2017-02-10,,21,TWSE(FMTQIK),complete
tx01-2017-02-09-call,call,2017-02-09,2017-02-10,2017-02-13,7.0,2017-02-22,EW_TW,,0.003424884491650373,n=9/11;缺adj,9.0,2017-02-10,,21,TWSE(FMTQIK),complete
tx01-2017-02-09-call,call,2017-02-09,2017-02-10,2017-02-13,8.0,2017-02-23,EW_TW,,0.013506989632192113,n=9/11;缺adj,9.0,2017-02-10,,21,TWSE(FMTQIK),complete
tx01-2017-02-09-call,call,2017-02-09,2017-02-10,2017-02-13,9.0,2017-02-24,EW_TW,,0.014177856875234603,n=9/11;缺adj,9.0,2017-02-10,,21,TWSE(FMTQIK),complete
tx01-2017-02-09-call,call,2017-02-09,2017-02-10,2017-02-13,10.0,2017-03-01,EW_TW,,-0.003154824467184304,n=9/11;缺adj,9.0,2017-02-10,,21,TWSE(FMTQIK),complete
tx01-2017-02-09-call,call,2017-02-09,2017-02-10,2017-02-13,11.0,2017-03-02,EW_TW,,0.003056172702019238,n=9/11;缺adj,9.0,2017-02-10,,21,TWSE(FMTQIK),complete
tx01-2017-02-09-call,call,2017-02-09,2017-02-10,2017-02-13,12.0,2017-03-03,EW_TW,,0.0018484571374164371,n=9/11;缺adj,9.0,2017-02-10,,21,TWSE(FMTQIK),complete
tx01-2017-02-09-call,call,2017-02-09,2017-02-10,2017-02-13,13.0,2017-03-06,EW_TW,,0.007822798125834418,n=9/11;缺adj,9.0,2017-02-10,,21,TWSE(FMTQIK),complete
tx01-2017-02-09-call,call,2017-02-09,2017-02-10,2017-02-13,14.0,2017-03-07,EW_TW,,0.019784335717840735,n=9/11;缺adj,9.0,2017-02-10,,21,TWSE(FMTQIK),complete
tx01-2017-02-09-call,call,2017-02-09,2017-02-10,2017-02-13,15.0,2017-03-08,EW_TW,,0.03131467731292473,n=9/11;缺adj,9.0,2017-02-10,,21,TWSE(FMTQIK),complete
tx01-2017-02-09-call,call,2017-02-09,2017-02-10,2017-02-13,16.0,2017-03-09,EW_TW,,0.02897459158584485,n=9/11;缺adj,9.0,2017-02-10,,21,TWSE(FMTQIK),complete
tx01-2017-02-09-call,call,2017-02-09,2017-02-10,2017-02-13,17.0,2017-03-10,EW_TW,,0.024499603183013117,n=9/11;缺adj,9.0,2017-02-10,,21,TWSE(FMTQIK),complete
tx01-2017-02-09-call,call,2017-02-09,2017-02-10,2017-02-13,18.0,2017-03-13,EW_TW,,0.049919439265332016,n=9/11;缺adj,9.0,2017-02-10,,21,TWSE(FMTQIK),complete
tx01-2017-02-09-call,call,2017-02-09,2017-02-10,2017-02-13,19.0,2017-03-14,EW_TW,,0.050375831910039165,n=9/11;缺adj,9.0,2017-02-10,,21,TWSE(FMTQIK),complete
tx01-2017-02-09-call,call,2017-02-09,2017-02-10,2017-02-13,20.0,2017-03-15,EW_TW,,0.040112485856730884,n=9/11;缺adj,9.0,2017-02-10,,21,TWSE(FMTQIK),complete
tx01-2017-02-09-call,call,2017-02-09,2017-02-10,缺,,缺,NET,,,MISSING(未上市，首筆 2019-09-13),,缺,,0,US(own bars),complete
tx03-2017-04-11-call,call,2017-04-11,2017-04-12,2017-04-13,0.0,2017-04-13,TAIEX,9836.68,0.0019352840997057807,缺adj,,2017-04-12,9817.68,21,TWSE(FMTQIK),complete
tx03-2017-04-11-call,call,2017-04-11,2017-04-12,2017-04-13,1.0,2017-04-14,TAIEX,9732.93,-0.008632385655266805,缺adj,,2017-04-12,9817.68,21,TWSE(FMTQIK),complete
tx03-2017-04-11-call,call,2017-04-11,2017-04-12,2017-04-13,2.0,2017-04-17,TAIEX,9716.4,-0.010316082822011019,缺adj,,2017-04-12,9817.68,21,TWSE(FMTQIK),complete
tx03-2017-04-11-call,call,2017-04-11,2017-04-12,2017-04-13,3.0,2017-04-18,TAIEX,9746.56,-0.007244073956372721,缺adj,,2017-04-12,9817.68,21,TWSE(FMTQIK),complete
tx03-2017-04-11-call,call,2017-04-11,2017-04-12,2017-04-13,4.0,2017-04-19,TAIEX,9639.94,-0.01810407346745868,缺adj,,2017-04-12,9817.68,21,TWSE(FMTQIK),complete
tx03-2017-04-11-call,call,2017-04-11,2017-04-12,2017-04-13,5.0,2017-04-20,TAIEX,9632.69,-0.01884253713708328,缺adj,,2017-04-12,9817.68,21,TWSE(FMTQIK),complete
tx03-2017-04-11-call,call,2017-04-11,2017-04-12,2017-04-13,6.0,2017-04-21,TAIEX,9717.41,-0.010213207193552898,缺adj,,2017-04-12,9817.68,21,TWSE(FMTQIK),complete
tx03-2017-04-11-call,call,2017-04-11,2017-04-12,2017-04-13,7.0,2017-04-24,TAIEX,9717.95,-0.010158204382297975,缺adj,,2017-04-12,9817.68,21,TWSE(FMTQIK),complete
tx03-2017-04-11-call,call,2017-04-11,2017-04-12,2017-04-13,8.0,2017-04-25,TAIEX,9841.71,0.002447625100838291,缺adj,,2017-04-12,9817.68,21,TWSE(FMTQIK),complete
tx03-2017-04-11-call,call,2017-04-11,2017-04-12,2017-04-13,9.0,2017-04-26,TAIEX,9856.45,0.003948998133978643,缺adj,,2017-04-12,9817.68,21,TWSE(FMTQIK),complete
tx03-2017-04-11-call,call,2017-04-11,2017-04-12,2017-04-13,10.0,2017-04-27,TAIEX,9860.62,0.00437374206533514,缺adj,,2017-04-12,9817.68,21,TWSE(FMTQIK),complete
tx03-2017-04-11-call,call,2017-04-11,2017-04-12,2017-04-13,11.0,2017-04-28,TAIEX,9872.0,0.005532875384001157,缺adj,,2017-04-12,9817.68,21,TWSE(FMTQIK),complete
tx03-2017-04-11-call,call,2017-04-11,2017-04-12,2017-04-13,12.0,2017-05-02,TAIEX,9941.27,0.012588513783297062,缺adj,,2017-04-12,9817.68,21,TWSE(FMTQIK),complete
tx03-2017-04-11-call,call,2017-04-11,2017-04-12,2017-04-13,13.0,2017-05-03,TAIEX,9955.33,0.014020624017079264,缺adj,,2017-04-12,9817.68,21,TWSE(FMTQIK),complete
tx03-2017-04-11-call,call,2017-04-11,2017-04-12,2017-04-13,14.0,2017-05-04,TAIEX,9967.64,0.015274484399572907,缺adj,,2017-04-12,9817.68,21,TWSE(FMTQIK),complete
tx03-2017-04-11-call,call,2017-04-11,2017-04-12,2017-04-13,15.0,2017-05-05,TAIEX,9899.94,0.008378761581147476,缺adj,,2017-04-12,9817.68,21,TWSE(FMTQIK),complete
tx03-2017-04-11-call,call,2017-04-11,2017-04-12,2017-04-13,16.0,2017-05-08,TAIEX,9937.25,0.01217904841062234,缺adj,,2017-04-12,9817.68,21,TWSE(FMTQIK),complete
tx03-2017-04-11-call,call,2017-04-11,2017-04-12,2017-04-13,17.0,2017-05-09,TAIEX,9915.48,0.009961620260590998,缺adj,,2017-04-12,9817.68,21,TWSE(FMTQIK),complete
tx03-2017-04-11-call,call,2017-04-11,2017-04-12,2017-04-13,18.0,2017-05-10,TAIEX,9968.32,0.015343747198930835,缺adj,,2017-04-12,9817.68,21,TWSE(FMTQIK),complete
tx03-2017-04-11-call,call,2017-04-11,2017-04-12,2017-04-13,19.0,2017-05-11,TAIEX,10001.48,0.018721327238206964,缺adj,,2017-04-12,9817.68,21,TWSE(FMTQIK),complete
tx03-2017-04-11-call,call,2017-04-11,2017-04-12,2017-04-13,20.0,2017-05-12,TAIEX,9986.82,0.017228102769696996,缺adj,,2017-04-12,9817.68,21,TWSE(FMTQIK),complete
tx03-2017-04-11-call,call,2017-04-11,2017-04-12,2017-04-13,0.0,2017-04-13,3037,18.8,0.04444444444444451,缺adj,,2017-04-12,18.0,21,TWSE(FMTQIK),complete
tx03-2017-04-11-call,call,2017-04-11,2017-04-12,2017-04-13,1.0,2017-04-14,3037,17.8,-0.011111111111111072,缺adj,,2017-04-12,18.0,21,TWSE(FMTQIK),complete
tx03-2017-04-11-call,call,2017-04-11,2017-04-12,2017-04-13,2.0,2017-04-17,3037,17.25,-0.04166666666666663,缺adj,,2017-04-12,18.0,21,TWSE(FMTQIK),complete
tx03-2017-04-11-call,call,2017-04-11,2017-04-12,2017-04-13,3.0,2017-04-18,3037,17.9,-0.005555555555555647,缺adj,,2017-04-12,18.0,21,TWSE(FMTQIK),complete
tx03-2017-04-11-call,call,2017-04-11,2017-04-12,2017-04-13,4.0,2017-04-19,3037,17.7,-0.01666666666666672,缺adj,,2017-04-12,18.0,21,TWSE(FMTQIK),complete
tx03-2017-04-11-call,call,2017-04-11,2017-04-12,2017-04-13,5.0,2017-04-20,3037,17.3,-0.03888888888888886,缺adj,,2017-04-12,18.0,21,TWSE(FMTQIK),complete
tx03-2017-04-11-call,call,2017-04-11,2017-04-12,2017-04-13,6.0,2017-04-21,3037,18.0,0.0,缺adj,,2017-04-12,18.0,21,TWSE(FMTQIK),complete
tx03-2017-04-11-call,call,2017-04-11,2017-04-12,2017-04-13,7.0,2017-04-24,3037,17.55,-0.02499999999999991,缺adj,,2017-04-12,18.0,21,TWSE(FMTQIK),complete
tx03-2017-04-11-call,call,2017-04-11,2017-04-12,2017-04-13,8.0,2017-04-25,3037,17.7,-0.01666666666666672,缺adj,,2017-04-12,18.0,21,TWSE(FMTQIK),complete
tx03-2017-04-11-call,call,2017-04-11,2017-04-12,2017-04-13,9.0,2017-04-26,3037,17.9,-0.005555555555555647,缺adj,,2017-04-12,18.0,21,TWSE(FMTQIK),complete
tx03-2017-04-11-call,call,2017-04-11,2017-04-12,2017-04-13,10.0,2017-04-27,3037,17.85,-0.008333333333333304,缺adj,,2017-04-12,18.0,21,TWSE(FMTQIK),complete
tx03-2017-04-11-call,call,2017-04-11,2017-04-12,2017-04-13,11.0,2017-04-28,3037,18.6,0.03333333333333344,缺adj,,2017-04-12,18.0,21,TWSE(FMTQIK),complete
tx03-2017-04-11-call,call,2017-04-11,2017-04-12,2017-04-13,12.0,2017-05-02,3037,18.45,0.02499999999999991,缺adj,,2017-04-12,18.0,21,TWSE(FMTQIK),complete
tx03-2017-04-11-call,call,2017-04-11,2017-04-12,2017-04-13,13.0,2017-05-03,3037,17.9,-0.005555555555555647,缺adj,,2017-04-12,18.0,21,TWSE(FMTQIK),complete
tx03-2017-04-11-call,call,2017-04-11,2017-04-12,2017-04-13,14.0,2017-05-04,3037,18.3,0.016666666666666607,缺adj,,2017-04-12,18.0,21,TWSE(FMTQIK),complete
tx03-2017-04-11-call,call,2017-04-11,2017-04-12,2017-04-13,15.0,2017-05-05,3037,17.85,-0.008333333333333304,缺adj,,2017-04-12,18.0,21,TWSE(FMTQIK),complete
tx03-2017-04-11-call,call,2017-04-11,2017-04-12,2017-04-13,16.0,2017-05-08,3037,17.45,-0.030555555555555558,缺adj,,2017-04-12,18.0,21,TWSE(FMTQIK),complete
tx03-2017-04-11-call,call,2017-04-11,2017-04-12,2017-04-13,17.0,2017-05-09,3037,17.6,-0.022222222222222143,缺adj,,2017-04-12,18.0,21,TWSE(FMTQIK),complete
tx03-2017-04-11-call,call,2017-04-11,2017-04-12,2017-04-13,18.0,2017-05-10,3037,18.2,0.011111111111111072,缺adj,,2017-04-12,18.0,21,TWSE(FMTQIK),complete
tx03-2017-04-11-call,call,2017-04-11,2017-04-12,2017-04-13,19.0,2017-05-11,3037,17.7,-0.01666666666666672,缺adj,,2017-04-12,18.0,21,TWSE(FMTQIK),complete
tx03-2017-04-11-call,call,2017-04-11,2017-04-12,2017-04-13,20.0,2017-05-12,3037,17.4,-0.03333333333333344,缺adj,,2017-04-12,18.0,21,TWSE(FMTQIK),complete
tx03-2017-04-11-call,call,2017-04-11,2017-04-12,2017-04-13,0.0,2017-04-13,8046,29.15,0.09999999999999987,缺adj,,2017-04-12,26.5,21,TWSE(FMTQIK),complete
tx03-2017-04-11-call,call,2017-04-11,2017-04-12,2017-04-13,1.0,2017-04-14,8046,26.9,0.015094339622641506,缺adj,,2017-04-12,26.5,21,TWSE(FMTQIK),complete
tx03-2017-04-11-call,call,2017-04-11,2017-04-12,2017-04-13,2.0,2017-04-17,8046,26.95,0.016981132075471583,缺adj,,2017-04-12,26.5,21,TWSE(FMTQIK),complete
tx03-2017-04-11-call,call,2017-04-11,2017-04-12,2017-04-13,3.0,2017-04-18,8046,26.95,0.016981132075471583,缺adj,,2017-04-12,26.5,21,TWSE(FMTQIK),complete
tx03-2017-04-11-call,call,2017-04-11,2017-04-12,2017-04-13,4.0,2017-04-19,8046,26.5,0.0,缺adj,,2017-04-12,26.5,21,TWSE(FMTQIK),complete
tx03-2017-04-11-call,call,2017-04-11,2017-04-12,2017-04-13,5.0,2017-04-20,8046,25.8,-0.026415094339622636,缺adj,,2017-04-12,26.5,21,TWSE(FMTQIK),complete
tx03-2017-04-11-call,call,2017-04-11,2017-04-12,2017-04-13,6.0,2017-04-21,8046,25.85,-0.024528301886792447,缺adj,,2017-04-12,26.5,21,TWSE(FMTQIK),complete
tx03-2017-04-11-call,call,2017-04-11,2017-04-12,2017-04-13,7.0,2017-04-24,8046,25.9,-0.02264150943396237,缺adj,,2017-04-12,26.5,21,TWSE(FMTQIK),complete
tx03-2017-04-11-call,call,2017-04-11,2017-04-12,2017-04-13,8.0,2017-04-25,8046,26.05,-0.016981132075471694,缺adj,,2017-04-12,26.5,21,TWSE(FMTQIK),complete
tx03-2017-04-11-call,call,2017-04-11,2017-04-12,2017-04-13,9.0,2017-04-26,8046,26.25,-0.009433962264150941,缺adj,,2017-04-12,26.5,21,TWSE(FMTQIK),complete
tx03-2017-04-11-call,call,2017-04-11,2017-04-12,2017-04-13,10.0,2017-04-27,8046,26.1,-0.015094339622641506,缺adj,,2017-04-12,26.5,21,TWSE(FMTQIK),complete
tx03-2017-04-11-call,call,2017-04-11,2017-04-12,2017-04-13,11.0,2017-04-28,8046,26.45,-0.0018867924528301883,缺adj,,2017-04-12,26.5,21,TWSE(FMTQIK),complete
tx03-2017-04-11-call,call,2017-04-11,2017-04-12,2017-04-13,12.0,2017-05-02,8046,26.35,-0.005660377358490565,缺adj,,2017-04-12,26.5,21,TWSE(FMTQIK),complete
tx03-2017-04-11-call,call,2017-04-11,2017-04-12,2017-04-13,13.0,2017-05-03,8046,26.5,0.0,缺adj,,2017-04-12,26.5,21,TWSE(FMTQIK),complete
tx03-2017-04-11-call,call,2017-04-11,2017-04-12,2017-04-13,14.0,2017-05-04,8046,26.65,0.005660377358490454,缺adj,,2017-04-12,26.5,21,TWSE(FMTQIK),complete
tx03-2017-04-11-call,call,2017-04-11,2017-04-12,2017-04-13,15.0,2017-05-05,8046,26.3,-0.007547169811320753,缺adj,,2017-04-12,26.5,21,TWSE(FMTQIK),complete
tx03-2017-04-11-call,call,2017-04-11,2017-04-12,2017-04-13,16.0,2017-05-08,8046,26.1,-0.015094339622641506,缺adj,,2017-04-12,26.5,21,TWSE(FMTQIK),complete
tx03-2017-04-11-call,call,2017-04-11,2017-04-12,2017-04-13,17.0,2017-05-09,8046,25.7,-0.030188679245283012,缺adj,,2017-04-12,26.5,21,TWSE(FMTQIK),complete
tx03-2017-04-11-call,call,2017-04-11,2017-04-12,2017-04-13,18.0,2017-05-10,8046,26.0,-0.018867924528301883,缺adj,,2017-04-12,26.5,21,TWSE(FMTQIK),complete
tx03-2017-04-11-call,call,2017-04-11,2017-04-12,2017-04-13,19.0,2017-05-11,8046,25.55,-0.03584905660377358,缺adj,,2017-04-12,26.5,21,TWSE(FMTQIK),complete
tx03-2017-04-11-call,call,2017-04-11,2017-04-12,2017-04-13,20.0,2017-05-12,8046,25.5,-0.037735849056603765,缺adj,,2017-04-12,26.5,21,TWSE(FMTQIK),complete
tx03-2017-04-11-call,call,2017-04-11,2017-04-12,2017-04-13,0.0,2017-04-13,3189,76.1,0.013315579227696439,缺adj,,2017-04-12,75.1,21,TWSE(FMTQIK),complete
tx03-2017-04-11-call,call,2017-04-11,2017-04-12,2017-04-13,1.0,2017-04-14,3189,76.0,0.011984021304926928,缺adj,,2017-04-12,75.1,21,TWSE(FMTQIK),complete
tx03-2017-04-11-call,call,2017-04-11,2017-04-12,2017-04-13,2.0,2017-04-17,3189,73.9,-0.01597869507323557,缺adj,,2017-04-12,75.1,21,TWSE(FMTQIK),complete
tx03-2017-04-11-call,call,2017-04-11,2017-04-12,2017-04-13,3.0,2017-04-18,3189,76.4,0.017310252996005415,缺adj,,2017-04-12,75.1,21,TWSE(FMTQIK),complete
tx03-2017-04-11-call,call,2017-04-11,2017-04-12,2017-04-13,4.0,2017-04-19,3189,74.9,-0.0026631158455391324,缺adj,,2017-04-12,75.1,21,TWSE(FMTQIK),complete
tx03-2017-04-11-call,call,2017-04-11,2017-04-12,2017-04-13,5.0,2017-04-20,3189,73.0,-0.02796271637816239,缺adj,,2017-04-12,75.1,21,TWSE(FMTQIK),complete
tx03-2017-04-11-call,call,2017-04-11,2017-04-12,2017-04-13,6.0,2017-04-21,3189,73.8,-0.017310252996005304,缺adj,,2017-04-12,75.1,21,TWSE(FMTQIK),complete
tx03-2017-04-11-call,call,2017-04-11,2017-04-12,2017-04-13,7.0,2017-04-24,3189,74.7,-0.005326231691078487,缺adj,,2017-04-12,75.1,21,TWSE(FMTQIK),complete
tx03-2017-04-11-call,call,2017-04-11,2017-04-12,2017-04-13,8.0,2017-04-25,3189,77.9,0.037283621837550074,缺adj,,2017-04-12,75.1,21,TWSE(FMTQIK),complete
tx03-2017-04-11-call,call,2017-04-11,2017-04-12,2017-04-13,9.0,2017-04-26,3189,77.5,0.031957390146471365,缺adj,,2017-04-12,75.1,21,TWSE(FMTQIK),complete
tx03-2017-04-11-call,call,2017-04-11,2017-04-12,2017-04-13,10.0,2017-04-27,3189,77.2,0.02796271637816261,缺adj,,2017-04-12,75.1,21,TWSE(FMTQIK),complete
tx03-2017-04-11-call,call,2017-04-11,2017-04-12,2017-04-13,11.0,2017-04-28,3189,78.5,0.045272969374167804,缺adj,,2017-04-12,75.1,21,TWSE(FMTQIK),complete
tx03-2017-04-11-call,call,2017-04-11,2017-04-12,2017-04-13,12.0,2017-05-02,3189,76.3,0.015978695073235683,缺adj,,2017-04-12,75.1,21,TWSE(FMTQIK),complete
tx03-2017-04-11-call,call,2017-04-11,2017-04-12,2017-04-13,13.0,2017-05-03,3189,75.1,0.0,缺adj,,2017-04-12,75.1,21,TWSE(FMTQIK),complete
tx03-2017-04-11-call,call,2017-04-11,2017-04-12,2017-04-13,14.0,2017-05-04,3189,76.0,0.011984021304926928,缺adj,,2017-04-12,75.1,21,TWSE(FMTQIK),complete
tx03-2017-04-11-call,call,2017-04-11,2017-04-12,2017-04-13,15.0,2017-05-05,3189,77.7,0.03462050599201083,缺adj,,2017-04-12,75.1,21,TWSE(FMTQIK),complete
tx03-2017-04-11-call,call,2017-04-11,2017-04-12,2017-04-13,16.0,2017-05-08,3189,79.5,0.05858854860186424,缺adj,,2017-04-12,75.1,21,TWSE(FMTQIK),complete
tx03-2017-04-11-call,call,2017-04-11,2017-04-12,2017-04-13,17.0,2017-05-09,3189,78.8,0.04926764314247678,缺adj,,2017-04-12,75.1,21,TWSE(FMTQIK),complete
tx03-2017-04-11-call,call,2017-04-11,2017-04-12,2017-04-13,18.0,2017-05-10,3189,81.2,0.08122503328894815,缺adj,,2017-04-12,75.1,21,TWSE(FMTQIK),complete
tx03-2017-04-11-call,call,2017-04-11,2017-04-12,2017-04-13,19.0,2017-05-11,3189,81.1,0.07989347536617841,缺adj,,2017-04-12,75.1,21,TWSE(FMTQIK),complete
tx03-2017-04-11-call,call,2017-04-11,2017-04-12,2017-04-13,20.0,2017-05-12,3189,80.5,0.07190412782956068,缺adj,,2017-04-12,75.1,21,TWSE(FMTQIK),complete
tx03-2017-04-11-call,call,2017-04-11,2017-04-12,2017-04-13,0.0,2017-04-13,2368,11.5,0.045454545454545414,缺adj,,2017-04-12,11.0,21,TWSE(FMTQIK),complete
tx03-2017-04-11-call,call,2017-04-11,2017-04-12,2017-04-13,1.0,2017-04-14,2368,11.1,0.009090909090909038,缺adj,,2017-04-12,11.0,21,TWSE(FMTQIK),complete
tx03-2017-04-11-call,call,2017-04-11,2017-04-12,2017-04-13,2.0,2017-04-17,2368,11.15,0.013636363636363669,缺adj,,2017-04-12,11.0,21,TWSE(FMTQIK),complete
tx03-2017-04-11-call,call,2017-04-11,2017-04-12,2017-04-13,3.0,2017-04-18,2368,11.2,0.018181818181818077,缺adj,,2017-04-12,11.0,21,TWSE(FMTQIK),complete
tx03-2017-04-11-call,call,2017-04-11,2017-04-12,2017-04-13,4.0,2017-04-19,2368,11.0,0.0,缺adj,,2017-04-12,11.0,21,TWSE(FMTQIK),complete
tx03-2017-04-11-call,call,2017-04-11,2017-04-12,2017-04-13,5.0,2017-04-20,2368,10.8,-0.018181818181818077,缺adj,,2017-04-12,11.0,21,TWSE(FMTQIK),complete
tx03-2017-04-11-call,call,2017-04-11,2017-04-12,2017-04-13,6.0,2017-04-21,2368,10.9,-0.009090909090909038,缺adj,,2017-04-12,11.0,21,TWSE(FMTQIK),complete
tx03-2017-04-11-call,call,2017-04-11,2017-04-12,2017-04-13,7.0,2017-04-24,2368,10.85,-0.013636363636363669,缺adj,,2017-04-12,11.0,21,TWSE(FMTQIK),complete
tx03-2017-04-11-call,call,2017-04-11,2017-04-12,2017-04-13,8.0,2017-04-25,2368,10.9,-0.009090909090909038,缺adj,,2017-04-12,11.0,21,TWSE(FMTQIK),complete
tx03-2017-04-11-call,call,2017-04-11,2017-04-12,2017-04-13,9.0,2017-04-26,2368,11.0,0.0,缺adj,,2017-04-12,11.0,21,TWSE(FMTQIK),complete
tx03-2017-04-11-call,call,2017-04-11,2017-04-12,2017-04-13,10.0,2017-04-27,2368,10.95,-0.00454545454545463,缺adj,,2017-04-12,11.0,21,TWSE(FMTQIK),complete
tx03-2017-04-11-call,call,2017-04-11,2017-04-12,2017-04-13,11.0,2017-04-28,2368,11.1,0.009090909090909038,缺adj,,2017-04-12,11.0,21,TWSE(FMTQIK),complete
tx03-2017-04-11-call,call,2017-04-11,2017-04-12,2017-04-13,12.0,2017-05-02,2368,10.95,-0.00454545454545463,缺adj,,2017-04-12,11.0,21,TWSE(FMTQIK),complete
tx03-2017-04-11-call,call,2017-04-11,2017-04-12,2017-04-13,13.0,2017-05-03,2368,10.9,-0.009090909090909038,缺adj,,2017-04-12,11.0,21,TWSE(FMTQIK),complete
tx03-2017-04-11-call,call,2017-04-11,2017-04-12,2017-04-13,14.0,2017-05-04,2368,10.9,-0.009090909090909038,缺adj,,2017-04-12,11.0,21,TWSE(FMTQIK),complete
tx03-2017-04-11-call,call,2017-04-11,2017-04-12,2017-04-13,15.0,2017-05-05,2368,11.05,0.00454545454545463,缺adj,,2017-04-12,11.0,21,TWSE(FMTQIK),complete
tx03-2017-04-11-call,call,2017-04-11,2017-04-12,2017-04-13,16.0,2017-05-08,2368,11.75,0.06818181818181812,缺adj,,2017-04-12,11.0,21,TWSE(FMTQIK),complete
tx03-2017-04-11-call,call,2017-04-11,2017-04-12,2017-04-13,17.0,2017-05-09,2368,11.15,0.013636363636363669,缺adj,,2017-04-12,11.0,21,TWSE(FMTQIK),complete
tx03-2017-04-11-call,call,2017-04-11,2017-04-12,2017-04-13,18.0,2017-05-10,2368,11.3,0.027272727272727337,缺adj,,2017-04-12,11.0,21,TWSE(FMTQIK),complete
tx03-2017-04-11-call,call,2017-04-11,2017-04-12,2017-04-13,19.0,2017-05-11,2368,11.15,0.013636363636363669,缺adj,,2017-04-12,11.0,21,TWSE(FMTQIK),complete
tx03-2017-04-11-call,call,2017-04-11,2017-04-12,2017-04-13,20.0,2017-05-12,2368,11.05,0.00454545454545463,缺adj,,2017-04-12,11.0,21,TWSE(FMTQIK),complete
tx03-2017-04-11-call,call,2017-04-11,2017-04-12,2017-04-13,0.0,2017-04-13,2383,117.5,0.004273504273504258,缺adj,,2017-04-12,117.0,21,TWSE(FMTQIK),complete
tx03-2017-04-11-call,call,2017-04-11,2017-04-12,2017-04-13,1.0,2017-04-14,2383,114.0,-0.02564102564102566,缺adj,,2017-04-12,117.0,21,TWSE(FMTQIK),complete
tx03-2017-04-11-call,call,2017-04-11,2017-04-12,2017-04-13,2.0,2017-04-17,2383,118.0,0.008547008547008517,缺adj,,2017-04-12,117.0,21,TWSE(FMTQIK),complete
tx03-2017-04-11-call,call,2017-04-11,2017-04-12,2017-04-13,3.0,2017-04-18,2383,118.0,0.008547008547008517,缺adj,,2017-04-12,117.0,21,TWSE(FMTQIK),complete
tx03-2017-04-11-call,call,2017-04-11,2017-04-12,2017-04-13,4.0,2017-04-19,2383,115.5,-0.012820512820512775,缺adj,,2017-04-12,117.0,21,TWSE(FMTQIK),complete
tx03-2017-04-11-call,call,2017-04-11,2017-04-12,2017-04-13,5.0,2017-04-20,2383,116.0,-0.008547008547008517,缺adj,,2017-04-12,117.0,21,TWSE(FMTQIK),complete
tx03-2017-04-11-call,call,2017-04-11,2017-04-12,2017-04-13,6.0,2017-04-21,2383,122.0,0.042735042735042805,缺adj,,2017-04-12,117.0,21,TWSE(FMTQIK),complete
tx03-2017-04-11-call,call,2017-04-11,2017-04-12,2017-04-13,7.0,2017-04-24,2383,116.0,-0.008547008547008517,缺adj,,2017-04-12,117.0,21,TWSE(FMTQIK),complete
tx03-2017-04-11-call,call,2017-04-11,2017-04-12,2017-04-13,8.0,2017-04-25,2383,116.0,-0.008547008547008517,缺adj,,2017-04-12,117.0,21,TWSE(FMTQIK),complete
tx03-2017-04-11-call,call,2017-04-11,2017-04-12,2017-04-13,9.0,2017-04-26,2383,113.0,-0.03418803418803418,缺adj,,2017-04-12,117.0,21,TWSE(FMTQIK),complete
tx03-2017-04-11-call,call,2017-04-11,2017-04-12,2017-04-13,10.0,2017-04-27,2383,111.5,-0.047008547008547064,缺adj,,2017-04-12,117.0,21,TWSE(FMTQIK),complete
tx03-2017-04-11-call,call,2017-04-11,2017-04-12,2017-04-13,11.0,2017-04-28,2383,120.5,0.029914529914529808,缺adj,,2017-04-12,117.0,21,TWSE(FMTQIK),complete
tx03-2017-04-11-call,call,2017-04-11,2017-04-12,2017-04-13,12.0,2017-05-02,2383,117.5,0.004273504273504258,缺adj,,2017-04-12,117.0,21,TWSE(FMTQIK),complete
tx03-2017-04-11-call,call,2017-04-11,2017-04-12,2017-04-13,13.0,2017-05-03,2383,119.0,0.017094017094017033,缺adj,,2017-04-12,117.0,21,TWSE(FMTQIK),complete
tx03-2017-04-11-call,call,2017-04-11,2017-04-12,2017-04-13,14.0,2017-05-04,2383,121.0,0.03418803418803429,缺adj,,2017-04-12,117.0,21,TWSE(FMTQIK),complete
tx03-2017-04-11-call,call,2017-04-11,2017-04-12,2017-04-13,15.0,2017-05-05,2383,121.0,0.03418803418803429,缺adj,,2017-04-12,117.0,21,TWSE(FMTQIK),complete
tx03-2017-04-11-call,call,2017-04-11,2017-04-12,2017-04-13,16.0,2017-05-08,2383,124.5,0.0641025641025641,缺adj,,2017-04-12,117.0,21,TWSE(FMTQIK),complete
tx03-2017-04-11-call,call,2017-04-11,2017-04-12,2017-04-13,17.0,2017-05-09,2383,124.0,0.05982905982905984,缺adj,,2017-04-12,117.0,21,TWSE(FMTQIK),complete
tx03-2017-04-11-call,call,2017-04-11,2017-04-12,2017-04-13,18.0,2017-05-10,2383,122.5,0.047008547008547064,缺adj,,2017-04-12,117.0,21,TWSE(FMTQIK),complete
tx03-2017-04-11-call,call,2017-04-11,2017-04-12,2017-04-13,19.0,2017-05-11,2383,123.0,0.05128205128205132,缺adj,,2017-04-12,117.0,21,TWSE(FMTQIK),complete
tx03-2017-04-11-call,call,2017-04-11,2017-04-12,2017-04-13,20.0,2017-05-12,2383,121.5,0.03846153846153855,缺adj,,2017-04-12,117.0,21,TWSE(FMTQIK),complete
tx03-2017-04-11-call,call,2017-04-11,2017-04-12,2017-04-13,0.0,2017-04-13,6213,45.1,-0.0066079295154184425,缺adj,,2017-04-12,45.4,21,TWSE(FMTQIK),complete
tx03-2017-04-11-call,call,2017-04-11,2017-04-12,2017-04-13,1.0,2017-04-14,6213,44.0,-0.03083700440528636,缺adj,,2017-04-12,45.4,21,TWSE(FMTQIK),complete
tx03-2017-04-11-call,call,2017-04-11,2017-04-12,2017-04-13,2.0,2017-04-17,6213,44.05,-0.029735682819383324,缺adj,,2017-04-12,45.4,21,TWSE(FMTQIK),complete
tx03-2017-04-11-call,call,2017-04-11,2017-04-12,2017-04-13,3.0,2017-04-18,6213,43.35,-0.045154185022026394,缺adj,,2017-04-12,45.4,21,TWSE(FMTQIK),complete
tx03-2017-04-11-call,call,2017-04-11,2017-04-12,2017-04-13,4.0,2017-04-19,6213,42.8,-0.05726872246696035,缺adj,,2017-04-12,45.4,21,TWSE(FMTQIK),complete
tx03-2017-04-11-call,call,2017-04-11,2017-04-12,2017-04-13,5.0,2017-04-20,6213,42.9,-0.05506607929515417,缺adj,,2017-04-12,45.4,21,TWSE(FMTQIK),complete
tx03-2017-04-11-call,call,2017-04-11,2017-04-12,2017-04-13,6.0,2017-04-21,6213,43.35,-0.045154185022026394,缺adj,,2017-04-12,45.4,21,TWSE(FMTQIK),complete
tx03-2017-04-11-call,call,2017-04-11,2017-04-12,2017-04-13,7.0,2017-04-24,6213,44.25,-0.025330396475770844,缺adj,,2017-04-12,45.4,21,TWSE(FMTQIK),complete
tx03-2017-04-11-call,call,2017-04-11,2017-04-12,2017-04-13,8.0,2017-04-25,6213,44.5,-0.01982378854625544,缺adj,,2017-04-12,45.4,21,TWSE(FMTQIK),complete
tx03-2017-04-11-call,call,2017-04-11,2017-04-12,2017-04-13,9.0,2017-04-26,6213,44.9,-0.011013215859030812,缺adj,,2017-04-12,45.4,21,TWSE(FMTQIK),complete
tx03-2017-04-11-call,call,2017-04-11,2017-04-12,2017-04-13,10.0,2017-04-27,6213,44.55,-0.018722466960352402,缺adj,,2017-04-12,45.4,21,TWSE(FMTQIK),complete
tx03-2017-04-11-call,call,2017-04-11,2017-04-12,2017-04-13,11.0,2017-04-28,6213,45.25,-0.0033039647577092213,缺adj,,2017-04-12,45.4,21,TWSE(FMTQIK),complete
tx03-2017-04-11-call,call,2017-04-11,2017-04-12,2017-04-13,12.0,2017-05-02,6213,45.35,-0.0011013215859030367,缺adj,,2017-04-12,45.4,21,TWSE(FMTQIK),complete
tx03-2017-04-11-call,call,2017-04-11,2017-04-12,2017-04-13,13.0,2017-05-03,6213,47.65,0.049559471365638874,缺adj,,2017-04-12,45.4,21,TWSE(FMTQIK),complete
tx03-2017-04-11-call,call,2017-04-11,2017-04-12,2017-04-13,14.0,2017-05-04,6213,46.45,0.023127753303964882,缺adj,,2017-04-12,45.4,21,TWSE(FMTQIK),complete
tx03-2017-04-11-call,call,2017-04-11,2017-04-12,2017-04-13,15.0,2017-05-05,6213,45.65,0.005506607929515406,缺adj,,2017-04-12,45.4,21,TWSE(FMTQIK),complete
tx03-2017-04-11-call,call,2017-04-11,2017-04-12,2017-04-13,16.0,2017-05-08,6213,45.65,0.005506607929515406,缺adj,,2017-04-12,45.4,21,TWSE(FMTQIK),complete
tx03-2017-04-11-call,call,2017-04-11,2017-04-12,2017-04-13,17.0,2017-05-09,6213,43.8,-0.03524229074889873,缺adj,,2017-04-12,45.4,21,TWSE(FMTQIK),complete
tx03-2017-04-11-call,call,2017-04-11,2017-04-12,2017-04-13,18.0,2017-05-10,6213,44.55,-0.018722466960352402,缺adj,,2017-04-12,45.4,21,TWSE(FMTQIK),complete
tx03-2017-04-11-call,call,2017-04-11,2017-04-12,2017-04-13,19.0,2017-05-11,6213,44.55,-0.018722466960352402,缺adj,,2017-04-12,45.4,21,TWSE(FMTQIK),complete
tx03-2017-04-11-call,call,2017-04-11,2017-04-12,2017-04-13,20.0,2017-05-12,6213,44.5,-0.01982378854625544,缺adj,,2017-04-12,45.4,21,TWSE(FMTQIK),complete
tx03-2017-04-11-call,call,2017-04-11,2017-04-12,2017-04-13,0.0,2017-04-13,6274,53.5,-0.011090573012939031,缺adj,,2017-04-12,54.1,21,TWSE(FMTQIK),complete
tx03-2017-04-11-call,call,2017-04-11,2017-04-12,2017-04-13,1.0,2017-04-14,6274,52.4,-0.03142329020332724,缺adj,,2017-04-12,54.1,21,TWSE(FMTQIK),complete
tx03-2017-04-11-call,call,2017-04-11,2017-04-12,2017-04-13,2.0,2017-04-17,6274,53.9,-0.003696857670979714,缺adj,,2017-04-12,54.1,21,TWSE(FMTQIK),complete
tx03-2017-04-11-call,call,2017-04-11,2017-04-12,2017-04-13,3.0,2017-04-18,6274,52.7,-0.025878003696857665,缺adj,,2017-04-12,54.1,21,TWSE(FMTQIK),complete
tx03-2017-04-11-call,call,2017-04-11,2017-04-12,2017-04-13,4.0,2017-04-19,6274,49.2,-0.09057301293900177,缺adj,,2017-04-12,54.1,21,TWSE(FMTQIK),complete
tx03-2017-04-11-call,call,2017-04-11,2017-04-12,2017-04-13,5.0,2017-04-20,6274,49.45,-0.08595194085027724,缺adj,,2017-04-12,54.1,21,TWSE(FMTQIK),complete
tx03-2017-04-11-call,call,2017-04-11,2017-04-12,2017-04-13,6.0,2017-04-21,6274,50.0,-0.07578558225508325,缺adj,,2017-04-12,54.1,21,TWSE(FMTQIK),complete
tx03-2017-04-11-call,call,2017-04-11,2017-04-12,2017-04-13,7.0,2017-04-24,6274,50.4,-0.06839186691312393,缺adj,,2017-04-12,54.1,21,TWSE(FMTQIK),complete
tx03-2017-04-11-call,call,2017-04-11,2017-04-12,2017-04-13,8.0,2017-04-25,6274,53.7,-0.007393715341959317,缺adj,,2017-04-12,54.1,21,TWSE(FMTQIK),complete
tx03-2017-04-11-call,call,2017-04-11,2017-04-12,2017-04-13,9.0,2017-04-26,6274,53.3,-0.014787430683918745,缺adj,,2017-04-12,54.1,21,TWSE(FMTQIK),complete
tx03-2017-04-11-call,call,2017-04-11,2017-04-12,2017-04-13,10.0,2017-04-27,6274,53.5,-0.011090573012939031,缺adj,,2017-04-12,54.1,21,TWSE(FMTQIK),complete
tx03-2017-04-11-call,call,2017-04-11,2017-04-12,2017-04-13,11.0,2017-04-28,6274,54.2,0.001848428835489857,缺adj,,2017-04-12,54.1,21,TWSE(FMTQIK),complete
tx03-2017-04-11-call,call,2017-04-11,2017-04-12,2017-04-13,12.0,2017-05-02,6274,54.2,0.001848428835489857,缺adj,,2017-04-12,54.1,21,TWSE(FMTQIK),complete
tx03-2017-04-11-call,call,2017-04-11,2017-04-12,2017-04-13,13.0,2017-05-03,6274,55.8,0.031423290203327126,缺adj,,2017-04-12,54.1,21,TWSE(FMTQIK),complete
tx03-2017-04-11-call,call,2017-04-11,2017-04-12,2017-04-13,14.0,2017-05-04,6274,53.5,-0.011090573012939031,缺adj,,2017-04-12,54.1,21,TWSE(FMTQIK),complete
tx03-2017-04-11-call,call,2017-04-11,2017-04-12,2017-04-13,15.0,2017-05-05,6274,51.4,-0.049907578558225585,缺adj,,2017-04-12,54.1,21,TWSE(FMTQIK),complete
tx03-2017-04-11-call,call,2017-04-11,2017-04-12,2017-04-13,16.0,2017-05-08,6274,51.3,-0.05175600739371544,缺adj,,2017-04-12,54.1,21,TWSE(FMTQIK),complete
tx03-2017-04-11-call,call,2017-04-11,2017-04-12,2017-04-13,17.0,2017-05-09,6274,49.7,-0.0813308687615526,缺adj,,2017-04-12,54.1,21,TWSE(FMTQIK),complete
tx03-2017-04-11-call,call,2017-04-11,2017-04-12,2017-04-13,18.0,2017-05-10,6274,52.2,-0.03512014787430684,缺adj,,2017-04-12,54.1,21,TWSE(FMTQIK),complete
tx03-2017-04-11-call,call,2017-04-11,2017-04-12,2017-04-13,19.0,2017-05-11,6274,51.6,-0.04621072088724587,缺adj,,2017-04-12,54.1,21,TWSE(FMTQIK),complete
tx03-2017-04-11-call,call,2017-04-11,2017-04-12,2017-04-13,20.0,2017-05-12,6274,50.0,-0.07578558225508325,缺adj,,2017-04-12,54.1,21,TWSE(FMTQIK),complete
tx03-2017-04-11-call,call,2017-04-11,2017-04-12,2017-04-13,0.0,2017-04-13,2408,47.95,0.02786709539121124,缺adj,,2017-04-12,46.65,21,TWSE(FMTQIK),complete
tx03-2017-04-11-call,call,2017-04-11,2017-04-12,2017-04-13,1.0,2017-04-14,2408,47.55,0.019292604501607746,缺adj,,2017-04-12,46.65,21,TWSE(FMTQIK),complete
tx03-2017-04-11-call,call,2017-04-11,2017-04-12,2017-04-13,2.0,2017-04-17,2408,47.1,0.009646302250803984,缺adj,,2017-04-12,46.65,21,TWSE(FMTQIK),complete
tx03-2017-04-11-call,call,2017-04-11,2017-04-12,2017-04-13,3.0,2017-04-18,2408,47.55,0.019292604501607746,缺adj,,2017-04-12,46.65,21,TWSE(FMTQIK),complete
tx03-2017-04-11-call,call,2017-04-11,2017-04-12,2017-04-13,4.0,2017-04-19,2408,46.9,0.005359056806002238,缺adj,,2017-04-12,46.65,21,TWSE(FMTQIK),complete
tx03-2017-04-11-call,call,2017-04-11,2017-04-12,2017-04-13,5.0,2017-04-20,2408,46.3,-0.007502679528403,缺adj,,2017-04-12,46.65,21,TWSE(FMTQIK),complete
tx03-2017-04-11-call,call,2017-04-11,2017-04-12,2017-04-13,6.0,2017-04-21,2408,46.5,-0.003215434083601254,缺adj,,2017-04-12,46.65,21,TWSE(FMTQIK),complete
tx03-2017-04-11-call,call,2017-04-11,2017-04-12,2017-04-13,7.0,2017-04-24,2408,45.7,-0.020364415862808016,缺adj,,2017-04-12,46.65,21,TWSE(FMTQIK),complete
tx03-2017-04-11-call,call,2017-04-11,2017-04-12,2017-04-13,8.0,2017-04-25,2408,47.2,0.011789924973204746,缺adj,,2017-04-12,46.65,21,TWSE(FMTQIK),complete
tx03-2017-04-11-call,call,2017-04-11,2017-04-12,2017-04-13,9.0,2017-04-26,2408,48.15,0.03215434083601276,缺adj,,2017-04-12,46.65,21,TWSE(FMTQIK),complete
tx03-2017-04-11-call,call,2017-04-11,2017-04-12,2017-04-13,10.0,2017-04-27,2408,47.7,0.022508038585209,缺adj,,2017-04-12,46.65,21,TWSE(FMTQIK),complete
tx03-2017-04-11-call,call,2017-04-11,2017-04-12,2017-04-13,11.0,2017-04-28,2408,48.15,0.03215434083601276,缺adj,,2017-04-12,46.65,21,TWSE(FMTQIK),complete
tx03-2017-04-11-call,call,2017-04-11,2017-04-12,2017-04-13,12.0,2017-05-02,2408,49.35,0.05787781350482324,缺adj,,2017-04-12,46.65,21,TWSE(FMTQIK),complete
tx03-2017-04-11-call,call,2017-04-11,2017-04-12,2017-04-13,13.0,2017-05-03,2408,49.2,0.054662379421221985,缺adj,,2017-04-12,46.65,21,TWSE(FMTQIK),complete
tx03-2017-04-11-call,call,2017-04-11,2017-04-12,2017-04-13,14.0,2017-05-04,2408,49.8,0.067524115755627,缺adj,,2017-04-12,46.65,21,TWSE(FMTQIK),complete
tx03-2017-04-11-call,call,2017-04-11,2017-04-12,2017-04-13,15.0,2017-05-05,2408,49.7,0.06538049303322624,缺adj,,2017-04-12,46.65,21,TWSE(FMTQIK),complete
tx03-2017-04-11-call,call,2017-04-11,2017-04-12,2017-04-13,16.0,2017-05-08,2408,49.9,0.06966773847802776,缺adj,,2017-04-12,46.65,21,TWSE(FMTQIK),complete
tx03-2017-04-11-call,call,2017-04-11,2017-04-12,2017-04-13,17.0,2017-05-09,2408,50.4,0.08038585209003224,缺adj,,2017-04-12,46.65,21,TWSE(FMTQIK),complete
tx03-2017-04-11-call,call,2017-04-11,2017-04-12,2017-04-13,18.0,2017-05-10,2408,50.8,0.08896034297963551,缺adj,,2017-04-12,46.65,21,TWSE(FMTQIK),complete
tx03-2017-04-11-call,call,2017-04-11,2017-04-12,2017-04-13,19.0,2017-05-11,2408,50.2,0.0760986066452305,缺adj,,2017-04-12,46.65,21,TWSE(FMTQIK),complete
tx03-2017-04-11-call,call,2017-04-11,2017-04-12,2017-04-13,20.0,2017-05-12,2408,51.0,0.09324758842443726,缺adj,,2017-04-12,46.65,21,TWSE(FMTQIK),complete
tx03-2017-04-11-call,call,2017-04-11,2017-04-12,2017-04-13,0.0,2017-04-13,2344,17.15,0.01179941002949847,缺adj,,2017-04-12,16.95,21,TWSE(FMTQIK),complete
tx03-2017-04-11-call,call,2017-04-11,2017-04-12,2017-04-13,1.0,2017-04-14,2344,17.15,0.01179941002949847,缺adj,,2017-04-12,16.95,21,TWSE(FMTQIK),complete
tx03-2017-04-11-call,call,2017-04-11,2017-04-12,2017-04-13,2.0,2017-04-17,2344,16.65,-0.017699115044247815,缺adj,,2017-04-12,16.95,21,TWSE(FMTQIK),complete
tx03-2017-04-11-call,call,2017-04-11,2017-04-12,2017-04-13,3.0,2017-04-18,2344,17.15,0.01179941002949847,缺adj,,2017-04-12,16.95,21,TWSE(FMTQIK),complete
tx03-2017-04-11-call,call,2017-04-11,2017-04-12,2017-04-13,4.0,2017-04-19,2344,16.6,-0.020648967551622266,缺adj,,2017-04-12,16.95,21,TWSE(FMTQIK),complete
tx03-2017-04-11-call,call,2017-04-11,2017-04-12,2017-04-13,5.0,2017-04-20,2344,16.3,-0.03834808259587008,缺adj,,2017-04-12,16.95,21,TWSE(FMTQIK),complete
tx03-2017-04-11-call,call,2017-04-11,2017-04-12,2017-04-13,6.0,2017-04-21,2344,17.2,0.014749262536873253,缺adj,,2017-04-12,16.95,21,TWSE(FMTQIK),complete
tx03-2017-04-11-call,call,2017-04-11,2017-04-12,2017-04-13,7.0,2017-04-24,2344,16.65,-0.017699115044247815,缺adj,,2017-04-12,16.95,21,TWSE(FMTQIK),complete
tx03-2017-04-11-call,call,2017-04-11,2017-04-12,2017-04-13,8.0,2017-04-25,2344,16.8,-0.008849557522123797,缺adj,,2017-04-12,16.95,21,TWSE(FMTQIK),complete
tx03-2017-04-11-call,call,2017-04-11,2017-04-12,2017-04-13,9.0,2017-04-26,2344,17.4,0.026548672566371723,缺adj,,2017-04-12,16.95,21,TWSE(FMTQIK),complete
tx03-2017-04-11-call,call,2017-04-11,2017-04-12,2017-04-13,10.0,2017-04-27,2344,17.2,0.014749262536873253,缺adj,,2017-04-12,16.95,21,TWSE(FMTQIK),complete
tx03-2017-04-11-call,call,2017-04-11,2017-04-12,2017-04-13,11.0,2017-04-28,2344,17.05,0.005899705014749346,缺adj,,2017-04-12,16.95,21,TWSE(FMTQIK),complete
tx03-2017-04-11-call,call,2017-04-11,2017-04-12,2017-04-13,12.0,2017-05-02,2344,16.3,-0.03834808259587008,缺adj,,2017-04-12,16.95,21,TWSE(FMTQIK),complete
tx03-2017-04-11-call,call,2017-04-11,2017-04-12,2017-04-13,13.0,2017-05-03,2344,16.4,-0.03244837758112096,缺adj,,2017-04-12,16.95,21,TWSE(FMTQIK),complete
tx03-2017-04-11-call,call,2017-04-11,2017-04-12,2017-04-13,14.0,2017-05-04,2344,16.95,0.0,缺adj,,2017-04-12,16.95,21,TWSE(FMTQIK),complete
tx03-2017-04-11-call,call,2017-04-11,2017-04-12,2017-04-13,15.0,2017-05-05,2344,16.75,-0.01179941002949847,缺adj,,2017-04-12,16.95,21,TWSE(FMTQIK),complete
tx03-2017-04-11-call,call,2017-04-11,2017-04-12,2017-04-13,16.0,2017-05-08,2344,16.5,-0.02654867256637161,缺adj,,2017-04-12,16.95,21,TWSE(FMTQIK),complete
tx03-2017-04-11-call,call,2017-04-11,2017-04-12,2017-04-13,17.0,2017-05-09,2344,16.1,-0.05014749262536866,缺adj,,2017-04-12,16.95,21,TWSE(FMTQIK),complete
tx03-2017-04-11-call,call,2017-04-11,2017-04-12,2017-04-13,18.0,2017-05-10,2344,16.65,-0.017699115044247815,缺adj,,2017-04-12,16.95,21,TWSE(FMTQIK),complete
tx03-2017-04-11-call,call,2017-04-11,2017-04-12,2017-04-13,19.0,2017-05-11,2344,16.35,-0.03539823008849541,缺adj,,2017-04-12,16.95,21,TWSE(FMTQIK),complete
tx03-2017-04-11-call,call,2017-04-11,2017-04-12,2017-04-13,20.0,2017-05-12,2344,16.45,-0.029498525073746285,缺adj,,2017-04-12,16.95,21,TWSE(FMTQIK),complete
tx03-2017-04-11-call,call,2017-04-11,2017-04-12,2017-04-13,0.0,2017-04-13,6770,,,MISSING(未上市，首筆 2020-12-09);缺adj,,2017-04-12,,0,TWSE(FMTQIK),complete
tx03-2017-04-11-call,call,2017-04-11,2017-04-12,2017-04-13,1.0,2017-04-14,6770,,,MISSING(未上市，首筆 2020-12-09);缺adj,,2017-04-12,,0,TWSE(FMTQIK),complete
tx03-2017-04-11-call,call,2017-04-11,2017-04-12,2017-04-13,2.0,2017-04-17,6770,,,MISSING(未上市，首筆 2020-12-09);缺adj,,2017-04-12,,0,TWSE(FMTQIK),complete
tx03-2017-04-11-call,call,2017-04-11,2017-04-12,2017-04-13,3.0,2017-04-18,6770,,,MISSING(未上市，首筆 2020-12-09);缺adj,,2017-04-12,,0,TWSE(FMTQIK),complete
tx03-2017-04-11-call,call,2017-04-11,2017-04-12,2017-04-13,4.0,2017-04-19,6770,,,MISSING(未上市，首筆 2020-12-09);缺adj,,2017-04-12,,0,TWSE(FMTQIK),complete
tx03-2017-04-11-call,call,2017-04-11,2017-04-12,2017-04-13,5.0,2017-04-20,6770,,,MISSING(未上市，首筆 2020-12-09);缺adj,,2017-04-12,,0,TWSE(FMTQIK),complete
tx03-2017-04-11-call,call,2017-04-11,2017-04-12,2017-04-13,6.0,2017-04-21,6770,,,MISSING(未上市，首筆 2020-12-09);缺adj,,2017-04-12,,0,TWSE(FMTQIK),complete
tx03-2017-04-11-call,call,2017-04-11,2017-04-12,2017-04-13,7.0,2017-04-24,6770,,,MISSING(未上市，首筆 2020-12-09);缺adj,,2017-04-12,,0,TWSE(FMTQIK),complete
tx03-2017-04-11-call,call,2017-04-11,2017-04-12,2017-04-13,8.0,2017-04-25,6770,,,MISSING(未上市，首筆 2020-12-09);缺adj,,2017-04-12,,0,TWSE(FMTQIK),complete
tx03-2017-04-11-call,call,2017-04-11,2017-04-12,2017-04-13,9.0,2017-04-26,6770,,,MISSING(未上市，首筆 2020-12-09);缺adj,,2017-04-12,,0,TWSE(FMTQIK),complete
tx03-2017-04-11-call,call,2017-04-11,2017-04-12,2017-04-13,10.0,2017-04-27,6770,,,MISSING(未上市，首筆 2020-12-09);缺adj,,2017-04-12,,0,TWSE(FMTQIK),complete
tx03-2017-04-11-call,call,2017-04-11,2017-04-12,2017-04-13,11.0,2017-04-28,6770,,,MISSING(未上市，首筆 2020-12-09);缺adj,,2017-04-12,,0,TWSE(FMTQIK),complete
tx03-2017-04-11-call,call,2017-04-11,2017-04-12,2017-04-13,12.0,2017-05-02,6770,,,MISSING(未上市，首筆 2020-12-09);缺adj,,2017-04-12,,0,TWSE(FMTQIK),complete
tx03-2017-04-11-call,call,2017-04-11,2017-04-12,2017-04-13,13.0,2017-05-03,6770,,,MISSING(未上市，首筆 2020-12-09);缺adj,,2017-04-12,,0,TWSE(FMTQIK),complete
tx03-2017-04-11-call,call,2017-04-11,2017-04-12,2017-04-13,14.0,2017-05-04,6770,,,MISSING(未上市，首筆 2020-12-09);缺adj,,2017-04-12,,0,TWSE(FMTQIK),complete
tx03-2017-04-11-call,call,2017-04-11,2017-04-12,2017-04-13,15.0,2017-05-05,6770,,,MISSING(未上市，首筆 2020-12-09);缺adj,,2017-04-12,,0,TWSE(FMTQIK),complete
tx03-2017-04-11-call,call,2017-04-11,2017-04-12,2017-04-13,16.0,2017-05-08,6770,,,MISSING(未上市，首筆 2020-12-09);缺adj,,2017-04-12,,0,TWSE(FMTQIK),complete
tx03-2017-04-11-call,call,2017-04-11,2017-04-12,2017-04-13,17.0,2017-05-09,6770,,,MISSING(未上市，首筆 2020-12-09);缺adj,,2017-04-12,,0,TWSE(FMTQIK),complete
tx03-2017-04-11-call,call,2017-04-11,2017-04-12,2017-04-13,18.0,2017-05-10,6770,,,MISSING(未上市，首筆 2020-12-09);缺adj,,2017-04-12,,0,TWSE(FMTQIK),complete
tx03-2017-04-11-call,call,2017-04-11,2017-04-12,2017-04-13,19.0,2017-05-11,6770,,,MISSING(未上市，首筆 2020-12-09);缺adj,,2017-04-12,,0,TWSE(FMTQIK),complete
tx03-2017-04-11-call,call,2017-04-11,2017-04-12,2017-04-13,20.0,2017-05-12,6770,,,MISSING(未上市，首筆 2020-12-09);缺adj,,2017-04-12,,0,TWSE(FMTQIK),complete
tx03-2017-04-11-call,call,2017-04-11,2017-04-12,2017-04-13,0.0,2017-04-13,3711,,,MISSING(未上市，首筆 2018-04-30);缺adj,,2017-04-12,,0,TWSE(FMTQIK),complete
tx03-2017-04-11-call,call,2017-04-11,2017-04-12,2017-04-13,1.0,2017-04-14,3711,,,MISSING(未上市，首筆 2018-04-30);缺adj,,2017-04-12,,0,TWSE(FMTQIK),complete
tx03-2017-04-11-call,call,2017-04-11,2017-04-12,2017-04-13,2.0,2017-04-17,3711,,,MISSING(未上市，首筆 2018-04-30);缺adj,,2017-04-12,,0,TWSE(FMTQIK),complete
tx03-2017-04-11-call,call,2017-04-11,2017-04-12,2017-04-13,3.0,2017-04-18,3711,,,MISSING(未上市，首筆 2018-04-30);缺adj,,2017-04-12,,0,TWSE(FMTQIK),complete
tx03-2017-04-11-call,call,2017-04-11,2017-04-12,2017-04-13,4.0,2017-04-19,3711,,,MISSING(未上市，首筆 2018-04-30);缺adj,,2017-04-12,,0,TWSE(FMTQIK),complete
tx03-2017-04-11-call,call,2017-04-11,2017-04-12,2017-04-13,5.0,2017-04-20,3711,,,MISSING(未上市，首筆 2018-04-30);缺adj,,2017-04-12,,0,TWSE(FMTQIK),complete
tx03-2017-04-11-call,call,2017-04-11,2017-04-12,2017-04-13,6.0,2017-04-21,3711,,,MISSING(未上市，首筆 2018-04-30);缺adj,,2017-04-12,,0,TWSE(FMTQIK),complete
tx03-2017-04-11-call,call,2017-04-11,2017-04-12,2017-04-13,7.0,2017-04-24,3711,,,MISSING(未上市，首筆 2018-04-30);缺adj,,2017-04-12,,0,TWSE(FMTQIK),complete
tx03-2017-04-11-call,call,2017-04-11,2017-04-12,2017-04-13,8.0,2017-04-25,3711,,,MISSING(未上市，首筆 2018-04-30);缺adj,,2017-04-12,,0,TWSE(FMTQIK),complete
tx03-2017-04-11-call,call,2017-04-11,2017-04-12,2017-04-13,9.0,2017-04-26,3711,,,MISSING(未上市，首筆 2018-04-30);缺adj,,2017-04-12,,0,TWSE(FMTQIK),complete
tx03-2017-04-11-call,call,2017-04-11,2017-04-12,2017-04-13,10.0,2017-04-27,3711,,,MISSING(未上市，首筆 2018-04-30);缺adj,,2017-04-12,,0,TWSE(FMTQIK),complete
tx03-2017-04-11-call,call,2017-04-11,2017-04-12,2017-04-13,11.0,2017-04-28,3711,,,MISSING(未上市，首筆 2018-04-30);缺adj,,2017-04-12,,0,TWSE(FMTQIK),complete
tx03-2017-04-11-call,call,2017-04-11,2017-04-12,2017-04-13,12.0,2017-05-02,3711,,,MISSING(未上市，首筆 2018-04-30);缺adj,,2017-04-12,,0,TWSE(FMTQIK),complete
tx03-2017-04-11-call,call,2017-04-11,2017-04-12,2017-04-13,13.0,2017-05-03,3711,,,MISSING(未上市，首筆 2018-04-30);缺adj,,2017-04-12,,0,TWSE(FMTQIK),complete
tx03-2017-04-11-call,call,2017-04-11,2017-04-12,2017-04-13,14.0,2017-05-04,3711,,,MISSING(未上市，首筆 2018-04-30);缺adj,,2017-04-12,,0,TWSE(FMTQIK),complete
tx03-2017-04-11-call,call,2017-04-11,2017-04-12,2017-04-13,15.0,2017-05-05,3711,,,MISSING(未上市，首筆 2018-04-30);缺adj,,2017-04-12,,0,TWSE(FMTQIK),complete
tx03-2017-04-11-call,call,2017-04-11,2017-04-12,2017-04-13,16.0,2017-05-08,3711,,,MISSING(未上市，首筆 2018-04-30);缺adj,,2017-04-12,,0,TWSE(FMTQIK),complete
tx03-2017-04-11-call,call,2017-04-11,2017-04-12,2017-04-13,17.0,2017-05-09,3711,,,MISSING(未上市，首筆 2018-04-30);缺adj,,2017-04-12,,0,TWSE(FMTQIK),complete
tx03-2017-04-11-call,call,2017-04-11,2017-04-12,2017-04-13,18.0,2017-05-10,3711,,,MISSING(未上市，首筆 2018-04-30);缺adj,,2017-04-12,,0,TWSE(FMTQIK),complete
tx03-2017-04-11-call,call,2017-04-11,2017-04-12,2017-04-13,19.0,2017-05-11,3711,,,MISSING(未上市，首筆 2018-04-30);缺adj,,2017-04-12,,0,TWSE(FMTQIK),complete
tx03-2017-04-11-call,call,2017-04-11,2017-04-12,2017-04-13,20.0,2017-05-12,3711,,,MISSING(未上市，首筆 2018-04-30);缺adj,,2017-04-12,,0,TWSE(FMTQIK),complete
tx03-2017-04-11-call,call,2017-04-11,2017-04-12,2017-04-13,0.0,2017-04-13,EW_TW,,0.025495119588060302,n=9/11;缺adj,9.0,2017-04-12,,21,TWSE(FMTQIK),complete
tx03-2017-04-11-call,call,2017-04-11,2017-04-12,2017-04-13,1.0,2017-04-14,EW_TW,,-0.003527905201240738,n=9/11;缺adj,9.0,2017-04-12,,21,TWSE(FMTQIK),complete
tx03-2017-04-11-call,call,2017-04-11,2017-04-12,2017-04-13,2.0,2017-04-17,EW_TW,,-0.006662912307207256,n=9/11;缺adj,9.0,2017-04-12,,21,TWSE(FMTQIK),complete
tx03-2017-04-11-call,call,2017-04-11,2017-04-12,2017-04-13,3.0,2017-04-18,EW_TW,,0.0017249424507744557,n=9/11;缺adj,9.0,2017-04-12,,21,TWSE(FMTQIK),complete
tx03-2017-04-11-call,call,2017-04-11,2017-04-12,2017-04-13,4.0,2017-04-19,EW_TW,,-0.021697993498255644,n=9/11;缺adj,9.0,2017-04-12,,21,TWSE(FMTQIK),complete
tx03-2017-04-11-call,call,2017-04-11,2017-04-12,2017-04-13,5.0,2017-04-20,EW_TW,,-0.03409603428946722,n=9/11;缺adj,9.0,2017-04-12,,21,TWSE(FMTQIK),complete
tx03-2017-04-11-call,call,2017-04-11,2017-04-12,2017-04-13,6.0,2017-04-21,EW_TW,,-0.013066706673611293,n=9/11;缺adj,9.0,2017-04-12,,21,TWSE(FMTQIK),complete
tx03-2017-04-11-call,call,2017-04-11,2017-04-12,2017-04-13,7.0,2017-04-24,EW_TW,,-0.022992989733818175,n=9/11;缺adj,9.0,2017-04-12,,21,TWSE(FMTQIK),complete
tx03-2017-04-11-call,call,2017-04-11,2017-04-12,2017-04-13,8.0,2017-04-25,EW_TW,,-0.004253247886626633,n=9/11;缺adj,9.0,2017-04-12,,21,TWSE(FMTQIK),complete
tx03-2017-04-11-call,call,2017-04-11,2017-04-12,2017-04-13,9.0,2017-04-26,EW_TW,,0.0017424672220183919,n=9/11;缺adj,9.0,2017-04-12,,21,TWSE(FMTQIK),complete
tx03-2017-04-11-call,call,2017-04-11,2017-04-12,2017-04-13,10.0,2017-04-27,EW_TW,,-0.00439718855366923,n=9/11;缺adj,9.0,2017-04-12,,21,TWSE(FMTQIK),complete
tx03-2017-04-11-call,call,2017-04-11,2017-04-12,2017-04-13,11.0,2017-04-28,EW_TW,,0.016924828798739182,n=9/11;缺adj,9.0,2017-04-12,,21,TWSE(FMTQIK),complete
tx03-2017-04-11-call,call,2017-04-11,2017-04-12,2017-04-13,12.0,2017-05-02,EW_TW,,0.006147022844592737,n=9/11;缺adj,9.0,2017-04-12,,21,TWSE(FMTQIK),complete
tx03-2017-04-11-call,call,2017-04-11,2017-04-12,2017-04-13,13.0,2017-05-03,EW_TW,,0.011738257317402153,n=9/11;缺adj,9.0,2017-04-12,,21,TWSE(FMTQIK),complete
tx03-2017-04-11-call,call,2017-04-11,2017-04-12,2017-04-13,14.0,2017-05-04,EW_TW,,0.015441054052651344,n=9/11;缺adj,9.0,2017-04-12,,21,TWSE(FMTQIK),complete
tx03-2017-04-11-call,call,2017-04-11,2017-04-12,2017-04-13,15.0,2017-05-05,EW_TW,,0.00740595599509592,n=9/11;缺adj,9.0,2017-04-12,,21,TWSE(FMTQIK),complete
tx03-2017-04-11-call,call,2017-04-11,2017-04-12,2017-04-13,16.0,2017-05-08,EW_TW,,0.01578807801727839,n=9/11;缺adj,9.0,2017-04-12,,21,TWSE(FMTQIK),complete
tx03-2017-04-11-call,call,2017-04-11,2017-04-12,2017-04-13,17.0,2017-05-09,EW_TW,,-0.0017791816561547355,n=9/11;缺adj,9.0,2017-04-12,,21,TWSE(FMTQIK),complete
tx03-2017-04-11-call,call,2017-04-11,2017-04-12,2017-04-13,18.0,2017-05-10,EW_TW,,0.018352011917084465,n=9/11;缺adj,9.0,2017-04-12,,21,TWSE(FMTQIK),complete
tx03-2017-04-11-call,call,2017-04-11,2017-04-12,2017-04-13,19.0,2017-05-11,EW_TW,,0.007562595080365547,n=9/11;缺adj,9.0,2017-04-12,,21,TWSE(FMTQIK),complete
tx03-2017-04-11-call,call,2017-04-11,2017-04-12,2017-04-13,20.0,2017-05-12,EW_TW,,0.0013312923328854377,n=9/11;缺adj,9.0,2017-04-12,,21,TWSE(FMTQIK),complete
tx03-2017-04-11-call,call,2017-04-11,2017-04-12,缺,,缺,NET,,,MISSING(未上市，首筆 2019-09-13),,缺,,0,US(own bars),complete
tx04-2017-04-23-call,call,2017-04-23,2017-04-24,2017-04-25,0.0,2017-04-25,TAIEX,9841.71,0.012735196209076927,缺adj,,2017-04-24,9717.95,21,TWSE(FMTQIK),complete
tx04-2017-04-23-call,call,2017-04-23,2017-04-24,2017-04-25,1.0,2017-04-26,TAIEX,9856.45,0.014251977011612516,缺adj,,2017-04-24,9717.95,21,TWSE(FMTQIK),complete
tx04-2017-04-23-call,call,2017-04-23,2017-04-24,2017-04-25,2.0,2017-04-27,TAIEX,9860.62,0.014681079857377322,缺adj,,2017-04-24,9717.95,21,TWSE(FMTQIK),complete
tx04-2017-04-23-call,call,2017-04-23,2017-04-24,2017-04-25,3.0,2017-04-28,TAIEX,9872.0,0.01585210872663456,缺adj,,2017-04-24,9717.95,21,TWSE(FMTQIK),complete
tx04-2017-04-23-call,call,2017-04-23,2017-04-24,2017-04-25,4.0,2017-05-02,TAIEX,9941.27,0.022980155279662906,缺adj,,2017-04-24,9717.95,21,TWSE(FMTQIK),complete
tx04-2017-04-23-call,call,2017-04-23,2017-04-24,2017-04-25,5.0,2017-05-03,TAIEX,9955.33,0.02442696247665399,缺adj,,2017-04-24,9717.95,21,TWSE(FMTQIK),complete
tx04-2017-04-23-call,call,2017-04-23,2017-04-24,2017-04-25,6.0,2017-05-04,TAIEX,9967.64,0.02569369054172932,缺adj,,2017-04-24,9717.95,21,TWSE(FMTQIK),complete
tx04-2017-04-23-call,call,2017-04-23,2017-04-24,2017-04-25,7.0,2017-05-05,TAIEX,9899.94,0.01872720069561984,缺adj,,2017-04-24,9717.95,21,TWSE(FMTQIK),complete
tx04-2017-04-23-call,call,2017-04-23,2017-04-24,2017-04-25,8.0,2017-05-08,TAIEX,9937.25,0.02256648778806225,缺adj,,2017-04-24,9717.95,21,TWSE(FMTQIK),complete
tx04-2017-04-23-call,call,2017-04-23,2017-04-24,2017-04-25,9.0,2017-05-09,TAIEX,9915.48,0.02032630338703112,缺adj,,2017-04-24,9717.95,21,TWSE(FMTQIK),complete
tx04-2017-04-23-call,call,2017-04-23,2017-04-24,2017-04-25,10.0,2017-05-10,TAIEX,9968.32,0.025763664147273824,缺adj,,2017-04-24,9717.95,21,TWSE(FMTQIK),complete
tx04-2017-04-23-call,call,2017-04-23,2017-04-24,2017-04-25,11.0,2017-05-11,TAIEX,10001.48,0.029175906441173183,缺adj,,2017-04-24,9717.95,21,TWSE(FMTQIK),complete
tx04-2017-04-23-call,call,2017-04-23,2017-04-24,2017-04-25,12.0,2017-05-12,TAIEX,9986.82,0.027667357827525274,缺adj,,2017-04-24,9717.95,21,TWSE(FMTQIK),complete
tx04-2017-04-23-call,call,2017-04-23,2017-04-24,2017-04-25,13.0,2017-05-15,TAIEX,10036.82,0.032812475882258996,缺adj,,2017-04-24,9717.95,21,TWSE(FMTQIK),complete
tx04-2017-04-23-call,call,2017-04-23,2017-04-24,2017-04-25,14.0,2017-05-16,TAIEX,10031.49,0.03226400629762449,缺adj,,2017-04-24,9717.95,21,TWSE(FMTQIK),complete
tx04-2017-04-23-call,call,2017-04-23,2017-04-24,2017-04-25,15.0,2017-05-17,TAIEX,10013.67,0.030430286222917324,缺adj,,2017-04-24,9717.95,21,TWSE(FMTQIK),complete
tx04-2017-04-23-call,call,2017-04-23,2017-04-24,2017-04-25,16.0,2017-05-18,TAIEX,9969.45,0.02587994381531078,缺adj,,2017-04-24,9717.95,21,TWSE(FMTQIK),complete
tx04-2017-04-23-call,call,2017-04-23,2017-04-24,2017-04-25,17.0,2017-05-19,TAIEX,9947.62,0.023633585272614166,缺adj,,2017-04-24,9717.95,21,TWSE(FMTQIK),complete
tx04-2017-04-23-call,call,2017-04-23,2017-04-24,2017-04-25,18.0,2017-05-22,TAIEX,9997.26,0.02874165847735366,缺adj,,2017-04-24,9717.95,21,TWSE(FMTQIK),complete
tx04-2017-04-23-call,call,2017-04-23,2017-04-24,2017-04-25,19.0,2017-05-23,TAIEX,10007.84,0.02983036545773543,缺adj,,2017-04-24,9717.95,21,TWSE(FMTQIK),complete
tx04-2017-04-23-call,call,2017-04-23,2017-04-24,2017-04-25,20.0,2017-05-24,TAIEX,10044.42,0.03359453382657862,缺adj,,2017-04-24,9717.95,21,TWSE(FMTQIK),complete
tx04-2017-04-23-call,call,2017-04-23,2017-04-24,2017-04-25,0.0,2017-04-25,3037,17.7,0.008547008547008517,缺adj,,2017-04-24,17.55,21,TWSE(FMTQIK),complete
tx04-2017-04-23-call,call,2017-04-23,2017-04-24,2017-04-25,1.0,2017-04-26,3037,17.9,0.019943019943019724,缺adj,,2017-04-24,17.55,21,TWSE(FMTQIK),complete
tx04-2017-04-23-call,call,2017-04-23,2017-04-24,2017-04-25,2.0,2017-04-27,3037,17.85,0.017094017094017033,缺adj,,2017-04-24,17.55,21,TWSE(FMTQIK),complete
tx04-2017-04-23-call,call,2017-04-23,2017-04-24,2017-04-25,3.0,2017-04-28,3037,18.6,0.05982905982905984,缺adj,,2017-04-24,17.55,21,TWSE(FMTQIK),complete
tx04-2017-04-23-call,call,2017-04-23,2017-04-24,2017-04-25,4.0,2017-05-02,3037,18.45,0.0512820512820511,缺adj,,2017-04-24,17.55,21,TWSE(FMTQIK),complete
tx04-2017-04-23-call,call,2017-04-23,2017-04-24,2017-04-25,5.0,2017-05-03,3037,17.9,0.019943019943019724,缺adj,,2017-04-24,17.55,21,TWSE(FMTQIK),complete
tx04-2017-04-23-call,call,2017-04-23,2017-04-24,2017-04-25,6.0,2017-05-04,3037,18.3,0.042735042735042805,缺adj,,2017-04-24,17.55,21,TWSE(FMTQIK),complete
tx04-2017-04-23-call,call,2017-04-23,2017-04-24,2017-04-25,7.0,2017-05-05,3037,17.85,0.017094017094017033,缺adj,,2017-04-24,17.55,21,TWSE(FMTQIK),complete
tx04-2017-04-23-call,call,2017-04-23,2017-04-24,2017-04-25,8.0,2017-05-08,3037,17.45,-0.005698005698005826,缺adj,,2017-04-24,17.55,21,TWSE(FMTQIK),complete
tx04-2017-04-23-call,call,2017-04-23,2017-04-24,2017-04-25,9.0,2017-05-09,3037,17.6,0.002849002849002913,缺adj,,2017-04-24,17.55,21,TWSE(FMTQIK),complete
tx04-2017-04-23-call,call,2017-04-23,2017-04-24,2017-04-25,10.0,2017-05-10,3037,18.2,0.03703703703703698,缺adj,,2017-04-24,17.55,21,TWSE(FMTQIK),complete
tx04-2017-04-23-call,call,2017-04-23,2017-04-24,2017-04-25,11.0,2017-05-11,3037,17.7,0.008547008547008517,缺adj,,2017-04-24,17.55,21,TWSE(FMTQIK),complete
tx04-2017-04-23-call,call,2017-04-23,2017-04-24,2017-04-25,12.0,2017-05-12,3037,17.4,-0.008547008547008628,缺adj,,2017-04-24,17.55,21,TWSE(FMTQIK),complete
tx04-2017-04-23-call,call,2017-04-23,2017-04-24,2017-04-25,13.0,2017-05-15,3037,17.3,-0.014245014245014231,缺adj,,2017-04-24,17.55,21,TWSE(FMTQIK),complete
tx04-2017-04-23-call,call,2017-04-23,2017-04-24,2017-04-25,14.0,2017-05-16,3037,17.55,0.0,缺adj,,2017-04-24,17.55,21,TWSE(FMTQIK),complete
tx04-2017-04-23-call,call,2017-04-23,2017-04-24,2017-04-25,15.0,2017-05-17,3037,17.5,-0.002849002849002913,缺adj,,2017-04-24,17.55,21,TWSE(FMTQIK),complete
tx04-2017-04-23-call,call,2017-04-23,2017-04-24,2017-04-25,16.0,2017-05-18,3037,17.25,-0.017094017094017144,缺adj,,2017-04-24,17.55,21,TWSE(FMTQIK),complete
tx04-2017-04-23-call,call,2017-04-23,2017-04-24,2017-04-25,17.0,2017-05-19,3037,17.55,0.0,缺adj,,2017-04-24,17.55,21,TWSE(FMTQIK),complete
tx04-2017-04-23-call,call,2017-04-23,2017-04-24,2017-04-25,18.0,2017-05-22,3037,17.45,-0.005698005698005826,缺adj,,2017-04-24,17.55,21,TWSE(FMTQIK),complete
tx04-2017-04-23-call,call,2017-04-23,2017-04-24,2017-04-25,19.0,2017-05-23,3037,17.45,-0.005698005698005826,缺adj,,2017-04-24,17.55,21,TWSE(FMTQIK),complete
tx04-2017-04-23-call,call,2017-04-23,2017-04-24,2017-04-25,20.0,2017-05-24,3037,17.35,-0.011396011396011319,缺adj,,2017-04-24,17.55,21,TWSE(FMTQIK),complete
tx04-2017-04-23-call,call,2017-04-23,2017-04-24,2017-04-25,0.0,2017-04-25,8046,26.05,0.005791505791505891,缺adj,,2017-04-24,25.9,21,TWSE(FMTQIK),complete
tx04-2017-04-23-call,call,2017-04-23,2017-04-24,2017-04-25,1.0,2017-04-26,8046,26.25,0.013513513513513598,缺adj,,2017-04-24,25.9,21,TWSE(FMTQIK),complete
tx04-2017-04-23-call,call,2017-04-23,2017-04-24,2017-04-25,2.0,2017-04-27,8046,26.1,0.007722007722007929,缺adj,,2017-04-24,25.9,21,TWSE(FMTQIK),complete
tx04-2017-04-23-call,call,2017-04-23,2017-04-24,2017-04-25,3.0,2017-04-28,8046,26.45,0.021235521235521304,缺adj,,2017-04-24,25.9,21,TWSE(FMTQIK),complete
tx04-2017-04-23-call,call,2017-04-23,2017-04-24,2017-04-25,4.0,2017-05-02,8046,26.35,0.01737451737451745,缺adj,,2017-04-24,25.9,21,TWSE(FMTQIK),complete
tx04-2017-04-23-call,call,2017-04-23,2017-04-24,2017-04-25,5.0,2017-05-03,8046,26.5,0.02316602316602312,缺adj,,2017-04-24,25.9,21,TWSE(FMTQIK),complete
tx04-2017-04-23-call,call,2017-04-23,2017-04-24,2017-04-25,6.0,2017-05-04,8046,26.65,0.02895752895752901,缺adj,,2017-04-24,25.9,21,TWSE(FMTQIK),complete
tx04-2017-04-23-call,call,2017-04-23,2017-04-24,2017-04-25,7.0,2017-05-05,8046,26.3,0.015444015444015635,缺adj,,2017-04-24,25.9,21,TWSE(FMTQIK),complete
tx04-2017-04-23-call,call,2017-04-23,2017-04-24,2017-04-25,8.0,2017-05-08,8046,26.1,0.007722007722007929,缺adj,,2017-04-24,25.9,21,TWSE(FMTQIK),complete
tx04-2017-04-23-call,call,2017-04-23,2017-04-24,2017-04-25,9.0,2017-05-09,8046,25.7,-0.007722007722007707,缺adj,,2017-04-24,25.9,21,TWSE(FMTQIK),complete
tx04-2017-04-23-call,call,2017-04-23,2017-04-24,2017-04-25,10.0,2017-05-10,8046,26.0,0.0038610038610038533,缺adj,,2017-04-24,25.9,21,TWSE(FMTQIK),complete
tx04-2017-04-23-call,call,2017-04-23,2017-04-24,2017-04-25,11.0,2017-05-11,8046,25.55,-0.013513513513513487,缺adj,,2017-04-24,25.9,21,TWSE(FMTQIK),complete
tx04-2017-04-23-call,call,2017-04-23,2017-04-24,2017-04-25,12.0,2017-05-12,8046,25.5,-0.015444015444015413,缺adj,,2017-04-24,25.9,21,TWSE(FMTQIK),complete
tx04-2017-04-23-call,call,2017-04-23,2017-04-24,2017-04-25,13.0,2017-05-15,8046,25.35,-0.021235521235521082,缺adj,,2017-04-24,25.9,21,TWSE(FMTQIK),complete
tx04-2017-04-23-call,call,2017-04-23,2017-04-24,2017-04-25,14.0,2017-05-16,8046,25.5,-0.015444015444015413,缺adj,,2017-04-24,25.9,21,TWSE(FMTQIK),complete
tx04-2017-04-23-call,call,2017-04-23,2017-04-24,2017-04-25,15.0,2017-05-17,8046,25.15,-0.02895752895752901,缺adj,,2017-04-24,25.9,21,TWSE(FMTQIK),complete
tx04-2017-04-23-call,call,2017-04-23,2017-04-24,2017-04-25,16.0,2017-05-18,8046,24.9,-0.038610038610038644,缺adj,,2017-04-24,25.9,21,TWSE(FMTQIK),complete
tx04-2017-04-23-call,call,2017-04-23,2017-04-24,2017-04-25,17.0,2017-05-19,8046,25.05,-0.03281853281853275,缺adj,,2017-04-24,25.9,21,TWSE(FMTQIK),complete
tx04-2017-04-23-call,call,2017-04-23,2017-04-24,2017-04-25,18.0,2017-05-22,8046,25.15,-0.02895752895752901,缺adj,,2017-04-24,25.9,21,TWSE(FMTQIK),complete
tx04-2017-04-23-call,call,2017-04-23,2017-04-24,2017-04-25,19.0,2017-05-23,8046,25.05,-0.03281853281853275,缺adj,,2017-04-24,25.9,21,TWSE(FMTQIK),complete
tx04-2017-04-23-call,call,2017-04-23,2017-04-24,2017-04-25,20.0,2017-05-24,8046,25.05,-0.03281853281853275,缺adj,,2017-04-24,25.9,21,TWSE(FMTQIK),complete
tx04-2017-04-23-call,call,2017-04-23,2017-04-24,2017-04-25,0.0,2017-04-25,3189,77.9,0.04283801874163329,缺adj,,2017-04-24,74.7,21,TWSE(FMTQIK),complete
tx04-2017-04-23-call,call,2017-04-23,2017-04-24,2017-04-25,1.0,2017-04-26,3189,77.5,0.03748326639892907,缺adj,,2017-04-24,74.7,21,TWSE(FMTQIK),complete
tx04-2017-04-23-call,call,2017-04-23,2017-04-24,2017-04-25,2.0,2017-04-27,3189,77.2,0.03346720214190091,缺adj,,2017-04-24,74.7,21,TWSE(FMTQIK),complete
tx04-2017-04-23-call,call,2017-04-23,2017-04-24,2017-04-25,3.0,2017-04-28,3189,78.5,0.05087014725568939,缺adj,,2017-04-24,74.7,21,TWSE(FMTQIK),complete
tx04-2017-04-23-call,call,2017-04-23,2017-04-24,2017-04-25,4.0,2017-05-02,3189,76.3,0.021419009370816422,缺adj,,2017-04-24,74.7,21,TWSE(FMTQIK),complete
tx04-2017-04-23-call,call,2017-04-23,2017-04-24,2017-04-25,5.0,2017-05-03,3189,75.1,0.0053547523427039945,缺adj,,2017-04-24,74.7,21,TWSE(FMTQIK),complete
tx04-2017-04-23-call,call,2017-04-23,2017-04-24,2017-04-25,6.0,2017-05-04,3189,76.0,0.01740294511378848,缺adj,,2017-04-24,74.7,21,TWSE(FMTQIK),complete
tx04-2017-04-23-call,call,2017-04-23,2017-04-24,2017-04-25,7.0,2017-05-05,3189,77.7,0.04016064257028118,缺adj,,2017-04-24,74.7,21,TWSE(FMTQIK),complete
tx04-2017-04-23-call,call,2017-04-23,2017-04-24,2017-04-25,8.0,2017-05-08,3189,79.5,0.06425702811244971,缺adj,,2017-04-24,74.7,21,TWSE(FMTQIK),complete
tx04-2017-04-23-call,call,2017-04-23,2017-04-24,2017-04-25,9.0,2017-05-09,3189,78.8,0.05488621151271755,缺adj,,2017-04-24,74.7,21,TWSE(FMTQIK),complete
tx04-2017-04-23-call,call,2017-04-23,2017-04-24,2017-04-25,10.0,2017-05-10,3189,81.2,0.08701472556894241,缺adj,,2017-04-24,74.7,21,TWSE(FMTQIK),complete
tx04-2017-04-23-call,call,2017-04-23,2017-04-24,2017-04-25,11.0,2017-05-11,3189,81.1,0.08567603748326635,缺adj,,2017-04-24,74.7,21,TWSE(FMTQIK),complete
tx04-2017-04-23-call,call,2017-04-23,2017-04-24,2017-04-25,12.0,2017-05-12,3189,80.5,0.07764390896921003,缺adj,,2017-04-24,74.7,21,TWSE(FMTQIK),complete
tx04-2017-04-23-call,call,2017-04-23,2017-04-24,2017-04-25,13.0,2017-05-15,3189,81.9,0.09638554216867479,缺adj,,2017-04-24,74.7,21,TWSE(FMTQIK),complete
tx04-2017-04-23-call,call,2017-04-23,2017-04-24,2017-04-25,14.0,2017-05-16,3189,81.2,0.08701472556894241,缺adj,,2017-04-24,74.7,21,TWSE(FMTQIK),complete
tx04-2017-04-23-call,call,2017-04-23,2017-04-24,2017-04-25,15.0,2017-05-17,3189,80.5,0.07764390896921003,缺adj,,2017-04-24,74.7,21,TWSE(FMTQIK),complete
tx04-2017-04-23-call,call,2017-04-23,2017-04-24,2017-04-25,16.0,2017-05-18,3189,79.0,0.05756358768406966,缺adj,,2017-04-24,74.7,21,TWSE(FMTQIK),complete
tx04-2017-04-23-call,call,2017-04-23,2017-04-24,2017-04-25,17.0,2017-05-19,3189,79.0,0.05756358768406966,缺adj,,2017-04-24,74.7,21,TWSE(FMTQIK),complete
tx04-2017-04-23-call,call,2017-04-23,2017-04-24,2017-04-25,18.0,2017-05-22,3189,79.3,0.0615796519410976,缺adj,,2017-04-24,74.7,21,TWSE(FMTQIK),complete
tx04-2017-04-23-call,call,2017-04-23,2017-04-24,2017-04-25,19.0,2017-05-23,3189,79.9,0.06961178045515393,缺adj,,2017-04-24,74.7,21,TWSE(FMTQIK),complete
tx04-2017-04-23-call,call,2017-04-23,2017-04-24,2017-04-25,20.0,2017-05-24,3189,79.0,0.05756358768406966,缺adj,,2017-04-24,74.7,21,TWSE(FMTQIK),complete
tx04-2017-04-23-call,call,2017-04-23,2017-04-24,2017-04-25,0.0,2017-04-25,2368,10.9,0.004608294930875667,缺adj,,2017-04-24,10.85,21,TWSE(FMTQIK),complete
tx04-2017-04-23-call,call,2017-04-23,2017-04-24,2017-04-25,1.0,2017-04-26,2368,11.0,0.01382488479262678,缺adj,,2017-04-24,10.85,21,TWSE(FMTQIK),complete
tx04-2017-04-23-call,call,2017-04-23,2017-04-24,2017-04-25,2.0,2017-04-27,2368,10.95,0.009216589861751112,缺adj,,2017-04-24,10.85,21,TWSE(FMTQIK),complete
tx04-2017-04-23-call,call,2017-04-23,2017-04-24,2017-04-25,3.0,2017-04-28,2368,11.1,0.02304147465437789,缺adj,,2017-04-24,10.85,21,TWSE(FMTQIK),complete
tx04-2017-04-23-call,call,2017-04-23,2017-04-24,2017-04-25,4.0,2017-05-02,2368,10.95,0.009216589861751112,缺adj,,2017-04-24,10.85,21,TWSE(FMTQIK),complete
tx04-2017-04-23-call,call,2017-04-23,2017-04-24,2017-04-25,5.0,2017-05-03,2368,10.9,0.004608294930875667,缺adj,,2017-04-24,10.85,21,TWSE(FMTQIK),complete
tx04-2017-04-23-call,call,2017-04-23,2017-04-24,2017-04-25,6.0,2017-05-04,2368,10.9,0.004608294930875667,缺adj,,2017-04-24,10.85,21,TWSE(FMTQIK),complete
tx04-2017-04-23-call,call,2017-04-23,2017-04-24,2017-04-25,7.0,2017-05-05,2368,11.05,0.018433179723502446,缺adj,,2017-04-24,10.85,21,TWSE(FMTQIK),complete
tx04-2017-04-23-call,call,2017-04-23,2017-04-24,2017-04-25,8.0,2017-05-08,2368,11.75,0.08294930875576045,缺adj,,2017-04-24,10.85,21,TWSE(FMTQIK),complete
tx04-2017-04-23-call,call,2017-04-23,2017-04-24,2017-04-25,9.0,2017-05-09,2368,11.15,0.02764976958525356,缺adj,,2017-04-24,10.85,21,TWSE(FMTQIK),complete
tx04-2017-04-23-call,call,2017-04-23,2017-04-24,2017-04-25,10.0,2017-05-10,2368,11.3,0.04147465437788034,缺adj,,2017-04-24,10.85,21,TWSE(FMTQIK),complete
tx04-2017-04-23-call,call,2017-04-23,2017-04-24,2017-04-25,11.0,2017-05-11,2368,11.15,0.02764976958525356,缺adj,,2017-04-24,10.85,21,TWSE(FMTQIK),complete
tx04-2017-04-23-call,call,2017-04-23,2017-04-24,2017-04-25,12.0,2017-05-12,2368,11.05,0.018433179723502446,缺adj,,2017-04-24,10.85,21,TWSE(FMTQIK),complete
tx04-2017-04-23-call,call,2017-04-23,2017-04-24,2017-04-25,13.0,2017-05-15,2368,10.85,0.0,缺adj,,2017-04-24,10.85,21,TWSE(FMTQIK),complete
tx04-2017-04-23-call,call,2017-04-23,2017-04-24,2017-04-25,14.0,2017-05-16,2368,10.85,0.0,缺adj,,2017-04-24,10.85,21,TWSE(FMTQIK),complete
tx04-2017-04-23-call,call,2017-04-23,2017-04-24,2017-04-25,15.0,2017-05-17,2368,10.85,0.0,缺adj,,2017-04-24,10.85,21,TWSE(FMTQIK),complete
tx04-2017-04-23-call,call,2017-04-23,2017-04-24,2017-04-25,16.0,2017-05-18,2368,10.95,0.009216589861751112,缺adj,,2017-04-24,10.85,21,TWSE(FMTQIK),complete
tx04-2017-04-23-call,call,2017-04-23,2017-04-24,2017-04-25,17.0,2017-05-19,2368,10.9,0.004608294930875667,缺adj,,2017-04-24,10.85,21,TWSE(FMTQIK),complete
tx04-2017-04-23-call,call,2017-04-23,2017-04-24,2017-04-25,18.0,2017-05-22,2368,10.9,0.004608294930875667,缺adj,,2017-04-24,10.85,21,TWSE(FMTQIK),complete
tx04-2017-04-23-call,call,2017-04-23,2017-04-24,2017-04-25,19.0,2017-05-23,2368,11.0,0.01382488479262678,缺adj,,2017-04-24,10.85,21,TWSE(FMTQIK),complete
tx04-2017-04-23-call,call,2017-04-23,2017-04-24,2017-04-25,20.0,2017-05-24,2368,10.95,0.009216589861751112,缺adj,,2017-04-24,10.85,21,TWSE(FMTQIK),complete
tx04-2017-04-23-call,call,2017-04-23,2017-04-24,2017-04-25,0.0,2017-04-25,2383,116.0,0.0,缺adj,,2017-04-24,116.0,21,TWSE(FMTQIK),complete
tx04-2017-04-23-call,call,2017-04-23,2017-04-24,2017-04-25,1.0,2017-04-26,2383,113.0,-0.025862068965517238,缺adj,,2017-04-24,116.0,21,TWSE(FMTQIK),complete
tx04-2017-04-23-call,call,2017-04-23,2017-04-24,2017-04-25,2.0,2017-04-27,2383,111.5,-0.03879310344827591,缺adj,,2017-04-24,116.0,21,TWSE(FMTQIK),complete
tx04-2017-04-23-call,call,2017-04-23,2017-04-24,2017-04-25,3.0,2017-04-28,2383,120.5,0.0387931034482758,缺adj,,2017-04-24,116.0,21,TWSE(FMTQIK),complete
tx04-2017-04-23-call,call,2017-04-23,2017-04-24,2017-04-25,4.0,2017-05-02,2383,117.5,0.012931034482758674,缺adj,,2017-04-24,116.0,21,TWSE(FMTQIK),complete
tx04-2017-04-23-call,call,2017-04-23,2017-04-24,2017-04-25,5.0,2017-05-03,2383,119.0,0.02586206896551735,缺adj,,2017-04-24,116.0,21,TWSE(FMTQIK),complete
tx04-2017-04-23-call,call,2017-04-23,2017-04-24,2017-04-25,6.0,2017-05-04,2383,121.0,0.0431034482758621,缺adj,,2017-04-24,116.0,21,TWSE(FMTQIK),complete
tx04-2017-04-23-call,call,2017-04-23,2017-04-24,2017-04-25,7.0,2017-05-05,2383,121.0,0.0431034482758621,缺adj,,2017-04-24,116.0,21,TWSE(FMTQIK),complete
tx04-2017-04-23-call,call,2017-04-23,2017-04-24,2017-04-25,8.0,2017-05-08,2383,124.5,0.07327586206896552,缺adj,,2017-04-24,116.0,21,TWSE(FMTQIK),complete
tx04-2017-04-23-call,call,2017-04-23,2017-04-24,2017-04-25,9.0,2017-05-09,2383,124.0,0.06896551724137923,缺adj,,2017-04-24,116.0,21,TWSE(FMTQIK),complete
tx04-2017-04-23-call,call,2017-04-23,2017-04-24,2017-04-25,10.0,2017-05-10,2383,122.5,0.056034482758620774,缺adj,,2017-04-24,116.0,21,TWSE(FMTQIK),complete
tx04-2017-04-23-call,call,2017-04-23,2017-04-24,2017-04-25,11.0,2017-05-11,2383,123.0,0.06034482758620685,缺adj,,2017-04-24,116.0,21,TWSE(FMTQIK),complete
tx04-2017-04-23-call,call,2017-04-23,2017-04-24,2017-04-25,12.0,2017-05-12,2383,121.5,0.047413793103448176,缺adj,,2017-04-24,116.0,21,TWSE(FMTQIK),complete
tx04-2017-04-23-call,call,2017-04-23,2017-04-24,2017-04-25,13.0,2017-05-15,2383,124.0,0.06896551724137923,缺adj,,2017-04-24,116.0,21,TWSE(FMTQIK),complete
tx04-2017-04-23-call,call,2017-04-23,2017-04-24,2017-04-25,14.0,2017-05-16,2383,126.5,0.09051724137931028,缺adj,,2017-04-24,116.0,21,TWSE(FMTQIK),complete
tx04-2017-04-23-call,call,2017-04-23,2017-04-24,2017-04-25,15.0,2017-05-17,2383,132.0,0.13793103448275867,缺adj,,2017-04-24,116.0,21,TWSE(FMTQIK),complete
tx04-2017-04-23-call,call,2017-04-23,2017-04-24,2017-04-25,16.0,2017-05-18,2383,132.0,0.13793103448275867,缺adj,,2017-04-24,116.0,21,TWSE(FMTQIK),complete
tx04-2017-04-23-call,call,2017-04-23,2017-04-24,2017-04-25,17.0,2017-05-19,2383,125.0,0.07758620689655182,缺adj,,2017-04-24,116.0,21,TWSE(FMTQIK),complete
tx04-2017-04-23-call,call,2017-04-23,2017-04-24,2017-04-25,18.0,2017-05-22,2383,125.0,0.07758620689655182,缺adj,,2017-04-24,116.0,21,TWSE(FMTQIK),complete
tx04-2017-04-23-call,call,2017-04-23,2017-04-24,2017-04-25,19.0,2017-05-23,2383,122.5,0.056034482758620774,缺adj,,2017-04-24,116.0,21,TWSE(FMTQIK),complete
tx04-2017-04-23-call,call,2017-04-23,2017-04-24,2017-04-25,20.0,2017-05-24,2383,124.0,0.06896551724137923,缺adj,,2017-04-24,116.0,21,TWSE(FMTQIK),complete
tx04-2017-04-23-call,call,2017-04-23,2017-04-24,2017-04-25,0.0,2017-04-25,6213,44.5,0.005649717514124353,缺adj,,2017-04-24,44.25,21,TWSE(FMTQIK),complete
tx04-2017-04-23-call,call,2017-04-23,2017-04-24,2017-04-25,1.0,2017-04-26,6213,44.9,0.014689265536723228,缺adj,,2017-04-24,44.25,21,TWSE(FMTQIK),complete
tx04-2017-04-23-call,call,2017-04-23,2017-04-24,2017-04-25,2.0,2017-04-27,6213,44.55,0.006779661016949046,缺adj,,2017-04-24,44.25,21,TWSE(FMTQIK),complete
tx04-2017-04-23-call,call,2017-04-23,2017-04-24,2017-04-25,3.0,2017-04-28,6213,45.25,0.02259887005649719,缺adj,,2017-04-24,44.25,21,TWSE(FMTQIK),complete
tx04-2017-04-23-call,call,2017-04-23,2017-04-24,2017-04-25,4.0,2017-05-02,6213,45.35,0.02485875706214702,缺adj,,2017-04-24,44.25,21,TWSE(FMTQIK),complete
tx04-2017-04-23-call,call,2017-04-23,2017-04-24,2017-04-25,5.0,2017-05-03,6213,47.65,0.07683615819209044,缺adj,,2017-04-24,44.25,21,TWSE(FMTQIK),complete
tx04-2017-04-23-call,call,2017-04-23,2017-04-24,2017-04-25,6.0,2017-05-04,6213,46.45,0.049717514124293816,缺adj,,2017-04-24,44.25,21,TWSE(FMTQIK),complete
tx04-2017-04-23-call,call,2017-04-23,2017-04-24,2017-04-25,7.0,2017-05-05,6213,45.65,0.031638418079096065,缺adj,,2017-04-24,44.25,21,TWSE(FMTQIK),complete
tx04-2017-04-23-call,call,2017-04-23,2017-04-24,2017-04-25,8.0,2017-05-08,6213,45.65,0.031638418079096065,缺adj,,2017-04-24,44.25,21,TWSE(FMTQIK),complete
tx04-2017-04-23-call,call,2017-04-23,2017-04-24,2017-04-25,9.0,2017-05-09,6213,43.8,-0.01016949152542379,缺adj,,2017-04-24,44.25,21,TWSE(FMTQIK),complete
tx04-2017-04-23-call,call,2017-04-23,2017-04-24,2017-04-25,10.0,2017-05-10,6213,44.55,0.006779661016949046,缺adj,,2017-04-24,44.25,21,TWSE(FMTQIK),complete
tx04-2017-04-23-call,call,2017-04-23,2017-04-24,2017-04-25,11.0,2017-05-11,6213,44.55,0.006779661016949046,缺adj,,2017-04-24,44.25,21,TWSE(FMTQIK),complete
tx04-2017-04-23-call,call,2017-04-23,2017-04-24,2017-04-25,12.0,2017-05-12,6213,44.5,0.005649717514124353,缺adj,,2017-04-24,44.25,21,TWSE(FMTQIK),complete
tx04-2017-04-23-call,call,2017-04-23,2017-04-24,2017-04-25,13.0,2017-05-15,6213,44.6,0.00790960451977396,缺adj,,2017-04-24,44.25,21,TWSE(FMTQIK),complete
tx04-2017-04-23-call,call,2017-04-23,2017-04-24,2017-04-25,14.0,2017-05-16,6213,44.45,0.004519774011299438,缺adj,,2017-04-24,44.25,21,TWSE(FMTQIK),complete
tx04-2017-04-23-call,call,2017-04-23,2017-04-24,2017-04-25,15.0,2017-05-17,6213,44.5,0.005649717514124353,缺adj,,2017-04-24,44.25,21,TWSE(FMTQIK),complete
tx04-2017-04-23-call,call,2017-04-23,2017-04-24,2017-04-25,16.0,2017-05-18,6213,44.4,0.003389830508474523,缺adj,,2017-04-24,44.25,21,TWSE(FMTQIK),complete
tx04-2017-04-23-call,call,2017-04-23,2017-04-24,2017-04-25,17.0,2017-05-19,6213,43.9,-0.007909604519774072,缺adj,,2017-04-24,44.25,21,TWSE(FMTQIK),complete
tx04-2017-04-23-call,call,2017-04-23,2017-04-24,2017-04-25,18.0,2017-05-22,6213,44.05,-0.004519774011299549,缺adj,,2017-04-24,44.25,21,TWSE(FMTQIK),complete
tx04-2017-04-23-call,call,2017-04-23,2017-04-24,2017-04-25,19.0,2017-05-23,6213,44.4,0.003389830508474523,缺adj,,2017-04-24,44.25,21,TWSE(FMTQIK),complete
tx04-2017-04-23-call,call,2017-04-23,2017-04-24,2017-04-25,20.0,2017-05-24,6213,43.9,-0.007909604519774072,缺adj,,2017-04-24,44.25,21,TWSE(FMTQIK),complete
tx04-2017-04-23-call,call,2017-04-23,2017-04-24,2017-04-25,0.0,2017-04-25,6274,53.7,0.06547619047619047,缺adj,,2017-04-24,50.4,21,TWSE(FMTQIK),complete
tx04-2017-04-23-call,call,2017-04-23,2017-04-24,2017-04-25,1.0,2017-04-26,6274,53.3,0.05753968253968256,缺adj,,2017-04-24,50.4,21,TWSE(FMTQIK),complete
tx04-2017-04-23-call,call,2017-04-23,2017-04-24,2017-04-25,2.0,2017-04-27,6274,53.5,0.06150793650793651,缺adj,,2017-04-24,50.4,21,TWSE(FMTQIK),complete
tx04-2017-04-23-call,call,2017-04-23,2017-04-24,2017-04-25,3.0,2017-04-28,6274,54.2,0.07539682539682557,缺adj,,2017-04-24,50.4,21,TWSE(FMTQIK),complete
tx04-2017-04-23-call,call,2017-04-23,2017-04-24,2017-04-25,4.0,2017-05-02,6274,54.2,0.07539682539682557,缺adj,,2017-04-24,50.4,21,TWSE(FMTQIK),complete
tx04-2017-04-23-call,call,2017-04-23,2017-04-24,2017-04-25,5.0,2017-05-03,6274,55.8,0.1071428571428572,缺adj,,2017-04-24,50.4,21,TWSE(FMTQIK),complete
tx04-2017-04-23-call,call,2017-04-23,2017-04-24,2017-04-25,6.0,2017-05-04,6274,53.5,0.06150793650793651,缺adj,,2017-04-24,50.4,21,TWSE(FMTQIK),complete
tx04-2017-04-23-call,call,2017-04-23,2017-04-24,2017-04-25,7.0,2017-05-05,6274,51.4,0.01984126984126977,缺adj,,2017-04-24,50.4,21,TWSE(FMTQIK),complete
tx04-2017-04-23-call,call,2017-04-23,2017-04-24,2017-04-25,8.0,2017-05-08,6274,51.3,0.017857142857142794,缺adj,,2017-04-24,50.4,21,TWSE(FMTQIK),complete
tx04-2017-04-23-call,call,2017-04-23,2017-04-24,2017-04-25,9.0,2017-05-09,6274,49.7,-0.01388888888888884,缺adj,,2017-04-24,50.4,21,TWSE(FMTQIK),complete
tx04-2017-04-23-call,call,2017-04-23,2017-04-24,2017-04-25,10.0,2017-05-10,6274,52.2,0.03571428571428581,缺adj,,2017-04-24,50.4,21,TWSE(FMTQIK),complete
tx04-2017-04-23-call,call,2017-04-23,2017-04-24,2017-04-25,11.0,2017-05-11,6274,51.6,0.023809523809523947,缺adj,,2017-04-24,50.4,21,TWSE(FMTQIK),complete
tx04-2017-04-23-call,call,2017-04-23,2017-04-24,2017-04-25,12.0,2017-05-12,6274,50.0,-0.007936507936507908,缺adj,,2017-04-24,50.4,21,TWSE(FMTQIK),complete
tx04-2017-04-23-call,call,2017-04-23,2017-04-24,2017-04-25,13.0,2017-05-15,6274,50.5,0.001984126984126977,缺adj,,2017-04-24,50.4,21,TWSE(FMTQIK),complete
tx04-2017-04-23-call,call,2017-04-23,2017-04-24,2017-04-25,14.0,2017-05-16,6274,51.3,0.017857142857142794,缺adj,,2017-04-24,50.4,21,TWSE(FMTQIK),complete
tx04-2017-04-23-call,call,2017-04-23,2017-04-24,2017-04-25,15.0,2017-05-17,6274,50.1,-0.005952380952380931,缺adj,,2017-04-24,50.4,21,TWSE(FMTQIK),complete
tx04-2017-04-23-call,call,2017-04-23,2017-04-24,2017-04-25,16.0,2017-05-18,6274,49.65,-0.014880952380952328,缺adj,,2017-04-24,50.4,21,TWSE(FMTQIK),complete
tx04-2017-04-23-call,call,2017-04-23,2017-04-24,2017-04-25,17.0,2017-05-19,6274,49.75,-0.012896825396825351,缺adj,,2017-04-24,50.4,21,TWSE(FMTQIK),complete
tx04-2017-04-23-call,call,2017-04-23,2017-04-24,2017-04-25,18.0,2017-05-22,6274,49.5,-0.017857142857142794,缺adj,,2017-04-24,50.4,21,TWSE(FMTQIK),complete
tx04-2017-04-23-call,call,2017-04-23,2017-04-24,2017-04-25,19.0,2017-05-23,6274,49.9,-0.009920634920634885,缺adj,,2017-04-24,50.4,21,TWSE(FMTQIK),complete
tx04-2017-04-23-call,call,2017-04-23,2017-04-24,2017-04-25,20.0,2017-05-24,6274,51.1,0.01388888888888884,缺adj,,2017-04-24,50.4,21,TWSE(FMTQIK),complete
tx04-2017-04-23-call,call,2017-04-23,2017-04-24,2017-04-25,0.0,2017-04-25,2408,47.2,0.03282275711159732,缺adj,,2017-04-24,45.7,21,TWSE(FMTQIK),complete
tx04-2017-04-23-call,call,2017-04-23,2017-04-24,2017-04-25,1.0,2017-04-26,2408,48.15,0.05361050328227557,缺adj,,2017-04-24,45.7,21,TWSE(FMTQIK),complete
tx04-2017-04-23-call,call,2017-04-23,2017-04-24,2017-04-25,2.0,2017-04-27,2408,47.7,0.043763676148796504,缺adj,,2017-04-24,45.7,21,TWSE(FMTQIK),complete
tx04-2017-04-23-call,call,2017-04-23,2017-04-24,2017-04-25,3.0,2017-04-28,2408,48.15,0.05361050328227557,缺adj,,2017-04-24,45.7,21,TWSE(FMTQIK),complete
tx04-2017-04-23-call,call,2017-04-23,2017-04-24,2017-04-25,4.0,2017-05-02,2408,49.35,0.07986870897155351,缺adj,,2017-04-24,45.7,21,TWSE(FMTQIK),complete
tx04-2017-04-23-call,call,2017-04-23,2017-04-24,2017-04-25,5.0,2017-05-03,2408,49.2,0.07658643326039383,缺adj,,2017-04-24,45.7,21,TWSE(FMTQIK),complete
tx04-2017-04-23-call,call,2017-04-23,2017-04-24,2017-04-25,6.0,2017-05-04,2408,49.8,0.0897155361050328,缺adj,,2017-04-24,45.7,21,TWSE(FMTQIK),complete
tx04-2017-04-23-call,call,2017-04-23,2017-04-24,2017-04-25,7.0,2017-05-05,2408,49.7,0.08752735229759301,缺adj,,2017-04-24,45.7,21,TWSE(FMTQIK),complete
tx04-2017-04-23-call,call,2017-04-23,2017-04-24,2017-04-25,8.0,2017-05-08,2408,49.9,0.09190371991247259,缺adj,,2017-04-24,45.7,21,TWSE(FMTQIK),complete
tx04-2017-04-23-call,call,2017-04-23,2017-04-24,2017-04-25,9.0,2017-05-09,2408,50.4,0.10284463894967177,缺adj,,2017-04-24,45.7,21,TWSE(FMTQIK),complete
tx04-2017-04-23-call,call,2017-04-23,2017-04-24,2017-04-25,10.0,2017-05-10,2408,50.8,0.11159737417943094,缺adj,,2017-04-24,45.7,21,TWSE(FMTQIK),complete
tx04-2017-04-23-call,call,2017-04-23,2017-04-24,2017-04-25,11.0,2017-05-11,2408,50.2,0.09846827133479219,缺adj,,2017-04-24,45.7,21,TWSE(FMTQIK),complete
tx04-2017-04-23-call,call,2017-04-23,2017-04-24,2017-04-25,12.0,2017-05-12,2408,51.0,0.11597374179431075,缺adj,,2017-04-24,45.7,21,TWSE(FMTQIK),complete
tx04-2017-04-23-call,call,2017-04-23,2017-04-24,2017-04-25,13.0,2017-05-15,2408,53.6,0.17286652078774623,缺adj,,2017-04-24,45.7,21,TWSE(FMTQIK),complete
tx04-2017-04-23-call,call,2017-04-23,2017-04-24,2017-04-25,14.0,2017-05-16,2408,52.0,0.1378555798687089,缺adj,,2017-04-24,45.7,21,TWSE(FMTQIK),complete
tx04-2017-04-23-call,call,2017-04-23,2017-04-24,2017-04-25,15.0,2017-05-17,2408,51.3,0.12253829321663012,缺adj,,2017-04-24,45.7,21,TWSE(FMTQIK),complete
tx04-2017-04-23-call,call,2017-04-23,2017-04-24,2017-04-25,16.0,2017-05-18,2408,50.6,0.10722100656455136,缺adj,,2017-04-24,45.7,21,TWSE(FMTQIK),complete
tx04-2017-04-23-call,call,2017-04-23,2017-04-24,2017-04-25,17.0,2017-05-19,2408,50.6,0.10722100656455136,缺adj,,2017-04-24,45.7,21,TWSE(FMTQIK),complete
tx04-2017-04-23-call,call,2017-04-23,2017-04-24,2017-04-25,18.0,2017-05-22,2408,50.3,0.10065645514223176,缺adj,,2017-04-24,45.7,21,TWSE(FMTQIK),complete
tx04-2017-04-23-call,call,2017-04-23,2017-04-24,2017-04-25,19.0,2017-05-23,2408,50.5,0.10503282275711157,缺adj,,2017-04-24,45.7,21,TWSE(FMTQIK),complete
tx04-2017-04-23-call,call,2017-04-23,2017-04-24,2017-04-25,20.0,2017-05-24,2408,50.9,0.11378555798687073,缺adj,,2017-04-24,45.7,21,TWSE(FMTQIK),complete
tx04-2017-04-23-call,call,2017-04-23,2017-04-24,2017-04-25,0.0,2017-04-25,2344,16.8,0.009009009009009139,缺adj,,2017-04-24,16.65,21,TWSE(FMTQIK),complete
tx04-2017-04-23-call,call,2017-04-23,2017-04-24,2017-04-25,1.0,2017-04-26,2344,17.4,0.04504504504504503,缺adj,,2017-04-24,16.65,21,TWSE(FMTQIK),complete
tx04-2017-04-23-call,call,2017-04-23,2017-04-24,2017-04-25,2.0,2017-04-27,2344,17.2,0.033033033033033066,缺adj,,2017-04-24,16.65,21,TWSE(FMTQIK),complete
tx04-2017-04-23-call,call,2017-04-23,2017-04-24,2017-04-25,3.0,2017-04-28,2344,17.05,0.02402402402402415,缺adj,,2017-04-24,16.65,21,TWSE(FMTQIK),complete
tx04-2017-04-23-call,call,2017-04-23,2017-04-24,2017-04-25,4.0,2017-05-02,2344,16.3,-0.02102102102102088,缺adj,,2017-04-24,16.65,21,TWSE(FMTQIK),complete
tx04-2017-04-23-call,call,2017-04-23,2017-04-24,2017-04-25,5.0,2017-05-03,2344,16.4,-0.01501501501501501,缺adj,,2017-04-24,16.65,21,TWSE(FMTQIK),complete
tx04-2017-04-23-call,call,2017-04-23,2017-04-24,2017-04-25,6.0,2017-05-04,2344,16.95,0.018018018018018056,缺adj,,2017-04-24,16.65,21,TWSE(FMTQIK),complete
tx04-2017-04-23-call,call,2017-04-23,2017-04-24,2017-04-25,7.0,2017-05-05,2344,16.75,0.006006006006006093,缺adj,,2017-04-24,16.65,21,TWSE(FMTQIK),complete
tx04-2017-04-23-call,call,2017-04-23,2017-04-24,2017-04-25,8.0,2017-05-08,2344,16.5,-0.009009009009008917,缺adj,,2017-04-24,16.65,21,TWSE(FMTQIK),complete
tx04-2017-04-23-call,call,2017-04-23,2017-04-24,2017-04-25,9.0,2017-05-09,2344,16.1,-0.033033033033032844,缺adj,,2017-04-24,16.65,21,TWSE(FMTQIK),complete
tx04-2017-04-23-call,call,2017-04-23,2017-04-24,2017-04-25,10.0,2017-05-10,2344,16.65,0.0,缺adj,,2017-04-24,16.65,21,TWSE(FMTQIK),complete
tx04-2017-04-23-call,call,2017-04-23,2017-04-24,2017-04-25,11.0,2017-05-11,2344,16.35,-0.018018018018017834,缺adj,,2017-04-24,16.65,21,TWSE(FMTQIK),complete
tx04-2017-04-23-call,call,2017-04-23,2017-04-24,2017-04-25,12.0,2017-05-12,2344,16.45,-0.012012012012011963,缺adj,,2017-04-24,16.65,21,TWSE(FMTQIK),complete
tx04-2017-04-23-call,call,2017-04-23,2017-04-24,2017-04-25,13.0,2017-05-15,2344,17.2,0.033033033033033066,缺adj,,2017-04-24,16.65,21,TWSE(FMTQIK),complete
tx04-2017-04-23-call,call,2017-04-23,2017-04-24,2017-04-25,14.0,2017-05-16,2344,16.8,0.009009009009009139,缺adj,,2017-04-24,16.65,21,TWSE(FMTQIK),complete
tx04-2017-04-23-call,call,2017-04-23,2017-04-24,2017-04-25,15.0,2017-05-17,2344,16.8,0.009009009009009139,缺adj,,2017-04-24,16.65,21,TWSE(FMTQIK),complete
tx04-2017-04-23-call,call,2017-04-23,2017-04-24,2017-04-25,16.0,2017-05-18,2344,17.1,0.027027027027027195,缺adj,,2017-04-24,16.65,21,TWSE(FMTQIK),complete
tx04-2017-04-23-call,call,2017-04-23,2017-04-24,2017-04-25,17.0,2017-05-19,2344,17.05,0.02402402402402415,缺adj,,2017-04-24,16.65,21,TWSE(FMTQIK),complete
tx04-2017-04-23-call,call,2017-04-23,2017-04-24,2017-04-25,18.0,2017-05-22,2344,17.1,0.027027027027027195,缺adj,,2017-04-24,16.65,21,TWSE(FMTQIK),complete
tx04-2017-04-23-call,call,2017-04-23,2017-04-24,2017-04-25,19.0,2017-05-23,2344,16.9,0.01501501501501501,缺adj,,2017-04-24,16.65,21,TWSE(FMTQIK),complete
tx04-2017-04-23-call,call,2017-04-23,2017-04-24,2017-04-25,20.0,2017-05-24,2344,17.0,0.021021021021021102,缺adj,,2017-04-24,16.65,21,TWSE(FMTQIK),complete
tx04-2017-04-23-call,call,2017-04-23,2017-04-24,2017-04-25,0.0,2017-04-25,6770,,,MISSING(未上市，首筆 2020-12-09);缺adj,,2017-04-24,,0,TWSE(FMTQIK),complete
tx04-2017-04-23-call,call,2017-04-23,2017-04-24,2017-04-25,1.0,2017-04-26,6770,,,MISSING(未上市，首筆 2020-12-09);缺adj,,2017-04-24,,0,TWSE(FMTQIK),complete
tx04-2017-04-23-call,call,2017-04-23,2017-04-24,2017-04-25,2.0,2017-04-27,6770,,,MISSING(未上市，首筆 2020-12-09);缺adj,,2017-04-24,,0,TWSE(FMTQIK),complete
tx04-2017-04-23-call,call,2017-04-23,2017-04-24,2017-04-25,3.0,2017-04-28,6770,,,MISSING(未上市，首筆 2020-12-09);缺adj,,2017-04-24,,0,TWSE(FMTQIK),complete
tx04-2017-04-23-call,call,2017-04-23,2017-04-24,2017-04-25,4.0,2017-05-02,6770,,,MISSING(未上市，首筆 2020-12-09);缺adj,,2017-04-24,,0,TWSE(FMTQIK),complete
tx04-2017-04-23-call,call,2017-04-23,2017-04-24,2017-04-25,5.0,2017-05-03,6770,,,MISSING(未上市，首筆 2020-12-09);缺adj,,2017-04-24,,0,TWSE(FMTQIK),complete
tx04-2017-04-23-call,call,2017-04-23,2017-04-24,2017-04-25,6.0,2017-05-04,6770,,,MISSING(未上市，首筆 2020-12-09);缺adj,,2017-04-24,,0,TWSE(FMTQIK),complete
tx04-2017-04-23-call,call,2017-04-23,2017-04-24,2017-04-25,7.0,2017-05-05,6770,,,MISSING(未上市，首筆 2020-12-09);缺adj,,2017-04-24,,0,TWSE(FMTQIK),complete
tx04-2017-04-23-call,call,2017-04-23,2017-04-24,2017-04-25,8.0,2017-05-08,6770,,,MISSING(未上市，首筆 2020-12-09);缺adj,,2017-04-24,,0,TWSE(FMTQIK),complete
tx04-2017-04-23-call,call,2017-04-23,2017-04-24,2017-04-25,9.0,2017-05-09,6770,,,MISSING(未上市，首筆 2020-12-09);缺adj,,2017-04-24,,0,TWSE(FMTQIK),complete
tx04-2017-04-23-call,call,2017-04-23,2017-04-24,2017-04-25,10.0,2017-05-10,6770,,,MISSING(未上市，首筆 2020-12-09);缺adj,,2017-04-24,,0,TWSE(FMTQIK),complete
tx04-2017-04-23-call,call,2017-04-23,2017-04-24,2017-04-25,11.0,2017-05-11,6770,,,MISSING(未上市，首筆 2020-12-09);缺adj,,2017-04-24,,0,TWSE(FMTQIK),complete
tx04-2017-04-23-call,call,2017-04-23,2017-04-24,2017-04-25,12.0,2017-05-12,6770,,,MISSING(未上市，首筆 2020-12-09);缺adj,,2017-04-24,,0,TWSE(FMTQIK),complete
tx04-2017-04-23-call,call,2017-04-23,2017-04-24,2017-04-25,13.0,2017-05-15,6770,,,MISSING(未上市，首筆 2020-12-09);缺adj,,2017-04-24,,0,TWSE(FMTQIK),complete
tx04-2017-04-23-call,call,2017-04-23,2017-04-24,2017-04-25,14.0,2017-05-16,6770,,,MISSING(未上市，首筆 2020-12-09);缺adj,,2017-04-24,,0,TWSE(FMTQIK),complete
tx04-2017-04-23-call,call,2017-04-23,2017-04-24,2017-04-25,15.0,2017-05-17,6770,,,MISSING(未上市，首筆 2020-12-09);缺adj,,2017-04-24,,0,TWSE(FMTQIK),complete
tx04-2017-04-23-call,call,2017-04-23,2017-04-24,2017-04-25,16.0,2017-05-18,6770,,,MISSING(未上市，首筆 2020-12-09);缺adj,,2017-04-24,,0,TWSE(FMTQIK),complete
tx04-2017-04-23-call,call,2017-04-23,2017-04-24,2017-04-25,17.0,2017-05-19,6770,,,MISSING(未上市，首筆 2020-12-09);缺adj,,2017-04-24,,0,TWSE(FMTQIK),complete
tx04-2017-04-23-call,call,2017-04-23,2017-04-24,2017-04-25,18.0,2017-05-22,6770,,,MISSING(未上市，首筆 2020-12-09);缺adj,,2017-04-24,,0,TWSE(FMTQIK),complete
tx04-2017-04-23-call,call,2017-04-23,2017-04-24,2017-04-25,19.0,2017-05-23,6770,,,MISSING(未上市，首筆 2020-12-09);缺adj,,2017-04-24,,0,TWSE(FMTQIK),complete
tx04-2017-04-23-call,call,2017-04-23,2017-04-24,2017-04-25,20.0,2017-05-24,6770,,,MISSING(未上市，首筆 2020-12-09);缺adj,,2017-04-24,,0,TWSE(FMTQIK),complete
tx04-2017-04-23-call,call,2017-04-23,2017-04-24,2017-04-25,0.0,2017-04-25,3711,,,MISSING(未上市，首筆 2018-04-30);缺adj,,2017-04-24,,0,TWSE(FMTQIK),complete
tx04-2017-04-23-call,call,2017-04-23,2017-04-24,2017-04-25,1.0,2017-04-26,3711,,,MISSING(未上市，首筆 2018-04-30);缺adj,,2017-04-24,,0,TWSE(FMTQIK),complete
tx04-2017-04-23-call,call,2017-04-23,2017-04-24,2017-04-25,2.0,2017-04-27,3711,,,MISSING(未上市，首筆 2018-04-30);缺adj,,2017-04-24,,0,TWSE(FMTQIK),complete
tx04-2017-04-23-call,call,2017-04-23,2017-04-24,2017-04-25,3.0,2017-04-28,3711,,,MISSING(未上市，首筆 2018-04-30);缺adj,,2017-04-24,,0,TWSE(FMTQIK),complete
tx04-2017-04-23-call,call,2017-04-23,2017-04-24,2017-04-25,4.0,2017-05-02,3711,,,MISSING(未上市，首筆 2018-04-30);缺adj,,2017-04-24,,0,TWSE(FMTQIK),complete
tx04-2017-04-23-call,call,2017-04-23,2017-04-24,2017-04-25,5.0,2017-05-03,3711,,,MISSING(未上市，首筆 2018-04-30);缺adj,,2017-04-24,,0,TWSE(FMTQIK),complete
tx04-2017-04-23-call,call,2017-04-23,2017-04-24,2017-04-25,6.0,2017-05-04,3711,,,MISSING(未上市，首筆 2018-04-30);缺adj,,2017-04-24,,0,TWSE(FMTQIK),complete
tx04-2017-04-23-call,call,2017-04-23,2017-04-24,2017-04-25,7.0,2017-05-05,3711,,,MISSING(未上市，首筆 2018-04-30);缺adj,,2017-04-24,,0,TWSE(FMTQIK),complete
tx04-2017-04-23-call,call,2017-04-23,2017-04-24,2017-04-25,8.0,2017-05-08,3711,,,MISSING(未上市，首筆 2018-04-30);缺adj,,2017-04-24,,0,TWSE(FMTQIK),complete
tx04-2017-04-23-call,call,2017-04-23,2017-04-24,2017-04-25,9.0,2017-05-09,3711,,,MISSING(未上市，首筆 2018-04-30);缺adj,,2017-04-24,,0,TWSE(FMTQIK),complete
tx04-2017-04-23-call,call,2017-04-23,2017-04-24,2017-04-25,10.0,2017-05-10,3711,,,MISSING(未上市，首筆 2018-04-30);缺adj,,2017-04-24,,0,TWSE(FMTQIK),complete
tx04-2017-04-23-call,call,2017-04-23,2017-04-24,2017-04-25,11.0,2017-05-11,3711,,,MISSING(未上市，首筆 2018-04-30);缺adj,,2017-04-24,,0,TWSE(FMTQIK),complete
tx04-2017-04-23-call,call,2017-04-23,2017-04-24,2017-04-25,12.0,2017-05-12,3711,,,MISSING(未上市，首筆 2018-04-30);缺adj,,2017-04-24,,0,TWSE(FMTQIK),complete
tx04-2017-04-23-call,call,2017-04-23,2017-04-24,2017-04-25,13.0,2017-05-15,3711,,,MISSING(未上市，首筆 2018-04-30);缺adj,,2017-04-24,,0,TWSE(FMTQIK),complete
tx04-2017-04-23-call,call,2017-04-23,2017-04-24,2017-04-25,14.0,2017-05-16,3711,,,MISSING(未上市，首筆 2018-04-30);缺adj,,2017-04-24,,0,TWSE(FMTQIK),complete
tx04-2017-04-23-call,call,2017-04-23,2017-04-24,2017-04-25,15.0,2017-05-17,3711,,,MISSING(未上市，首筆 2018-04-30);缺adj,,2017-04-24,,0,TWSE(FMTQIK),complete
tx04-2017-04-23-call,call,2017-04-23,2017-04-24,2017-04-25,16.0,2017-05-18,3711,,,MISSING(未上市，首筆 2018-04-30);缺adj,,2017-04-24,,0,TWSE(FMTQIK),complete
tx04-2017-04-23-call,call,2017-04-23,2017-04-24,2017-04-25,17.0,2017-05-19,3711,,,MISSING(未上市，首筆 2018-04-30);缺adj,,2017-04-24,,0,TWSE(FMTQIK),complete
tx04-2017-04-23-call,call,2017-04-23,2017-04-24,2017-04-25,18.0,2017-05-22,3711,,,MISSING(未上市，首筆 2018-04-30);缺adj,,2017-04-24,,0,TWSE(FMTQIK),complete
tx04-2017-04-23-call,call,2017-04-23,2017-04-24,2017-04-25,19.0,2017-05-23,3711,,,MISSING(未上市，首筆 2018-04-30);缺adj,,2017-04-24,,0,TWSE(FMTQIK),complete
tx04-2017-04-23-call,call,2017-04-23,2017-04-24,2017-04-25,20.0,2017-05-24,3711,,,MISSING(未上市，首筆 2018-04-30);缺adj,,2017-04-24,,0,TWSE(FMTQIK),complete
tx04-2017-04-23-call,call,2017-04-23,2017-04-24,2017-04-25,0.0,2017-04-25,EW_TW,,0.01941583356910496,n=9/11;缺adj,9.0,2017-04-24,,21,TWSE(FMTQIK),complete
tx04-2017-04-23-call,call,2017-04-23,2017-04-24,2017-04-25,1.0,2017-04-26,EW_TW,,0.025531901342922034,n=9/11;缺adj,9.0,2017-04-24,,21,TWSE(FMTQIK),complete
tx04-2017-04-23-call,call,2017-04-23,2017-04-24,2017-04-25,2.0,2017-04-27,EW_TW,,0.01931011334201291,n=9/11;缺adj,9.0,2017-04-24,,21,TWSE(FMTQIK),complete
tx04-2017-04-23-call,call,2017-04-23,2017-04-24,2017-04-25,3.0,2017-04-28,EW_TW,,0.041044392131394075,n=9/11;缺adj,9.0,2017-04-24,,21,TWSE(FMTQIK),complete
tx04-2017-04-23-call,call,2017-04-23,2017-04-24,2017-04-25,4.0,2017-05-02,EW_TW,,0.030147385864599998,n=9/11;缺adj,9.0,2017-04-24,,21,TWSE(FMTQIK),complete
tx04-2017-04-23-call,call,2017-04-23,2017-04-24,2017-04-25,5.0,2017-05-03,EW_TW,,0.03605384365871848,n=9/11;缺adj,9.0,2017-04-24,,21,TWSE(FMTQIK),complete
tx04-2017-04-23-call,call,2017-04-23,2017-04-24,2017-04-25,6.0,2017-05-04,EW_TW,,0.03952958497426436,n=9/11;缺adj,9.0,2017-04-24,,21,TWSE(FMTQIK),complete
tx04-2017-04-23-call,call,2017-04-23,2017-04-24,2017-04-25,7.0,2017-05-05,EW_TW,,0.03102759437018259,n=9/11;缺adj,9.0,2017-04-24,,21,TWSE(FMTQIK),complete
tx04-2017-04-23-call,call,2017-04-23,2017-04-24,2017-04-25,8.0,2017-05-08,EW_TW,,0.03943294142232004,n=9/11;缺adj,9.0,2017-04-24,,21,TWSE(FMTQIK),complete
tx04-2017-04-23-call,call,2017-04-23,2017-04-24,2017-04-25,9.0,2017-05-09,EW_TW,,0.02137574655207465,n=9/11;缺adj,9.0,2017-04-24,,21,TWSE(FMTQIK),complete
tx04-2017-04-23-call,call,2017-04-23,2017-04-24,2017-04-25,10.0,2017-05-10,EW_TW,,0.0421681360571278,n=9/11;缺adj,9.0,2017-04-24,,21,TWSE(FMTQIK),complete
tx04-2017-04-23-call,call,2017-04-23,2017-04-24,2017-04-25,11.0,2017-05-11,EW_TW,,0.031082618647941016,n=9/11;缺adj,9.0,2017-04-24,,21,TWSE(FMTQIK),complete
tx04-2017-04-23-call,call,2017-04-23,2017-04-24,2017-04-25,12.0,2017-05-12,EW_TW,,0.02457497746278354,n=9/11;缺adj,9.0,2017-04-24,,21,TWSE(FMTQIK),complete
tx04-2017-04-23-call,call,2017-04-23,2017-04-24,2017-04-25,13.0,2017-05-15,EW_TW,,0.038407089917133215,n=9/11;缺adj,9.0,2017-04-24,,21,TWSE(FMTQIK),complete
tx04-2017-04-23-call,call,2017-04-23,2017-04-24,2017-04-25,14.0,2017-05-16,EW_TW,,0.03681438413893306,n=9/11;缺adj,9.0,2017-04-24,,21,TWSE(FMTQIK),complete
tx04-2017-04-23-call,call,2017-04-23,2017-04-24,2017-04-25,15.0,2017-05-17,EW_TW,,0.03500145004809105,n=9/11;缺adj,9.0,2017-04-24,,21,TWSE(FMTQIK),complete
tx04-2017-04-23-call,call,2017-04-23,2017-04-24,2017-04-25,16.0,2017-05-18,EW_TW,,0.03019600756040271,n=9/11;缺adj,9.0,2017-04-24,,21,TWSE(FMTQIK),complete
tx04-2017-04-23-call,call,2017-04-23,2017-04-24,2017-04-25,17.0,2017-05-19,EW_TW,,0.0241531285961045,n=9/11;缺adj,9.0,2017-04-24,,21,TWSE(FMTQIK),complete
tx04-2017-04-23-call,call,2017-04-23,2017-04-24,2017-04-25,18.0,2017-05-22,EW_TW,,0.023825020490422986,n=9/11;缺adj,9.0,2017-04-24,,21,TWSE(FMTQIK),complete
tx04-2017-04-23-call,call,2017-04-23,2017-04-24,2017-04-25,19.0,2017-05-23,EW_TW,,0.023830182538869902,n=9/11;缺adj,9.0,2017-04-24,,21,TWSE(FMTQIK),complete
tx04-2017-04-23-call,call,2017-04-23,2017-04-24,2017-04-25,20.0,2017-05-24,EW_TW,,0.025813001549962505,n=9/11;缺adj,9.0,2017-04-24,,21,TWSE(FMTQIK),complete
tx04-2017-04-23-call,call,2017-04-23,2017-04-24,缺,,缺,NET,,,MISSING(未上市，首筆 2019-09-13),,缺,,0,US(own bars),complete
tx05-2017-07-02-call,call,2017-07-02,2017-07-03,2017-07-04,0.0,2017-07-04,TAIEX,10347.78,-0.006243283500387498,缺adj,,2017-07-03,10412.79,21,TWSE(FMTQIK),complete
tx05-2017-07-02-call,call,2017-07-02,2017-07-03,2017-07-04,1.0,2017-07-05,TAIEX,10404.79,-0.000768285925289991,缺adj,,2017-07-03,10412.79,21,TWSE(FMTQIK),complete
tx05-2017-07-02-call,call,2017-07-02,2017-07-03,2017-07-04,2.0,2017-07-06,TAIEX,10368.2,-0.0042822336760849344,缺adj,,2017-07-03,10412.79,21,TWSE(FMTQIK),complete
tx05-2017-07-02-call,call,2017-07-02,2017-07-03,2017-07-04,3.0,2017-07-07,TAIEX,10297.25,-0.011095969476000223,缺adj,,2017-07-03,10412.79,21,TWSE(FMTQIK),complete
tx05-2017-07-02-call,call,2017-07-02,2017-07-03,2017-07-04,4.0,2017-07-10,TAIEX,10289.91,-0.011800871812453817,缺adj,,2017-07-03,10412.79,21,TWSE(FMTQIK),complete
tx05-2017-07-02-call,call,2017-07-02,2017-07-03,2017-07-04,5.0,2017-07-11,TAIEX,10415.57,0.0002669793590381886,缺adj,,2017-07-03,10412.79,21,TWSE(FMTQIK),complete
tx05-2017-07-02-call,call,2017-07-02,2017-07-03,2017-07-04,6.0,2017-07-12,TAIEX,10420.68,0.0007577219938170732,缺adj,,2017-07-03,10412.79,21,TWSE(FMTQIK),complete
tx05-2017-07-02-call,call,2017-07-02,2017-07-03,2017-07-04,7.0,2017-07-13,TAIEX,10460.15,0.004548252677716524,缺adj,,2017-07-03,10412.79,21,TWSE(FMTQIK),complete
tx05-2017-07-02-call,call,2017-07-02,2017-07-03,2017-07-04,8.0,2017-07-14,TAIEX,10443.91,0.0029886322493777318,缺adj,,2017-07-03,10412.79,21,TWSE(FMTQIK),complete
tx05-2017-07-02-call,call,2017-07-02,2017-07-03,2017-07-04,9.0,2017-07-17,TAIEX,10457.54,0.004297599394590623,缺adj,,2017-07-03,10412.79,21,TWSE(FMTQIK),complete
tx05-2017-07-02-call,call,2017-07-02,2017-07-03,2017-07-04,10.0,2017-07-18,TAIEX,10481.26,0.006575567163075391,缺adj,,2017-07-03,10412.79,21,TWSE(FMTQIK),complete
tx05-2017-07-02-call,call,2017-07-02,2017-07-03,2017-07-04,11.0,2017-07-19,TAIEX,10506.1,0.008961094961100757,缺adj,,2017-07-03,10412.79,21,TWSE(FMTQIK),complete
tx05-2017-07-02-call,call,2017-07-02,2017-07-03,2017-07-04,12.0,2017-07-20,TAIEX,10499.36,0.008313814069043968,缺adj,,2017-07-03,10412.79,21,TWSE(FMTQIK),complete
tx05-2017-07-02-call,call,2017-07-02,2017-07-03,2017-07-04,13.0,2017-07-21,TAIEX,10436.7,0.0022962145592102523,缺adj,,2017-07-03,10412.79,21,TWSE(FMTQIK),complete
tx05-2017-07-02-call,call,2017-07-02,2017-07-03,2017-07-04,14.0,2017-07-24,TAIEX,10461.28,0.004656773064663833,缺adj,,2017-07-03,10412.79,21,TWSE(FMTQIK),complete
tx05-2017-07-02-call,call,2017-07-02,2017-07-03,2017-07-04,15.0,2017-07-25,TAIEX,10463.15,0.0048363598997001045,缺adj,,2017-07-03,10412.79,21,TWSE(FMTQIK),complete
tx05-2017-07-02-call,call,2017-07-02,2017-07-03,2017-07-04,16.0,2017-07-26,TAIEX,10419.11,0.0006069458809789818,缺adj,,2017-07-03,10412.79,21,TWSE(FMTQIK),complete
tx05-2017-07-02-call,call,2017-07-02,2017-07-03,2017-07-04,17.0,2017-07-27,TAIEX,10508.37,0.00917909609240164,缺adj,,2017-07-03,10412.79,21,TWSE(FMTQIK),complete
tx05-2017-07-02-call,call,2017-07-02,2017-07-03,2017-07-04,18.0,2017-07-28,TAIEX,10423.05,0.0009853266991841636,缺adj,,2017-07-03,10412.79,21,TWSE(FMTQIK),complete
tx05-2017-07-02-call,call,2017-07-02,2017-07-03,2017-07-04,19.0,2017-07-31,TAIEX,10427.33,0.0013963596692143643,缺adj,,2017-07-03,10412.79,21,TWSE(FMTQIK),complete
tx05-2017-07-02-call,call,2017-07-02,2017-07-03,2017-07-04,20.0,2017-08-01,TAIEX,10437.29,0.0023528756462005695,缺adj,,2017-07-03,10412.79,21,TWSE(FMTQIK),complete
tx05-2017-07-02-call,call,2017-07-02,2017-07-03,2017-07-04,0.0,2017-07-04,3037,17.8,0.0,缺adj,,2017-07-03,17.8,21,TWSE(FMTQIK),complete
tx05-2017-07-02-call,call,2017-07-02,2017-07-03,2017-07-04,1.0,2017-07-05,3037,17.65,-0.008426966292134908,缺adj,,2017-07-03,17.8,21,TWSE(FMTQIK),complete
tx05-2017-07-02-call,call,2017-07-02,2017-07-03,2017-07-04,2.0,2017-07-06,3037,17.5,-0.016853932584269704,缺adj,,2017-07-03,17.8,21,TWSE(FMTQIK),complete
tx05-2017-07-02-call,call,2017-07-02,2017-07-03,2017-07-04,3.0,2017-07-07,3037,17.35,-0.0252808988764045,缺adj,,2017-07-03,17.8,21,TWSE(FMTQIK),complete
tx05-2017-07-02-call,call,2017-07-02,2017-07-03,2017-07-04,4.0,2017-07-10,3037,17.35,-0.0252808988764045,缺adj,,2017-07-03,17.8,21,TWSE(FMTQIK),complete
tx05-2017-07-02-call,call,2017-07-02,2017-07-03,2017-07-04,5.0,2017-07-11,3037,17.6,-0.011235955056179692,缺adj,,2017-07-03,17.8,21,TWSE(FMTQIK),complete
tx05-2017-07-02-call,call,2017-07-02,2017-07-03,2017-07-04,6.0,2017-07-12,3037,17.85,0.002808988764045006,缺adj,,2017-07-03,17.8,21,TWSE(FMTQIK),complete
tx05-2017-07-02-call,call,2017-07-02,2017-07-03,2017-07-04,7.0,2017-07-13,3037,17.85,0.002808988764045006,缺adj,,2017-07-03,17.8,21,TWSE(FMTQIK),complete
tx05-2017-07-02-call,call,2017-07-02,2017-07-03,2017-07-04,8.0,2017-07-14,3037,18.2,0.022471910112359383,缺adj,,2017-07-03,17.8,21,TWSE(FMTQIK),complete
tx05-2017-07-02-call,call,2017-07-02,2017-07-03,2017-07-04,9.0,2017-07-17,3037,18.35,0.030898876404494402,缺adj,,2017-07-03,17.8,21,TWSE(FMTQIK),complete
tx05-2017-07-02-call,call,2017-07-02,2017-07-03,2017-07-04,10.0,2017-07-18,3037,18.1,0.016853932584269593,缺adj,,2017-07-03,17.8,21,TWSE(FMTQIK),complete
tx05-2017-07-02-call,call,2017-07-02,2017-07-03,2017-07-04,11.0,2017-07-19,3037,17.95,0.008426966292134797,缺adj,,2017-07-03,17.8,21,TWSE(FMTQIK),complete
tx05-2017-07-02-call,call,2017-07-02,2017-07-03,2017-07-04,12.0,2017-07-20,3037,17.9,0.00561797752808979,缺adj,,2017-07-03,17.8,21,TWSE(FMTQIK),complete
tx05-2017-07-02-call,call,2017-07-02,2017-07-03,2017-07-04,13.0,2017-07-21,3037,17.9,0.00561797752808979,缺adj,,2017-07-03,17.8,21,TWSE(FMTQIK),complete
tx05-2017-07-02-call,call,2017-07-02,2017-07-03,2017-07-04,14.0,2017-07-24,3037,18.05,0.014044943820224809,缺adj,,2017-07-03,17.8,21,TWSE(FMTQIK),complete
tx05-2017-07-02-call,call,2017-07-02,2017-07-03,2017-07-04,15.0,2017-07-25,3037,18.15,0.019662921348314377,缺adj,,2017-07-03,17.8,21,TWSE(FMTQIK),complete
tx05-2017-07-02-call,call,2017-07-02,2017-07-03,2017-07-04,16.0,2017-07-26,3037,17.9,0.00561797752808979,缺adj,,2017-07-03,17.8,21,TWSE(FMTQIK),complete
tx05-2017-07-02-call,call,2017-07-02,2017-07-03,2017-07-04,17.0,2017-07-27,3037,18.8,0.05617977528089879,缺adj,,2017-07-03,17.8,21,TWSE(FMTQIK),complete
tx05-2017-07-02-call,call,2017-07-02,2017-07-03,2017-07-04,18.0,2017-07-28,3037,19.55,0.098314606741573,缺adj,,2017-07-03,17.8,21,TWSE(FMTQIK),complete
tx05-2017-07-02-call,call,2017-07-02,2017-07-03,2017-07-04,19.0,2017-07-31,3037,19.65,0.10393258426966279,缺adj,,2017-07-03,17.8,21,TWSE(FMTQIK),complete
tx05-2017-07-02-call,call,2017-07-02,2017-07-03,2017-07-04,20.0,2017-08-01,3037,19.5,0.09550561797752799,缺adj,,2017-07-03,17.8,21,TWSE(FMTQIK),complete
tx05-2017-07-02-call,call,2017-07-02,2017-07-03,2017-07-04,0.0,2017-07-04,8046,25.5,-0.009708737864077666,缺adj,,2017-07-03,25.75,21,TWSE(FMTQIK),complete
tx05-2017-07-02-call,call,2017-07-02,2017-07-03,2017-07-04,1.0,2017-07-05,8046,25.2,-0.021359223300970953,缺adj,,2017-07-03,25.75,21,TWSE(FMTQIK),complete
tx05-2017-07-02-call,call,2017-07-02,2017-07-03,2017-07-04,2.0,2017-07-06,8046,25.1,-0.025242718446601864,缺adj,,2017-07-03,25.75,21,TWSE(FMTQIK),complete
tx05-2017-07-02-call,call,2017-07-02,2017-07-03,2017-07-04,3.0,2017-07-07,8046,25.1,-0.025242718446601864,缺adj,,2017-07-03,25.75,21,TWSE(FMTQIK),complete
tx05-2017-07-02-call,call,2017-07-02,2017-07-03,2017-07-04,4.0,2017-07-10,8046,25.2,-0.021359223300970953,缺adj,,2017-07-03,25.75,21,TWSE(FMTQIK),complete
tx05-2017-07-02-call,call,2017-07-02,2017-07-03,2017-07-04,5.0,2017-07-11,8046,25.15,-0.023300970873786464,缺adj,,2017-07-03,25.75,21,TWSE(FMTQIK),complete
tx05-2017-07-02-call,call,2017-07-02,2017-07-03,2017-07-04,6.0,2017-07-12,8046,25.3,-0.01747572815533982,缺adj,,2017-07-03,25.75,21,TWSE(FMTQIK),complete
tx05-2017-07-02-call,call,2017-07-02,2017-07-03,2017-07-04,7.0,2017-07-13,8046,25.4,-0.013592233009708798,缺adj,,2017-07-03,25.75,21,TWSE(FMTQIK),complete
tx05-2017-07-02-call,call,2017-07-02,2017-07-03,2017-07-04,8.0,2017-07-14,8046,25.15,-0.023300970873786464,缺adj,,2017-07-03,25.75,21,TWSE(FMTQIK),complete
tx05-2017-07-02-call,call,2017-07-02,2017-07-03,2017-07-04,9.0,2017-07-17,8046,25.15,-0.023300970873786464,缺adj,,2017-07-03,25.75,21,TWSE(FMTQIK),complete
tx05-2017-07-02-call,call,2017-07-02,2017-07-03,2017-07-04,10.0,2017-07-18,8046,25.1,-0.025242718446601864,缺adj,,2017-07-03,25.75,21,TWSE(FMTQIK),complete
tx05-2017-07-02-call,call,2017-07-02,2017-07-03,2017-07-04,11.0,2017-07-19,8046,25.15,-0.023300970873786464,缺adj,,2017-07-03,25.75,21,TWSE(FMTQIK),complete
tx05-2017-07-02-call,call,2017-07-02,2017-07-03,2017-07-04,12.0,2017-07-20,8046,24.45,-0.05048543689320395,缺adj,,2017-07-03,25.75,21,TWSE(FMTQIK),complete
tx05-2017-07-02-call,call,2017-07-02,2017-07-03,2017-07-04,13.0,2017-07-21,8046,24.5,-0.04854368932038833,缺adj,,2017-07-03,25.75,21,TWSE(FMTQIK),complete
tx05-2017-07-02-call,call,2017-07-02,2017-07-03,2017-07-04,14.0,2017-07-24,8046,24.2,-0.060194174757281615,缺adj,,2017-07-03,25.75,21,TWSE(FMTQIK),complete
tx05-2017-07-02-call,call,2017-07-02,2017-07-03,2017-07-04,15.0,2017-07-25,8046,24.2,-0.060194174757281615,缺adj,,2017-07-03,25.75,21,TWSE(FMTQIK),complete
tx05-2017-07-02-call,call,2017-07-02,2017-07-03,2017-07-04,16.0,2017-07-26,8046,24.0,-0.06796116504854366,缺adj,,2017-07-03,25.75,21,TWSE(FMTQIK),complete
tx05-2017-07-02-call,call,2017-07-02,2017-07-03,2017-07-04,17.0,2017-07-27,8046,24.1,-0.06407766990291253,缺adj,,2017-07-03,25.75,21,TWSE(FMTQIK),complete
tx05-2017-07-02-call,call,2017-07-02,2017-07-03,2017-07-04,18.0,2017-07-28,8046,23.8,-0.07572815533980581,缺adj,,2017-07-03,25.75,21,TWSE(FMTQIK),complete
tx05-2017-07-02-call,call,2017-07-02,2017-07-03,2017-07-04,19.0,2017-07-31,8046,23.65,-0.08155339805825246,缺adj,,2017-07-03,25.75,21,TWSE(FMTQIK),complete
tx05-2017-07-02-call,call,2017-07-02,2017-07-03,2017-07-04,20.0,2017-08-01,8046,23.75,-0.07766990291262132,缺adj,,2017-07-03,25.75,21,TWSE(FMTQIK),complete
tx05-2017-07-02-call,call,2017-07-02,2017-07-03,2017-07-04,0.0,2017-07-04,3189,80.0,0.005025125628140836,缺adj,,2017-07-03,79.6,21,TWSE(FMTQIK),complete
tx05-2017-07-02-call,call,2017-07-02,2017-07-03,2017-07-04,1.0,2017-07-05,3189,80.5,0.011306532663316604,缺adj,,2017-07-03,79.6,21,TWSE(FMTQIK),complete
tx05-2017-07-02-call,call,2017-07-02,2017-07-03,2017-07-04,2.0,2017-07-06,3189,81.9,0.028894472361809198,缺adj,,2017-07-03,79.6,21,TWSE(FMTQIK),complete
tx05-2017-07-02-call,call,2017-07-02,2017-07-03,2017-07-04,3.0,2017-07-07,3189,80.6,0.012562814070351758,缺adj,,2017-07-03,79.6,21,TWSE(FMTQIK),complete
tx05-2017-07-02-call,call,2017-07-02,2017-07-03,2017-07-04,4.0,2017-07-10,3189,79.7,0.0012562814070353756,缺adj,,2017-07-03,79.6,21,TWSE(FMTQIK),complete
tx05-2017-07-02-call,call,2017-07-02,2017-07-03,2017-07-04,5.0,2017-07-11,3189,79.6,0.0,缺adj,,2017-07-03,79.6,21,TWSE(FMTQIK),complete
tx05-2017-07-02-call,call,2017-07-02,2017-07-03,2017-07-04,6.0,2017-07-12,3189,79.8,0.002512562814070307,缺adj,,2017-07-03,79.6,21,TWSE(FMTQIK),complete
tx05-2017-07-02-call,call,2017-07-02,2017-07-03,2017-07-04,7.0,2017-07-13,3189,80.4,0.01005025125628145,缺adj,,2017-07-03,79.6,21,TWSE(FMTQIK),complete
tx05-2017-07-02-call,call,2017-07-02,2017-07-03,2017-07-04,8.0,2017-07-14,3189,80.3,0.008793969849246297,缺adj,,2017-07-03,79.6,21,TWSE(FMTQIK),complete
tx05-2017-07-02-call,call,2017-07-02,2017-07-03,2017-07-04,9.0,2017-07-17,3189,80.5,0.011306532663316604,缺adj,,2017-07-03,79.6,21,TWSE(FMTQIK),complete
tx05-2017-07-02-call,call,2017-07-02,2017-07-03,2017-07-04,10.0,2017-07-18,3189,81.1,0.018844221105527748,缺adj,,2017-07-03,79.6,21,TWSE(FMTQIK),complete
tx05-2017-07-02-call,call,2017-07-02,2017-07-03,2017-07-04,11.0,2017-07-19,3189,83.0,0.04271356783919611,缺adj,,2017-07-03,79.6,21,TWSE(FMTQIK),complete
tx05-2017-07-02-call,call,2017-07-02,2017-07-03,2017-07-04,12.0,2017-07-20,3189,83.5,0.04899497487437188,缺adj,,2017-07-03,79.6,21,TWSE(FMTQIK),complete
tx05-2017-07-02-call,call,2017-07-02,2017-07-03,2017-07-04,13.0,2017-07-21,3189,83.9,0.05402010050251271,缺adj,,2017-07-03,79.6,21,TWSE(FMTQIK),complete
tx05-2017-07-02-call,call,2017-07-02,2017-07-03,2017-07-04,14.0,2017-07-24,3189,83.4,0.047738693467336724,缺adj,,2017-07-03,79.6,21,TWSE(FMTQIK),complete
tx05-2017-07-02-call,call,2017-07-02,2017-07-03,2017-07-04,15.0,2017-07-25,3189,82.2,0.03266331658291466,缺adj,,2017-07-03,79.6,21,TWSE(FMTQIK),complete
tx05-2017-07-02-call,call,2017-07-02,2017-07-03,2017-07-04,16.0,2017-07-26,3189,82.5,0.03643216080402012,缺adj,,2017-07-03,79.6,21,TWSE(FMTQIK),complete
tx05-2017-07-02-call,call,2017-07-02,2017-07-03,2017-07-04,17.0,2017-07-27,3189,82.8,0.04020100502512558,缺adj,,2017-07-03,79.6,21,TWSE(FMTQIK),complete
tx05-2017-07-02-call,call,2017-07-02,2017-07-03,2017-07-04,18.0,2017-07-28,3189,81.7,0.02638190954773889,缺adj,,2017-07-03,79.6,21,TWSE(FMTQIK),complete
tx05-2017-07-02-call,call,2017-07-02,2017-07-03,2017-07-04,19.0,2017-07-31,3189,81.5,0.023869346733668362,缺adj,,2017-07-03,79.6,21,TWSE(FMTQIK),complete
tx05-2017-07-02-call,call,2017-07-02,2017-07-03,2017-07-04,20.0,2017-08-01,3189,83.0,0.04271356783919611,缺adj,,2017-07-03,79.6,21,TWSE(FMTQIK),complete
tx05-2017-07-02-call,call,2017-07-02,2017-07-03,2017-07-04,0.0,2017-07-04,2368,10.45,-0.02336448598130836,缺adj,,2017-07-03,10.7,21,TWSE(FMTQIK),complete
tx05-2017-07-02-call,call,2017-07-02,2017-07-03,2017-07-04,1.0,2017-07-05,2368,10.45,-0.02336448598130836,缺adj,,2017-07-03,10.7,21,TWSE(FMTQIK),complete
tx05-2017-07-02-call,call,2017-07-02,2017-07-03,2017-07-04,2.0,2017-07-06,2368,10.3,-0.03738317757009335,缺adj,,2017-07-03,10.7,21,TWSE(FMTQIK),complete
tx05-2017-07-02-call,call,2017-07-02,2017-07-03,2017-07-04,3.0,2017-07-07,2368,10.15,-0.051401869158878455,缺adj,,2017-07-03,10.7,21,TWSE(FMTQIK),complete
tx05-2017-07-02-call,call,2017-07-02,2017-07-03,2017-07-04,4.0,2017-07-10,2368,10.1,-0.05607476635514019,缺adj,,2017-07-03,10.7,21,TWSE(FMTQIK),complete
tx05-2017-07-02-call,call,2017-07-02,2017-07-03,2017-07-04,5.0,2017-07-11,2368,10.15,-0.051401869158878455,缺adj,,2017-07-03,10.7,21,TWSE(FMTQIK),complete
tx05-2017-07-02-call,call,2017-07-02,2017-07-03,2017-07-04,6.0,2017-07-12,2368,10.05,-0.06074766355140171,缺adj,,2017-07-03,10.7,21,TWSE(FMTQIK),complete
tx05-2017-07-02-call,call,2017-07-02,2017-07-03,2017-07-04,7.0,2017-07-13,2368,10.1,-0.05607476635514019,缺adj,,2017-07-03,10.7,21,TWSE(FMTQIK),complete
tx05-2017-07-02-call,call,2017-07-02,2017-07-03,2017-07-04,8.0,2017-07-14,2368,10.05,-0.06074766355140171,缺adj,,2017-07-03,10.7,21,TWSE(FMTQIK),complete
tx05-2017-07-02-call,call,2017-07-02,2017-07-03,2017-07-04,9.0,2017-07-17,2368,10.45,-0.02336448598130836,缺adj,,2017-07-03,10.7,21,TWSE(FMTQIK),complete
tx05-2017-07-02-call,call,2017-07-02,2017-07-03,2017-07-04,10.0,2017-07-18,2368,10.25,-0.04205607476635509,缺adj,,2017-07-03,10.7,21,TWSE(FMTQIK),complete
tx05-2017-07-02-call,call,2017-07-02,2017-07-03,2017-07-04,11.0,2017-07-19,2368,10.15,-0.051401869158878455,缺adj,,2017-07-03,10.7,21,TWSE(FMTQIK),complete
tx05-2017-07-02-call,call,2017-07-02,2017-07-03,2017-07-04,12.0,2017-07-20,2368,10.15,-0.051401869158878455,缺adj,,2017-07-03,10.7,21,TWSE(FMTQIK),complete
tx05-2017-07-02-call,call,2017-07-02,2017-07-03,2017-07-04,13.0,2017-07-21,2368,10.05,-0.06074766355140171,缺adj,,2017-07-03,10.7,21,TWSE(FMTQIK),complete
tx05-2017-07-02-call,call,2017-07-02,2017-07-03,2017-07-04,14.0,2017-07-24,2368,10.05,-0.06074766355140171,缺adj,,2017-07-03,10.7,21,TWSE(FMTQIK),complete
tx05-2017-07-02-call,call,2017-07-02,2017-07-03,2017-07-04,15.0,2017-07-25,2368,10.1,-0.05607476635514019,缺adj,,2017-07-03,10.7,21,TWSE(FMTQIK),complete
tx05-2017-07-02-call,call,2017-07-02,2017-07-03,2017-07-04,16.0,2017-07-26,2368,10.05,-0.06074766355140171,缺adj,,2017-07-03,10.7,21,TWSE(FMTQIK),complete
tx05-2017-07-02-call,call,2017-07-02,2017-07-03,2017-07-04,17.0,2017-07-27,2368,10.35,-0.032710280373831724,缺adj,,2017-07-03,10.7,21,TWSE(FMTQIK),complete
tx05-2017-07-02-call,call,2017-07-02,2017-07-03,2017-07-04,18.0,2017-07-28,2368,10.3,-0.03738317757009335,缺adj,,2017-07-03,10.7,21,TWSE(FMTQIK),complete
tx05-2017-07-02-call,call,2017-07-02,2017-07-03,2017-07-04,19.0,2017-07-31,2368,10.2,-0.04672897196261683,缺adj,,2017-07-03,10.7,21,TWSE(FMTQIK),complete
tx05-2017-07-02-call,call,2017-07-02,2017-07-03,2017-07-04,20.0,2017-08-01,2368,10.25,-0.04205607476635509,缺adj,,2017-07-03,10.7,21,TWSE(FMTQIK),complete
tx05-2017-07-02-call,call,2017-07-02,2017-07-03,2017-07-04,0.0,2017-07-04,2383,141.0,-0.017421602787456414,缺adj,,2017-07-03,143.5,21,TWSE(FMTQIK),complete
tx05-2017-07-02-call,call,2017-07-02,2017-07-03,2017-07-04,1.0,2017-07-05,2383,143.0,-0.0034843205574912606,缺adj,,2017-07-03,143.5,21,TWSE(FMTQIK),complete
tx05-2017-07-02-call,call,2017-07-02,2017-07-03,2017-07-04,2.0,2017-07-06,2383,142.5,-0.006968641114982632,缺adj,,2017-07-03,143.5,21,TWSE(FMTQIK),complete
tx05-2017-07-02-call,call,2017-07-02,2017-07-03,2017-07-04,3.0,2017-07-07,2383,141.0,-0.017421602787456414,缺adj,,2017-07-03,143.5,21,TWSE(FMTQIK),complete
tx05-2017-07-02-call,call,2017-07-02,2017-07-03,2017-07-04,4.0,2017-07-10,2383,142.5,-0.006968641114982632,缺adj,,2017-07-03,143.5,21,TWSE(FMTQIK),complete
tx05-2017-07-02-call,call,2017-07-02,2017-07-03,2017-07-04,5.0,2017-07-11,2383,140.0,-0.024390243902439046,缺adj,,2017-07-03,143.5,21,TWSE(FMTQIK),complete
tx05-2017-07-02-call,call,2017-07-02,2017-07-03,2017-07-04,6.0,2017-07-12,2383,143.5,0.0,缺adj,,2017-07-03,143.5,21,TWSE(FMTQIK),complete
tx05-2017-07-02-call,call,2017-07-02,2017-07-03,2017-07-04,7.0,2017-07-13,2383,149.0,0.03832752613240409,缺adj,,2017-07-03,143.5,21,TWSE(FMTQIK),complete
tx05-2017-07-02-call,call,2017-07-02,2017-07-03,2017-07-04,8.0,2017-07-14,2383,148.5,0.03484320557491283,缺adj,,2017-07-03,143.5,21,TWSE(FMTQIK),complete
tx05-2017-07-02-call,call,2017-07-02,2017-07-03,2017-07-04,9.0,2017-07-17,2383,147.0,0.024390243902439046,缺adj,,2017-07-03,143.5,21,TWSE(FMTQIK),complete
tx05-2017-07-02-call,call,2017-07-02,2017-07-03,2017-07-04,10.0,2017-07-18,2383,150.0,0.04529616724738683,缺adj,,2017-07-03,143.5,21,TWSE(FMTQIK),complete
tx05-2017-07-02-call,call,2017-07-02,2017-07-03,2017-07-04,11.0,2017-07-19,2383,152.0,0.059233449477351874,缺adj,,2017-07-03,143.5,21,TWSE(FMTQIK),complete
tx05-2017-07-02-call,call,2017-07-02,2017-07-03,2017-07-04,12.0,2017-07-20,2383,149.0,0.03832752613240409,缺adj,,2017-07-03,143.5,21,TWSE(FMTQIK),complete
tx05-2017-07-02-call,call,2017-07-02,2017-07-03,2017-07-04,13.0,2017-07-21,2383,146.5,0.020905923344947785,缺adj,,2017-07-03,143.5,21,TWSE(FMTQIK),complete
tx05-2017-07-02-call,call,2017-07-02,2017-07-03,2017-07-04,14.0,2017-07-24,2383,146.5,0.020905923344947785,缺adj,,2017-07-03,143.5,21,TWSE(FMTQIK),complete
tx05-2017-07-02-call,call,2017-07-02,2017-07-03,2017-07-04,15.0,2017-07-25,2383,147.5,0.027874564459930307,缺adj,,2017-07-03,143.5,21,TWSE(FMTQIK),complete
tx05-2017-07-02-call,call,2017-07-02,2017-07-03,2017-07-04,16.0,2017-07-26,2383,145.5,0.013937282229965264,缺adj,,2017-07-03,143.5,21,TWSE(FMTQIK),complete
tx05-2017-07-02-call,call,2017-07-02,2017-07-03,2017-07-04,17.0,2017-07-27,2383,146.5,0.020905923344947785,缺adj,,2017-07-03,143.5,21,TWSE(FMTQIK),complete
tx05-2017-07-02-call,call,2017-07-02,2017-07-03,2017-07-04,18.0,2017-07-28,2383,150.0,0.04529616724738683,缺adj,,2017-07-03,143.5,21,TWSE(FMTQIK),complete
tx05-2017-07-02-call,call,2017-07-02,2017-07-03,2017-07-04,19.0,2017-07-31,2383,149.5,0.04181184668989557,缺adj,,2017-07-03,143.5,21,TWSE(FMTQIK),complete
tx05-2017-07-02-call,call,2017-07-02,2017-07-03,2017-07-04,20.0,2017-08-01,2383,150.0,0.04529616724738683,缺adj,,2017-07-03,143.5,21,TWSE(FMTQIK),complete
tx05-2017-07-02-call,call,2017-07-02,2017-07-03,2017-07-04,0.0,2017-07-04,6213,40.85,-0.016847172081829065,缺adj,,2017-07-03,41.55,21,TWSE(FMTQIK),complete
tx05-2017-07-02-call,call,2017-07-02,2017-07-03,2017-07-04,1.0,2017-07-05,6213,40.5,-0.025270758122743597,缺adj,,2017-07-03,41.55,21,TWSE(FMTQIK),complete
tx05-2017-07-02-call,call,2017-07-02,2017-07-03,2017-07-04,2.0,2017-07-06,6213,40.55,-0.024067388688327362,缺adj,,2017-07-03,41.55,21,TWSE(FMTQIK),complete
tx05-2017-07-02-call,call,2017-07-02,2017-07-03,2017-07-04,3.0,2017-07-07,6213,40.35,-0.028880866425992635,缺adj,,2017-07-03,41.55,21,TWSE(FMTQIK),complete
tx05-2017-07-02-call,call,2017-07-02,2017-07-03,2017-07-04,4.0,2017-07-10,6213,40.15,-0.03369434416365824,缺adj,,2017-07-03,41.55,21,TWSE(FMTQIK),complete
tx05-2017-07-02-call,call,2017-07-02,2017-07-03,2017-07-04,5.0,2017-07-11,6213,40.15,-0.03369434416365824,缺adj,,2017-07-03,41.55,21,TWSE(FMTQIK),complete
tx05-2017-07-02-call,call,2017-07-02,2017-07-03,2017-07-04,6.0,2017-07-12,6213,40.7,-0.020457280385078103,缺adj,,2017-07-03,41.55,21,TWSE(FMTQIK),complete
tx05-2017-07-02-call,call,2017-07-02,2017-07-03,2017-07-04,7.0,2017-07-13,6213,40.4,-0.0276774969915764,缺adj,,2017-07-03,41.55,21,TWSE(FMTQIK),complete
tx05-2017-07-02-call,call,2017-07-02,2017-07-03,2017-07-04,8.0,2017-07-14,6213,39.8,-0.04211793020457277,缺adj,,2017-07-03,41.55,21,TWSE(FMTQIK),complete
tx05-2017-07-02-call,call,2017-07-02,2017-07-03,2017-07-04,9.0,2017-07-17,6213,38.6,-0.07099879663056552,缺adj,,2017-07-03,41.55,21,TWSE(FMTQIK),complete
tx05-2017-07-02-call,call,2017-07-02,2017-07-03,2017-07-04,10.0,2017-07-18,6213,38.85,-0.06498194945848368,缺adj,,2017-07-03,41.55,21,TWSE(FMTQIK),complete
tx05-2017-07-02-call,call,2017-07-02,2017-07-03,2017-07-04,11.0,2017-07-19,6213,40.0,-0.03730445246690728,缺adj,,2017-07-03,41.55,21,TWSE(FMTQIK),complete
tx05-2017-07-02-call,call,2017-07-02,2017-07-03,2017-07-04,12.0,2017-07-20,6213,40.95,-0.014440433212996262,缺adj,,2017-07-03,41.55,21,TWSE(FMTQIK),complete
tx05-2017-07-02-call,call,2017-07-02,2017-07-03,2017-07-04,13.0,2017-07-21,6213,41.45,-0.002406738868832581,缺adj,,2017-07-03,41.55,21,TWSE(FMTQIK),complete
tx05-2017-07-02-call,call,2017-07-02,2017-07-03,2017-07-04,14.0,2017-07-24,6213,43.0,0.03489771359807459,缺adj,,2017-07-03,41.55,21,TWSE(FMTQIK),complete
tx05-2017-07-02-call,call,2017-07-02,2017-07-03,2017-07-04,15.0,2017-07-25,6213,44.25,0.06498194945848379,缺adj,,2017-07-03,41.55,21,TWSE(FMTQIK),complete
tx05-2017-07-02-call,call,2017-07-02,2017-07-03,2017-07-04,16.0,2017-07-26,6213,43.8,0.054151624548736566,缺adj,,2017-07-03,41.55,21,TWSE(FMTQIK),complete
tx05-2017-07-02-call,call,2017-07-02,2017-07-03,2017-07-04,17.0,2017-07-27,6213,44.25,0.06498194945848379,缺adj,,2017-07-03,41.55,21,TWSE(FMTQIK),complete
tx05-2017-07-02-call,call,2017-07-02,2017-07-03,2017-07-04,18.0,2017-07-28,6213,44.4,0.06859205776173294,缺adj,,2017-07-03,41.55,21,TWSE(FMTQIK),complete
tx05-2017-07-02-call,call,2017-07-02,2017-07-03,2017-07-04,19.0,2017-07-31,6213,45.95,0.10589651022864044,缺adj,,2017-07-03,41.55,21,TWSE(FMTQIK),complete
tx05-2017-07-02-call,call,2017-07-02,2017-07-03,2017-07-04,20.0,2017-08-01,6213,46.45,0.1179302045728039,缺adj,,2017-07-03,41.55,21,TWSE(FMTQIK),complete
tx05-2017-07-02-call,call,2017-07-02,2017-07-03,2017-07-04,0.0,2017-07-04,6274,57.5,-0.006908462867012077,缺adj,,2017-07-03,57.9,21,TWSE(FMTQIK),complete
tx05-2017-07-02-call,call,2017-07-02,2017-07-03,2017-07-04,1.0,2017-07-05,6274,56.5,-0.024179620034542326,缺adj,,2017-07-03,57.9,21,TWSE(FMTQIK),complete
tx05-2017-07-02-call,call,2017-07-02,2017-07-03,2017-07-04,2.0,2017-07-06,6274,59.5,0.02763385146804831,缺adj,,2017-07-03,57.9,21,TWSE(FMTQIK),complete
tx05-2017-07-02-call,call,2017-07-02,2017-07-03,2017-07-04,3.0,2017-07-07,6274,58.3,0.006908462867011966,缺adj,,2017-07-03,57.9,21,TWSE(FMTQIK),complete
tx05-2017-07-02-call,call,2017-07-02,2017-07-03,2017-07-04,4.0,2017-07-10,6274,58.3,0.006908462867011966,缺adj,,2017-07-03,57.9,21,TWSE(FMTQIK),complete
tx05-2017-07-02-call,call,2017-07-02,2017-07-03,2017-07-04,5.0,2017-07-11,6274,57.4,-0.008635578583765069,缺adj,,2017-07-03,57.9,21,TWSE(FMTQIK),complete
tx05-2017-07-02-call,call,2017-07-02,2017-07-03,2017-07-04,6.0,2017-07-12,6274,59.3,0.024179620034542326,缺adj,,2017-07-03,57.9,21,TWSE(FMTQIK),complete
tx05-2017-07-02-call,call,2017-07-02,2017-07-03,2017-07-04,7.0,2017-07-13,6274,58.4,0.008635578583765069,缺adj,,2017-07-03,57.9,21,TWSE(FMTQIK),complete
tx05-2017-07-02-call,call,2017-07-02,2017-07-03,2017-07-04,8.0,2017-07-14,6274,55.6,-0.03972366148531947,缺adj,,2017-07-03,57.9,21,TWSE(FMTQIK),complete
tx05-2017-07-02-call,call,2017-07-02,2017-07-03,2017-07-04,9.0,2017-07-17,6274,54.0,-0.06735751295336789,缺adj,,2017-07-03,57.9,21,TWSE(FMTQIK),complete
tx05-2017-07-02-call,call,2017-07-02,2017-07-03,2017-07-04,10.0,2017-07-18,6274,55.8,-0.03626943005181349,缺adj,,2017-07-03,57.9,21,TWSE(FMTQIK),complete
tx05-2017-07-02-call,call,2017-07-02,2017-07-03,2017-07-04,11.0,2017-07-19,6274,56.2,-0.0293609671848013,缺adj,,2017-07-03,57.9,21,TWSE(FMTQIK),complete
tx05-2017-07-02-call,call,2017-07-02,2017-07-03,2017-07-04,12.0,2017-07-20,6274,56.2,-0.0293609671848013,缺adj,,2017-07-03,57.9,21,TWSE(FMTQIK),complete
tx05-2017-07-02-call,call,2017-07-02,2017-07-03,2017-07-04,13.0,2017-07-21,6274,55.4,-0.04317789291882557,缺adj,,2017-07-03,57.9,21,TWSE(FMTQIK),complete
tx05-2017-07-02-call,call,2017-07-02,2017-07-03,2017-07-04,14.0,2017-07-24,6274,60.0,0.0362694300518136,缺adj,,2017-07-03,57.9,21,TWSE(FMTQIK),complete
tx05-2017-07-02-call,call,2017-07-02,2017-07-03,2017-07-04,15.0,2017-07-25,6274,62.0,0.07081174438687388,缺adj,,2017-07-03,57.9,21,TWSE(FMTQIK),complete
tx05-2017-07-02-call,call,2017-07-02,2017-07-03,2017-07-04,16.0,2017-07-26,6274,63.0,0.08808290155440424,缺adj,,2017-07-03,57.9,21,TWSE(FMTQIK),complete
tx05-2017-07-02-call,call,2017-07-02,2017-07-03,2017-07-04,17.0,2017-07-27,6274,64.4,0.11226252158894656,缺adj,,2017-07-03,57.9,21,TWSE(FMTQIK),complete
tx05-2017-07-02-call,call,2017-07-02,2017-07-03,2017-07-04,18.0,2017-07-28,6274,66.2,0.14335060449050085,缺adj,,2017-07-03,57.9,21,TWSE(FMTQIK),complete
tx05-2017-07-02-call,call,2017-07-02,2017-07-03,2017-07-04,19.0,2017-07-31,6274,65.0,0.12262521588946451,缺adj,,2017-07-03,57.9,21,TWSE(FMTQIK),complete
tx05-2017-07-02-call,call,2017-07-02,2017-07-03,2017-07-04,20.0,2017-08-01,6274,68.0,0.17443868739205537,缺adj,,2017-07-03,57.9,21,TWSE(FMTQIK),complete
tx05-2017-07-02-call,call,2017-07-02,2017-07-03,2017-07-04,0.0,2017-07-04,2408,53.8,-0.009208103130755041,缺adj,,2017-07-03,54.3,21,TWSE(FMTQIK),complete
tx05-2017-07-02-call,call,2017-07-02,2017-07-03,2017-07-04,1.0,2017-07-05,2408,55.0,0.012891344383057168,缺adj,,2017-07-03,54.3,21,TWSE(FMTQIK),complete
tx05-2017-07-02-call,call,2017-07-02,2017-07-03,2017-07-04,2.0,2017-07-06,2408,55.0,0.012891344383057168,缺adj,,2017-07-03,54.3,21,TWSE(FMTQIK),complete
tx05-2017-07-02-call,call,2017-07-02,2017-07-03,2017-07-04,3.0,2017-07-07,2408,54.9,0.011049723756906049,缺adj,,2017-07-03,54.3,21,TWSE(FMTQIK),complete
tx05-2017-07-02-call,call,2017-07-02,2017-07-03,2017-07-04,4.0,2017-07-10,2408,55.3,0.018416206261510082,缺adj,,2017-07-03,54.3,21,TWSE(FMTQIK),complete
tx05-2017-07-02-call,call,2017-07-02,2017-07-03,2017-07-04,5.0,2017-07-11,2408,56.2,0.03499079189686927,缺adj,,2017-07-03,54.3,21,TWSE(FMTQIK),complete
tx05-2017-07-02-call,call,2017-07-02,2017-07-03,2017-07-04,6.0,2017-07-12,2408,56.3,0.036832412523020164,缺adj,,2017-07-03,54.3,21,TWSE(FMTQIK),complete
tx05-2017-07-02-call,call,2017-07-02,2017-07-03,2017-07-04,7.0,2017-07-13,2408,56.6,0.0423572744014733,缺adj,,2017-07-03,54.3,21,TWSE(FMTQIK),complete
tx05-2017-07-02-call,call,2017-07-02,2017-07-03,2017-07-04,8.0,2017-07-14,2408,56.7,0.04419889502762442,缺adj,,2017-07-03,54.3,21,TWSE(FMTQIK),complete
tx05-2017-07-02-call,call,2017-07-02,2017-07-03,2017-07-04,9.0,2017-07-17,2408,58.6,0.07918968692449369,缺adj,,2017-07-03,54.3,21,TWSE(FMTQIK),complete
tx05-2017-07-02-call,call,2017-07-02,2017-07-03,2017-07-04,10.0,2017-07-18,2408,61.3,0.12891344383057102,缺adj,,2017-07-03,54.3,21,TWSE(FMTQIK),complete
tx05-2017-07-02-call,call,2017-07-02,2017-07-03,2017-07-04,11.0,2017-07-19,2408,60.6,0.11602209944751385,缺adj,,2017-07-03,54.3,21,TWSE(FMTQIK),complete
tx05-2017-07-02-call,call,2017-07-02,2017-07-03,2017-07-04,12.0,2017-07-20,2408,60.8,0.11970534069981587,缺adj,,2017-07-03,54.3,21,TWSE(FMTQIK),complete
tx05-2017-07-02-call,call,2017-07-02,2017-07-03,2017-07-04,13.0,2017-07-21,2408,63.3,0.16574585635359118,缺adj,,2017-07-03,54.3,21,TWSE(FMTQIK),complete
tx05-2017-07-02-call,call,2017-07-02,2017-07-03,2017-07-04,14.0,2017-07-24,2408,65.0,0.19705340699815843,缺adj,,2017-07-03,54.3,21,TWSE(FMTQIK),complete
tx05-2017-07-02-call,call,2017-07-02,2017-07-03,2017-07-04,15.0,2017-07-25,2408,64.0,0.17863720073664835,缺adj,,2017-07-03,54.3,21,TWSE(FMTQIK),complete
tx05-2017-07-02-call,call,2017-07-02,2017-07-03,2017-07-04,16.0,2017-07-26,2408,62.8,0.15653775322283603,缺adj,,2017-07-03,54.3,21,TWSE(FMTQIK),complete
tx05-2017-07-02-call,call,2017-07-02,2017-07-03,2017-07-04,17.0,2017-07-27,2408,63.9,0.17679558011049723,缺adj,,2017-07-03,54.3,21,TWSE(FMTQIK),complete
tx05-2017-07-02-call,call,2017-07-02,2017-07-03,2017-07-04,18.0,2017-07-28,2408,63.4,0.1675874769797423,缺adj,,2017-07-03,54.3,21,TWSE(FMTQIK),complete
tx05-2017-07-02-call,call,2017-07-02,2017-07-03,2017-07-04,19.0,2017-07-31,2408,62.4,0.149171270718232,缺adj,,2017-07-03,54.3,21,TWSE(FMTQIK),complete
tx05-2017-07-02-call,call,2017-07-02,2017-07-03,2017-07-04,20.0,2017-08-01,2408,63.0,0.16022099447513827,缺adj,,2017-07-03,54.3,21,TWSE(FMTQIK),complete
tx05-2017-07-02-call,call,2017-07-02,2017-07-03,2017-07-04,0.0,2017-07-04,2344,18.1,-0.0027548209366389242,缺adj,,2017-07-03,18.15,21,TWSE(FMTQIK),complete
tx05-2017-07-02-call,call,2017-07-02,2017-07-03,2017-07-04,1.0,2017-07-05,2344,18.05,-0.0055096418732780705,缺adj,,2017-07-03,18.15,21,TWSE(FMTQIK),complete
tx05-2017-07-02-call,call,2017-07-02,2017-07-03,2017-07-04,2.0,2017-07-06,2344,18.15,0.0,缺adj,,2017-07-03,18.15,21,TWSE(FMTQIK),complete
tx05-2017-07-02-call,call,2017-07-02,2017-07-03,2017-07-04,3.0,2017-07-07,2344,17.95,-0.011019283746556474,缺adj,,2017-07-03,18.15,21,TWSE(FMTQIK),complete
tx05-2017-07-02-call,call,2017-07-02,2017-07-03,2017-07-04,4.0,2017-07-10,2344,18.0,-0.008264462809917328,缺adj,,2017-07-03,18.15,21,TWSE(FMTQIK),complete
tx05-2017-07-02-call,call,2017-07-02,2017-07-03,2017-07-04,5.0,2017-07-11,2344,18.15,0.0,缺adj,,2017-07-03,18.15,21,TWSE(FMTQIK),complete
tx05-2017-07-02-call,call,2017-07-02,2017-07-03,2017-07-04,6.0,2017-07-12,2344,18.2,0.0027548209366392573,缺adj,,2017-07-03,18.15,21,TWSE(FMTQIK),complete
tx05-2017-07-02-call,call,2017-07-02,2017-07-03,2017-07-04,7.0,2017-07-13,2344,18.45,0.016528925619834656,缺adj,,2017-07-03,18.15,21,TWSE(FMTQIK),complete
tx05-2017-07-02-call,call,2017-07-02,2017-07-03,2017-07-04,8.0,2017-07-14,2344,18.4,0.01377410468319562,缺adj,,2017-07-03,18.15,21,TWSE(FMTQIK),complete
tx05-2017-07-02-call,call,2017-07-02,2017-07-03,2017-07-04,9.0,2017-07-17,2344,18.1,-0.0027548209366389242,缺adj,,2017-07-03,18.15,21,TWSE(FMTQIK),complete
tx05-2017-07-02-call,call,2017-07-02,2017-07-03,2017-07-04,10.0,2017-07-18,2344,18.2,0.0027548209366392573,缺adj,,2017-07-03,18.15,21,TWSE(FMTQIK),complete
tx05-2017-07-02-call,call,2017-07-02,2017-07-03,2017-07-04,11.0,2017-07-19,2344,18.25,0.005509641873278293,缺adj,,2017-07-03,18.15,21,TWSE(FMTQIK),complete
tx05-2017-07-02-call,call,2017-07-02,2017-07-03,2017-07-04,12.0,2017-07-20,2344,18.25,0.005509641873278293,缺adj,,2017-07-03,18.15,21,TWSE(FMTQIK),complete
tx05-2017-07-02-call,call,2017-07-02,2017-07-03,2017-07-04,13.0,2017-07-21,2344,18.55,0.02203856749311317,缺adj,,2017-07-03,18.15,21,TWSE(FMTQIK),complete
tx05-2017-07-02-call,call,2017-07-02,2017-07-03,2017-07-04,14.0,2017-07-24,2344,18.45,0.016528925619834656,缺adj,,2017-07-03,18.15,21,TWSE(FMTQIK),complete
tx05-2017-07-02-call,call,2017-07-02,2017-07-03,2017-07-04,15.0,2017-07-25,2344,18.8,0.03581267217630857,缺adj,,2017-07-03,18.15,21,TWSE(FMTQIK),complete
tx05-2017-07-02-call,call,2017-07-02,2017-07-03,2017-07-04,16.0,2017-07-26,2344,18.7,0.030303030303030276,缺adj,,2017-07-03,18.15,21,TWSE(FMTQIK),complete
tx05-2017-07-02-call,call,2017-07-02,2017-07-03,2017-07-04,17.0,2017-07-27,2344,18.8,0.03581267217630857,缺adj,,2017-07-03,18.15,21,TWSE(FMTQIK),complete
tx05-2017-07-02-call,call,2017-07-02,2017-07-03,2017-07-04,18.0,2017-07-28,2344,19.0,0.046831955922865154,缺adj,,2017-07-03,18.15,21,TWSE(FMTQIK),complete
tx05-2017-07-02-call,call,2017-07-02,2017-07-03,2017-07-04,19.0,2017-07-31,2344,18.25,0.005509641873278293,缺adj,,2017-07-03,18.15,21,TWSE(FMTQIK),complete
tx05-2017-07-02-call,call,2017-07-02,2017-07-03,2017-07-04,20.0,2017-08-01,2344,17.75,-0.022038567493112837,缺adj,,2017-07-03,18.15,21,TWSE(FMTQIK),complete
tx05-2017-07-02-call,call,2017-07-02,2017-07-03,2017-07-04,0.0,2017-07-04,6770,,,MISSING(未上市，首筆 2020-12-09);缺adj,,2017-07-03,,0,TWSE(FMTQIK),complete
tx05-2017-07-02-call,call,2017-07-02,2017-07-03,2017-07-04,1.0,2017-07-05,6770,,,MISSING(未上市，首筆 2020-12-09);缺adj,,2017-07-03,,0,TWSE(FMTQIK),complete
tx05-2017-07-02-call,call,2017-07-02,2017-07-03,2017-07-04,2.0,2017-07-06,6770,,,MISSING(未上市，首筆 2020-12-09);缺adj,,2017-07-03,,0,TWSE(FMTQIK),complete
tx05-2017-07-02-call,call,2017-07-02,2017-07-03,2017-07-04,3.0,2017-07-07,6770,,,MISSING(未上市，首筆 2020-12-09);缺adj,,2017-07-03,,0,TWSE(FMTQIK),complete
tx05-2017-07-02-call,call,2017-07-02,2017-07-03,2017-07-04,4.0,2017-07-10,6770,,,MISSING(未上市，首筆 2020-12-09);缺adj,,2017-07-03,,0,TWSE(FMTQIK),complete
tx05-2017-07-02-call,call,2017-07-02,2017-07-03,2017-07-04,5.0,2017-07-11,6770,,,MISSING(未上市，首筆 2020-12-09);缺adj,,2017-07-03,,0,TWSE(FMTQIK),complete
tx05-2017-07-02-call,call,2017-07-02,2017-07-03,2017-07-04,6.0,2017-07-12,6770,,,MISSING(未上市，首筆 2020-12-09);缺adj,,2017-07-03,,0,TWSE(FMTQIK),complete
tx05-2017-07-02-call,call,2017-07-02,2017-07-03,2017-07-04,7.0,2017-07-13,6770,,,MISSING(未上市，首筆 2020-12-09);缺adj,,2017-07-03,,0,TWSE(FMTQIK),complete
tx05-2017-07-02-call,call,2017-07-02,2017-07-03,2017-07-04,8.0,2017-07-14,6770,,,MISSING(未上市，首筆 2020-12-09);缺adj,,2017-07-03,,0,TWSE(FMTQIK),complete
tx05-2017-07-02-call,call,2017-07-02,2017-07-03,2017-07-04,9.0,2017-07-17,6770,,,MISSING(未上市，首筆 2020-12-09);缺adj,,2017-07-03,,0,TWSE(FMTQIK),complete
tx05-2017-07-02-call,call,2017-07-02,2017-07-03,2017-07-04,10.0,2017-07-18,6770,,,MISSING(未上市，首筆 2020-12-09);缺adj,,2017-07-03,,0,TWSE(FMTQIK),complete
tx05-2017-07-02-call,call,2017-07-02,2017-07-03,2017-07-04,11.0,2017-07-19,6770,,,MISSING(未上市，首筆 2020-12-09);缺adj,,2017-07-03,,0,TWSE(FMTQIK),complete
tx05-2017-07-02-call,call,2017-07-02,2017-07-03,2017-07-04,12.0,2017-07-20,6770,,,MISSING(未上市，首筆 2020-12-09);缺adj,,2017-07-03,,0,TWSE(FMTQIK),complete
tx05-2017-07-02-call,call,2017-07-02,2017-07-03,2017-07-04,13.0,2017-07-21,6770,,,MISSING(未上市，首筆 2020-12-09);缺adj,,2017-07-03,,0,TWSE(FMTQIK),complete
tx05-2017-07-02-call,call,2017-07-02,2017-07-03,2017-07-04,14.0,2017-07-24,6770,,,MISSING(未上市，首筆 2020-12-09);缺adj,,2017-07-03,,0,TWSE(FMTQIK),complete
tx05-2017-07-02-call,call,2017-07-02,2017-07-03,2017-07-04,15.0,2017-07-25,6770,,,MISSING(未上市，首筆 2020-12-09);缺adj,,2017-07-03,,0,TWSE(FMTQIK),complete
tx05-2017-07-02-call,call,2017-07-02,2017-07-03,2017-07-04,16.0,2017-07-26,6770,,,MISSING(未上市，首筆 2020-12-09);缺adj,,2017-07-03,,0,TWSE(FMTQIK),complete
tx05-2017-07-02-call,call,2017-07-02,2017-07-03,2017-07-04,17.0,2017-07-27,6770,,,MISSING(未上市，首筆 2020-12-09);缺adj,,2017-07-03,,0,TWSE(FMTQIK),complete
tx05-2017-07-02-call,call,2017-07-02,2017-07-03,2017-07-04,18.0,2017-07-28,6770,,,MISSING(未上市，首筆 2020-12-09);缺adj,,2017-07-03,,0,TWSE(FMTQIK),complete
tx05-2017-07-02-call,call,2017-07-02,2017-07-03,2017-07-04,19.0,2017-07-31,6770,,,MISSING(未上市，首筆 2020-12-09);缺adj,,2017-07-03,,0,TWSE(FMTQIK),complete
tx05-2017-07-02-call,call,2017-07-02,2017-07-03,2017-07-04,20.0,2017-08-01,6770,,,MISSING(未上市，首筆 2020-12-09);缺adj,,2017-07-03,,0,TWSE(FMTQIK),complete
tx05-2017-07-02-call,call,2017-07-02,2017-07-03,2017-07-04,0.0,2017-07-04,3711,,,MISSING(未上市，首筆 2018-04-30);缺adj,,2017-07-03,,0,TWSE(FMTQIK),complete
tx05-2017-07-02-call,call,2017-07-02,2017-07-03,2017-07-04,1.0,2017-07-05,3711,,,MISSING(未上市，首筆 2018-04-30);缺adj,,2017-07-03,,0,TWSE(FMTQIK),complete
tx05-2017-07-02-call,call,2017-07-02,2017-07-03,2017-07-04,2.0,2017-07-06,3711,,,MISSING(未上市，首筆 2018-04-30);缺adj,,2017-07-03,,0,TWSE(FMTQIK),complete
tx05-2017-07-02-call,call,2017-07-02,2017-07-03,2017-07-04,3.0,2017-07-07,3711,,,MISSING(未上市，首筆 2018-04-30);缺adj,,2017-07-03,,0,TWSE(FMTQIK),complete
tx05-2017-07-02-call,call,2017-07-02,2017-07-03,2017-07-04,4.0,2017-07-10,3711,,,MISSING(未上市，首筆 2018-04-30);缺adj,,2017-07-03,,0,TWSE(FMTQIK),complete
tx05-2017-07-02-call,call,2017-07-02,2017-07-03,2017-07-04,5.0,2017-07-11,3711,,,MISSING(未上市，首筆 2018-04-30);缺adj,,2017-07-03,,0,TWSE(FMTQIK),complete
tx05-2017-07-02-call,call,2017-07-02,2017-07-03,2017-07-04,6.0,2017-07-12,3711,,,MISSING(未上市，首筆 2018-04-30);缺adj,,2017-07-03,,0,TWSE(FMTQIK),complete
tx05-2017-07-02-call,call,2017-07-02,2017-07-03,2017-07-04,7.0,2017-07-13,3711,,,MISSING(未上市，首筆 2018-04-30);缺adj,,2017-07-03,,0,TWSE(FMTQIK),complete
tx05-2017-07-02-call,call,2017-07-02,2017-07-03,2017-07-04,8.0,2017-07-14,3711,,,MISSING(未上市，首筆 2018-04-30);缺adj,,2017-07-03,,0,TWSE(FMTQIK),complete
tx05-2017-07-02-call,call,2017-07-02,2017-07-03,2017-07-04,9.0,2017-07-17,3711,,,MISSING(未上市，首筆 2018-04-30);缺adj,,2017-07-03,,0,TWSE(FMTQIK),complete
tx05-2017-07-02-call,call,2017-07-02,2017-07-03,2017-07-04,10.0,2017-07-18,3711,,,MISSING(未上市，首筆 2018-04-30);缺adj,,2017-07-03,,0,TWSE(FMTQIK),complete
tx05-2017-07-02-call,call,2017-07-02,2017-07-03,2017-07-04,11.0,2017-07-19,3711,,,MISSING(未上市，首筆 2018-04-30);缺adj,,2017-07-03,,0,TWSE(FMTQIK),complete
tx05-2017-07-02-call,call,2017-07-02,2017-07-03,2017-07-04,12.0,2017-07-20,3711,,,MISSING(未上市，首筆 2018-04-30);缺adj,,2017-07-03,,0,TWSE(FMTQIK),complete
tx05-2017-07-02-call,call,2017-07-02,2017-07-03,2017-07-04,13.0,2017-07-21,3711,,,MISSING(未上市，首筆 2018-04-30);缺adj,,2017-07-03,,0,TWSE(FMTQIK),complete
tx05-2017-07-02-call,call,2017-07-02,2017-07-03,2017-07-04,14.0,2017-07-24,3711,,,MISSING(未上市，首筆 2018-04-30);缺adj,,2017-07-03,,0,TWSE(FMTQIK),complete
tx05-2017-07-02-call,call,2017-07-02,2017-07-03,2017-07-04,15.0,2017-07-25,3711,,,MISSING(未上市，首筆 2018-04-30);缺adj,,2017-07-03,,0,TWSE(FMTQIK),complete
tx05-2017-07-02-call,call,2017-07-02,2017-07-03,2017-07-04,16.0,2017-07-26,3711,,,MISSING(未上市，首筆 2018-04-30);缺adj,,2017-07-03,,0,TWSE(FMTQIK),complete
tx05-2017-07-02-call,call,2017-07-02,2017-07-03,2017-07-04,17.0,2017-07-27,3711,,,MISSING(未上市，首筆 2018-04-30);缺adj,,2017-07-03,,0,TWSE(FMTQIK),complete
tx05-2017-07-02-call,call,2017-07-02,2017-07-03,2017-07-04,18.0,2017-07-28,3711,,,MISSING(未上市，首筆 2018-04-30);缺adj,,2017-07-03,,0,TWSE(FMTQIK),complete
tx05-2017-07-02-call,call,2017-07-02,2017-07-03,2017-07-04,19.0,2017-07-31,3711,,,MISSING(未上市，首筆 2018-04-30);缺adj,,2017-07-03,,0,TWSE(FMTQIK),complete
tx05-2017-07-02-call,call,2017-07-02,2017-07-03,2017-07-04,20.0,2017-08-01,3711,,,MISSING(未上市，首筆 2018-04-30);缺adj,,2017-07-03,,0,TWSE(FMTQIK),complete
tx05-2017-07-02-call,call,2017-07-02,2017-07-03,2017-07-04,0.0,2017-07-04,EW_TW,,-0.009020917780104078,n=9/11;缺adj,9.0,2017-07-03,,21,TWSE(FMTQIK),complete
tx05-2017-07-02-call,call,2017-07-02,2017-07-03,2017-07-04,1.0,2017-07-05,EW_TW,,-0.009710793235121744,n=9/11;缺adj,9.0,2017-07-03,,21,TWSE(FMTQIK),complete
tx05-2017-07-02-call,call,2017-07-02,2017-07-03,2017-07-04,2.0,2017-07-06,EW_TW,,-0.004566243354595582,n=9/11;缺adj,9.0,2017-07-03,,21,TWSE(FMTQIK),complete
tx05-2017-07-02-call,call,2017-07-02,2017-07-03,2017-07-04,3.0,2017-07-07,EW_TW,,-0.014302915416402285,n=9/11;缺adj,9.0,2017-07-03,,21,TWSE(FMTQIK),complete
tx05-2017-07-02-call,call,2017-07-02,2017-07-03,2017-07-04,4.0,2017-07-10,EW_TW,,-0.01389570956505738,n=9/11;缺adj,9.0,2017-07-03,,21,TWSE(FMTQIK),complete
tx05-2017-07-02-call,call,2017-07-02,2017-07-03,2017-07-04,5.0,2017-07-11,EW_TW,,-0.013074241093537522,n=9/11;缺adj,9.0,2017-07-03,,21,TWSE(FMTQIK),complete
tx05-2017-07-02-call,call,2017-07-02,2017-07-03,2017-07-04,6.0,2017-07-12,EW_TW,,-0.003288029668833619,n=9/11;缺adj,9.0,2017-07-03,,21,TWSE(FMTQIK),complete
tx05-2017-07-02-call,call,2017-07-02,2017-07-03,2017-07-04,7.0,2017-07-13,EW_TW,,0.0023737831557086864,n=9/11;缺adj,9.0,2017-07-03,,21,TWSE(FMTQIK),complete
tx05-2017-07-02-call,call,2017-07-02,2017-07-03,2017-07-04,8.0,2017-07-14,EW_TW,,-0.004645348985304653,n=9/11;缺adj,9.0,2017-07-03,,21,TWSE(FMTQIK),complete
tx05-2017-07-02-call,call,2017-07-02,2017-07-03,2017-07-04,9.0,2017-07-17,EW_TW,,-0.004665694164547047,n=9/11;缺adj,9.0,2017-07-03,,21,TWSE(FMTQIK),complete
tx05-2017-07-02-call,call,2017-07-02,2017-07-03,2017-07-04,10.0,2017-07-18,EW_TW,,0.0049013792201267024,n=9/11;缺adj,9.0,2017-07-03,,21,TWSE(FMTQIK),complete
tx05-2017-07-02-call,call,2017-07-02,2017-07-03,2017-07-04,11.0,2017-07-19,EW_TW,,0.010059718360566825,n=9/11;缺adj,9.0,2017-07-03,,21,TWSE(FMTQIK),complete
tx05-2017-07-02-call,call,2017-07-02,2017-07-03,2017-07-04,12.0,2017-07-20,EW_TW,,0.00805186162867555,n=9/11;缺adj,9.0,2017-07-03,,21,TWSE(FMTQIK),complete
tx05-2017-07-02-call,call,2017-07-02,2017-07-03,2017-07-04,13.0,2017-07-21,EW_TW,,0.012605826729200718,n=9/11;缺adj,9.0,2017-07-03,,21,TWSE(FMTQIK),complete
tx05-2017-07-02-call,call,2017-07-02,2017-07-03,2017-07-04,14.0,2017-07-24,EW_TW,,0.027388577621300807,n=9/11;缺adj,9.0,2017-07-03,,21,TWSE(FMTQIK),complete
tx05-2017-07-02-call,call,2017-07-02,2017-07-03,2017-07-04,15.0,2017-07-25,EW_TW,,0.03490838089300579,n=9/11;缺adj,9.0,2017-07-03,,21,TWSE(FMTQIK),complete
tx05-2017-07-02-call,call,2017-07-02,2017-07-03,2017-07-04,16.0,2017-07-26,EW_TW,,0.028483766843459657,n=9/11;缺adj,9.0,2017-07-03,,21,TWSE(FMTQIK),complete
tx05-2017-07-02-call,call,2017-07-02,2017-07-03,2017-07-04,17.0,2017-07-27,EW_TW,,0.045594608523162675,n=9/11;缺adj,9.0,2017-07-03,,21,TWSE(FMTQIK),complete
tx05-2017-07-02-call,call,2017-07-02,2017-07-03,2017-07-04,18.0,2017-07-28,EW_TW,,0.05369371619796009,n=9/11;缺adj,9.0,2017-07-03,,21,TWSE(FMTQIK),complete
tx05-2017-07-02-call,call,2017-07-02,2017-07-03,2017-07-04,19.0,2017-07-31,EW_TW,,0.04717044959799696,n=9/11;缺adj,9.0,2017-07-03,,21,TWSE(FMTQIK),complete
tx05-2017-07-02-call,call,2017-07-02,2017-07-03,2017-07-04,20.0,2017-08-01,EW_TW,,0.054926743814668805,n=9/11;缺adj,9.0,2017-07-03,,21,TWSE(FMTQIK),complete
tx05-2017-07-02-call,call,2017-07-02,2017-07-03,缺,,缺,NET,,,MISSING(未上市，首筆 2019-09-13),,缺,,0,US(own bars),complete
tx07-2017-08-11-call,call,2017-08-11,2017-08-12,2017-08-14,0.0,2017-08-14,TAIEX,10225.28,-0.010096257637055461,缺adj,,2017-08-11,10329.57,21,TWSE(FMTQIK),complete
tx07-2017-08-11-call,call,2017-08-11,2017-08-12,2017-08-14,1.0,2017-08-15,TAIEX,10311.16,-0.0017822619915446314,缺adj,,2017-08-11,10329.57,21,TWSE(FMTQIK),complete
tx07-2017-08-11-call,call,2017-08-11,2017-08-12,2017-08-14,2.0,2017-08-16,TAIEX,10290.39,-0.0037929942872743094,缺adj,,2017-08-11,10329.57,21,TWSE(FMTQIK),complete
tx07-2017-08-11-call,call,2017-08-11,2017-08-12,2017-08-14,3.0,2017-08-17,TAIEX,10369.37,0.003853016146848409,缺adj,,2017-08-11,10329.57,21,TWSE(FMTQIK),complete
tx07-2017-08-11-call,call,2017-08-11,2017-08-12,2017-08-14,4.0,2017-08-18,TAIEX,10321.33,-0.0007977098756288825,缺adj,,2017-08-11,10329.57,21,TWSE(FMTQIK),complete
tx07-2017-08-11-call,call,2017-08-11,2017-08-12,2017-08-14,5.0,2017-08-21,TAIEX,10326.39,-0.00030785405394417875,缺adj,,2017-08-11,10329.57,21,TWSE(FMTQIK),complete
tx07-2017-08-11-call,call,2017-08-11,2017-08-12,2017-08-14,6.0,2017-08-22,TAIEX,10392.07,0.0060505906828647316,缺adj,,2017-08-11,10329.57,21,TWSE(FMTQIK),complete
tx07-2017-08-11-call,call,2017-08-11,2017-08-12,2017-08-14,7.0,2017-08-23,TAIEX,10406.81,0.00747756198951155,缺adj,,2017-08-11,10329.57,21,TWSE(FMTQIK),complete
tx07-2017-08-11-call,call,2017-08-11,2017-08-12,2017-08-14,8.0,2017-08-24,TAIEX,10488.96,0.015430458383069112,缺adj,,2017-08-11,10329.57,21,TWSE(FMTQIK),complete
tx07-2017-08-11-call,call,2017-08-11,2017-08-12,2017-08-14,9.0,2017-08-25,TAIEX,10515.51,0.018000749305150165,缺adj,,2017-08-11,10329.57,21,TWSE(FMTQIK),complete
tx07-2017-08-11-call,call,2017-08-11,2017-08-12,2017-08-14,10.0,2017-08-28,TAIEX,10525.98,0.01901434425634374,缺adj,,2017-08-11,10329.57,21,TWSE(FMTQIK),complete
tx07-2017-08-11-call,call,2017-08-11,2017-08-12,2017-08-14,11.0,2017-08-29,TAIEX,10496.57,0.016167178304614893,缺adj,,2017-08-11,10329.57,21,TWSE(FMTQIK),complete
tx07-2017-08-11-call,call,2017-08-11,2017-08-12,2017-08-14,12.0,2017-08-30,TAIEX,10569.4,0.02321781061554362,缺adj,,2017-08-11,10329.57,21,TWSE(FMTQIK),complete
tx07-2017-08-11-call,call,2017-08-11,2017-08-12,2017-08-14,13.0,2017-08-31,TAIEX,10585.78,0.024803549421708926,缺adj,,2017-08-11,10329.57,21,TWSE(FMTQIK),complete
tx07-2017-08-11-call,call,2017-08-11,2017-08-12,2017-08-14,14.0,2017-09-01,TAIEX,10594.82,0.02567870685807838,缺adj,,2017-08-11,10329.57,21,TWSE(FMTQIK),complete
tx07-2017-08-11-call,call,2017-08-11,2017-08-12,2017-08-14,15.0,2017-09-04,TAIEX,10569.87,0.023263311057478697,缺adj,,2017-08-11,10329.57,21,TWSE(FMTQIK),complete
tx07-2017-08-11-call,call,2017-08-11,2017-08-12,2017-08-14,16.0,2017-09-05,TAIEX,10617.84,0.0279072604183912,缺adj,,2017-08-11,10329.57,21,TWSE(FMTQIK),complete
tx07-2017-08-11-call,call,2017-08-11,2017-08-12,2017-08-14,17.0,2017-09-06,TAIEX,10547.86,0.02113253504260104,缺adj,,2017-08-11,10329.57,21,TWSE(FMTQIK),complete
tx07-2017-08-11-call,call,2017-08-11,2017-08-12,2017-08-14,18.0,2017-09-07,TAIEX,10538.51,0.020227366676444536,缺adj,,2017-08-11,10329.57,21,TWSE(FMTQIK),complete
tx07-2017-08-11-call,call,2017-08-11,2017-08-12,2017-08-14,19.0,2017-09-08,TAIEX,10609.95,0.027143433850586263,缺adj,,2017-08-11,10329.57,21,TWSE(FMTQIK),complete
tx07-2017-08-11-call,call,2017-08-11,2017-08-12,2017-08-14,20.0,2017-09-11,TAIEX,10572.16,0.023485004700098955,缺adj,,2017-08-11,10329.57,21,TWSE(FMTQIK),complete
tx07-2017-08-11-call,call,2017-08-11,2017-08-12,2017-08-14,0.0,2017-08-14,3037,16.9,-0.04249291784702547,缺adj,,2017-08-11,17.65,21,TWSE(FMTQIK),complete
tx07-2017-08-11-call,call,2017-08-11,2017-08-12,2017-08-14,1.0,2017-08-15,3037,16.6,-0.05949008498583552,缺adj,,2017-08-11,17.65,21,TWSE(FMTQIK),complete
tx07-2017-08-11-call,call,2017-08-11,2017-08-12,2017-08-14,2.0,2017-08-16,3037,16.6,-0.05949008498583552,缺adj,,2017-08-11,17.65,21,TWSE(FMTQIK),complete
tx07-2017-08-11-call,call,2017-08-11,2017-08-12,2017-08-14,3.0,2017-08-17,3037,16.8,-0.048158640226628746,缺adj,,2017-08-11,17.65,21,TWSE(FMTQIK),complete
tx07-2017-08-11-call,call,2017-08-11,2017-08-12,2017-08-14,4.0,2017-08-18,3037,16.2,-0.0821529745042493,缺adj,,2017-08-11,17.65,21,TWSE(FMTQIK),complete
tx07-2017-08-11-call,call,2017-08-11,2017-08-12,2017-08-14,5.0,2017-08-21,3037,16.85,-0.045325779036826996,缺adj,,2017-08-11,17.65,21,TWSE(FMTQIK),complete
tx07-2017-08-11-call,call,2017-08-11,2017-08-12,2017-08-14,6.0,2017-08-22,3037,16.8,-0.048158640226628746,缺adj,,2017-08-11,17.65,21,TWSE(FMTQIK),complete
tx07-2017-08-11-call,call,2017-08-11,2017-08-12,2017-08-14,7.0,2017-08-23,3037,16.55,-0.06232294617563727,缺adj,,2017-08-11,17.65,21,TWSE(FMTQIK),complete
tx07-2017-08-11-call,call,2017-08-11,2017-08-12,2017-08-14,8.0,2017-08-24,3037,16.9,-0.04249291784702547,缺adj,,2017-08-11,17.65,21,TWSE(FMTQIK),complete
tx07-2017-08-11-call,call,2017-08-11,2017-08-12,2017-08-14,9.0,2017-08-25,3037,17.45,-0.011331444759206777,缺adj,,2017-08-11,17.65,21,TWSE(FMTQIK),complete
tx07-2017-08-11-call,call,2017-08-11,2017-08-12,2017-08-14,10.0,2017-08-28,3037,17.0,-0.03682719546742197,缺adj,,2017-08-11,17.65,21,TWSE(FMTQIK),complete
tx07-2017-08-11-call,call,2017-08-11,2017-08-12,2017-08-14,11.0,2017-08-29,3037,17.2,-0.025495750708215303,缺adj,,2017-08-11,17.65,21,TWSE(FMTQIK),complete
tx07-2017-08-11-call,call,2017-08-11,2017-08-12,2017-08-14,12.0,2017-08-30,3037,17.35,-0.016997167138810054,缺adj,,2017-08-11,17.65,21,TWSE(FMTQIK),complete
tx07-2017-08-11-call,call,2017-08-11,2017-08-12,2017-08-14,13.0,2017-08-31,3037,17.25,-0.022662889518413554,缺adj,,2017-08-11,17.65,21,TWSE(FMTQIK),complete
tx07-2017-08-11-call,call,2017-08-11,2017-08-12,2017-08-14,14.0,2017-09-01,3037,17.15,-0.028328611898017053,缺adj,,2017-08-11,17.65,21,TWSE(FMTQIK),complete
tx07-2017-08-11-call,call,2017-08-11,2017-08-12,2017-08-14,15.0,2017-09-04,3037,17.25,-0.022662889518413554,缺adj,,2017-08-11,17.65,21,TWSE(FMTQIK),complete
tx07-2017-08-11-call,call,2017-08-11,2017-08-12,2017-08-14,16.0,2017-09-05,3037,17.2,-0.025495750708215303,缺adj,,2017-08-11,17.65,21,TWSE(FMTQIK),complete
tx07-2017-08-11-call,call,2017-08-11,2017-08-12,2017-08-14,17.0,2017-09-06,3037,17.05,-0.03399433427762033,缺adj,,2017-08-11,17.65,21,TWSE(FMTQIK),complete
tx07-2017-08-11-call,call,2017-08-11,2017-08-12,2017-08-14,18.0,2017-09-07,3037,17.2,-0.025495750708215303,缺adj,,2017-08-11,17.65,21,TWSE(FMTQIK),complete
tx07-2017-08-11-call,call,2017-08-11,2017-08-12,2017-08-14,19.0,2017-09-08,3037,17.1,-0.03116147308781858,缺adj,,2017-08-11,17.65,21,TWSE(FMTQIK),complete
tx07-2017-08-11-call,call,2017-08-11,2017-08-12,2017-08-14,20.0,2017-09-11,3037,17.25,-0.022662889518413554,缺adj,,2017-08-11,17.65,21,TWSE(FMTQIK),complete
tx07-2017-08-11-call,call,2017-08-11,2017-08-12,2017-08-14,0.0,2017-08-14,8046,23.2,-0.0064239828693790635,缺adj,,2017-08-11,23.35,21,TWSE(FMTQIK),complete
tx07-2017-08-11-call,call,2017-08-11,2017-08-12,2017-08-14,1.0,2017-08-15,8046,23.35,0.0,缺adj,,2017-08-11,23.35,21,TWSE(FMTQIK),complete
tx07-2017-08-11-call,call,2017-08-11,2017-08-12,2017-08-14,2.0,2017-08-16,8046,24.1,0.032119914346895095,缺adj,,2017-08-11,23.35,21,TWSE(FMTQIK),complete
tx07-2017-08-11-call,call,2017-08-11,2017-08-12,2017-08-14,3.0,2017-08-17,8046,24.2,0.03640256959314758,缺adj,,2017-08-11,23.35,21,TWSE(FMTQIK),complete
tx07-2017-08-11-call,call,2017-08-11,2017-08-12,2017-08-14,4.0,2017-08-18,8046,24.45,0.047109207708779355,缺adj,,2017-08-11,23.35,21,TWSE(FMTQIK),complete
tx07-2017-08-11-call,call,2017-08-11,2017-08-12,2017-08-14,5.0,2017-08-21,8046,24.45,0.047109207708779355,缺adj,,2017-08-11,23.35,21,TWSE(FMTQIK),complete
tx07-2017-08-11-call,call,2017-08-11,2017-08-12,2017-08-14,6.0,2017-08-22,8046,24.4,0.044967880085653,缺adj,,2017-08-11,23.35,21,TWSE(FMTQIK),complete
tx07-2017-08-11-call,call,2017-08-11,2017-08-12,2017-08-14,7.0,2017-08-23,8046,24.6,0.05353319057815842,缺adj,,2017-08-11,23.35,21,TWSE(FMTQIK),complete
tx07-2017-08-11-call,call,2017-08-11,2017-08-12,2017-08-14,8.0,2017-08-24,8046,24.5,0.04925053533190571,缺adj,,2017-08-11,23.35,21,TWSE(FMTQIK),complete
tx07-2017-08-11-call,call,2017-08-11,2017-08-12,2017-08-14,9.0,2017-08-25,8046,24.3,0.04068522483940029,缺adj,,2017-08-11,23.35,21,TWSE(FMTQIK),complete
tx07-2017-08-11-call,call,2017-08-11,2017-08-12,2017-08-14,10.0,2017-08-28,8046,24.4,0.044967880085653,缺adj,,2017-08-11,23.35,21,TWSE(FMTQIK),complete
tx07-2017-08-11-call,call,2017-08-11,2017-08-12,2017-08-14,11.0,2017-08-29,8046,24.3,0.04068522483940029,缺adj,,2017-08-11,23.35,21,TWSE(FMTQIK),complete
tx07-2017-08-11-call,call,2017-08-11,2017-08-12,2017-08-14,12.0,2017-08-30,8046,24.35,0.04282655246252687,缺adj,,2017-08-11,23.35,21,TWSE(FMTQIK),complete
tx07-2017-08-11-call,call,2017-08-11,2017-08-12,2017-08-14,13.0,2017-08-31,8046,24.6,0.05353319057815842,缺adj,,2017-08-11,23.35,21,TWSE(FMTQIK),complete
tx07-2017-08-11-call,call,2017-08-11,2017-08-12,2017-08-14,14.0,2017-09-01,8046,24.9,0.06638115631691632,缺adj,,2017-08-11,23.35,21,TWSE(FMTQIK),complete
tx07-2017-08-11-call,call,2017-08-11,2017-08-12,2017-08-14,15.0,2017-09-04,8046,25.15,0.0770877944325481,缺adj,,2017-08-11,23.35,21,TWSE(FMTQIK),complete
tx07-2017-08-11-call,call,2017-08-11,2017-08-12,2017-08-14,16.0,2017-09-05,8046,25.4,0.08779443254817965,缺adj,,2017-08-11,23.35,21,TWSE(FMTQIK),complete
tx07-2017-08-11-call,call,2017-08-11,2017-08-12,2017-08-14,17.0,2017-09-06,8046,25.25,0.0813704496788008,缺adj,,2017-08-11,23.35,21,TWSE(FMTQIK),complete
tx07-2017-08-11-call,call,2017-08-11,2017-08-12,2017-08-14,18.0,2017-09-07,8046,25.05,0.07280513918629539,缺adj,,2017-08-11,23.35,21,TWSE(FMTQIK),complete
tx07-2017-08-11-call,call,2017-08-11,2017-08-12,2017-08-14,19.0,2017-09-08,8046,25.25,0.0813704496788008,缺adj,,2017-08-11,23.35,21,TWSE(FMTQIK),complete
tx07-2017-08-11-call,call,2017-08-11,2017-08-12,2017-08-14,20.0,2017-09-11,8046,25.4,0.08779443254817965,缺adj,,2017-08-11,23.35,21,TWSE(FMTQIK),complete
tx07-2017-08-11-call,call,2017-08-11,2017-08-12,2017-08-14,0.0,2017-08-14,3189,80.9,-0.021765417170495738,缺adj,,2017-08-11,82.7,21,TWSE(FMTQIK),complete
tx07-2017-08-11-call,call,2017-08-11,2017-08-12,2017-08-14,1.0,2017-08-15,3189,84.5,0.021765417170495738,缺adj,,2017-08-11,82.7,21,TWSE(FMTQIK),complete
tx07-2017-08-11-call,call,2017-08-11,2017-08-12,2017-08-14,2.0,2017-08-16,3189,86.0,0.039903264812575445,缺adj,,2017-08-11,82.7,21,TWSE(FMTQIK),complete
tx07-2017-08-11-call,call,2017-08-11,2017-08-12,2017-08-14,3.0,2017-08-17,3189,85.6,0.035066505441354145,缺adj,,2017-08-11,82.7,21,TWSE(FMTQIK),complete
tx07-2017-08-11-call,call,2017-08-11,2017-08-12,2017-08-14,4.0,2017-08-18,3189,84.1,0.016928657799274438,缺adj,,2017-08-11,82.7,21,TWSE(FMTQIK),complete
tx07-2017-08-11-call,call,2017-08-11,2017-08-12,2017-08-14,5.0,2017-08-21,3189,83.8,0.013301088270858408,缺adj,,2017-08-11,82.7,21,TWSE(FMTQIK),complete
tx07-2017-08-11-call,call,2017-08-11,2017-08-12,2017-08-14,6.0,2017-08-22,3189,85.7,0.03627569528415964,缺adj,,2017-08-11,82.7,21,TWSE(FMTQIK),complete
tx07-2017-08-11-call,call,2017-08-11,2017-08-12,2017-08-14,7.0,2017-08-23,3189,84.5,0.021765417170495738,缺adj,,2017-08-11,82.7,21,TWSE(FMTQIK),complete
tx07-2017-08-11-call,call,2017-08-11,2017-08-12,2017-08-14,8.0,2017-08-24,3189,84.6,0.022974607013301007,缺adj,,2017-08-11,82.7,21,TWSE(FMTQIK),complete
tx07-2017-08-11-call,call,2017-08-11,2017-08-12,2017-08-14,9.0,2017-08-25,3189,85.3,0.03143893591293834,缺adj,,2017-08-11,82.7,21,TWSE(FMTQIK),complete
tx07-2017-08-11-call,call,2017-08-11,2017-08-12,2017-08-14,10.0,2017-08-28,3189,83.3,0.007255139056831839,缺adj,,2017-08-11,82.7,21,TWSE(FMTQIK),complete
tx07-2017-08-11-call,call,2017-08-11,2017-08-12,2017-08-14,11.0,2017-08-29,3189,82.6,-0.0012091898428053804,缺adj,,2017-08-11,82.7,21,TWSE(FMTQIK),complete
tx07-2017-08-11-call,call,2017-08-11,2017-08-12,2017-08-14,12.0,2017-08-30,3189,81.8,-0.01088270858524798,缺adj,,2017-08-11,82.7,21,TWSE(FMTQIK),complete
tx07-2017-08-11-call,call,2017-08-11,2017-08-12,2017-08-14,13.0,2017-08-31,3189,84.0,0.01571946795646917,缺adj,,2017-08-11,82.7,21,TWSE(FMTQIK),complete
tx07-2017-08-11-call,call,2017-08-11,2017-08-12,2017-08-14,14.0,2017-09-01,3189,83.9,0.0145102781136639,缺adj,,2017-08-11,82.7,21,TWSE(FMTQIK),complete
tx07-2017-08-11-call,call,2017-08-11,2017-08-12,2017-08-14,15.0,2017-09-04,3189,81.6,-0.01330108827085863,缺adj,,2017-08-11,82.7,21,TWSE(FMTQIK),complete
tx07-2017-08-11-call,call,2017-08-11,2017-08-12,2017-08-14,16.0,2017-09-05,3189,81.9,-0.009673518742442488,缺adj,,2017-08-11,82.7,21,TWSE(FMTQIK),complete
tx07-2017-08-11-call,call,2017-08-11,2017-08-12,2017-08-14,17.0,2017-09-06,3189,81.3,-0.01692865779927455,缺adj,,2017-08-11,82.7,21,TWSE(FMTQIK),complete
tx07-2017-08-11-call,call,2017-08-11,2017-08-12,2017-08-14,18.0,2017-09-07,3189,84.0,0.01571946795646917,缺adj,,2017-08-11,82.7,21,TWSE(FMTQIK),complete
tx07-2017-08-11-call,call,2017-08-11,2017-08-12,2017-08-14,19.0,2017-09-08,3189,82.5,-0.00241837968561065,缺adj,,2017-08-11,82.7,21,TWSE(FMTQIK),complete
tx07-2017-08-11-call,call,2017-08-11,2017-08-12,2017-08-14,20.0,2017-09-11,3189,81.6,-0.01330108827085863,缺adj,,2017-08-11,82.7,21,TWSE(FMTQIK),complete
tx07-2017-08-11-call,call,2017-08-11,2017-08-12,2017-08-14,0.0,2017-08-14,2368,8.8,-0.034028540065861534,缺adj,,2017-08-11,9.11,21,TWSE(FMTQIK),complete
tx07-2017-08-11-call,call,2017-08-11,2017-08-12,2017-08-14,1.0,2017-08-15,2368,8.94,-0.01866081229418226,缺adj,,2017-08-11,9.11,21,TWSE(FMTQIK),complete
tx07-2017-08-11-call,call,2017-08-11,2017-08-12,2017-08-14,2.0,2017-08-16,2368,9.21,0.010976948408342624,缺adj,,2017-08-11,9.11,21,TWSE(FMTQIK),complete
tx07-2017-08-11-call,call,2017-08-11,2017-08-12,2017-08-14,3.0,2017-08-17,2368,9.6,0.053787047200878124,缺adj,,2017-08-11,9.11,21,TWSE(FMTQIK),complete
tx07-2017-08-11-call,call,2017-08-11,2017-08-12,2017-08-14,4.0,2017-08-18,2368,9.55,0.048298572996707145,缺adj,,2017-08-11,9.11,21,TWSE(FMTQIK),complete
tx07-2017-08-11-call,call,2017-08-11,2017-08-12,2017-08-14,5.0,2017-08-21,2368,9.5,0.04281009879253572,缺adj,,2017-08-11,9.11,21,TWSE(FMTQIK),complete
tx07-2017-08-11-call,call,2017-08-11,2017-08-12,2017-08-14,6.0,2017-08-22,2368,9.64,0.05817782656421522,缺adj,,2017-08-11,9.11,21,TWSE(FMTQIK),complete
tx07-2017-08-11-call,call,2017-08-11,2017-08-12,2017-08-14,7.0,2017-08-23,2368,9.61,0.05488474204171245,缺adj,,2017-08-11,9.11,21,TWSE(FMTQIK),complete
tx07-2017-08-11-call,call,2017-08-11,2017-08-12,2017-08-14,8.0,2017-08-24,2368,9.82,0.07793633369923181,缺adj,,2017-08-11,9.11,21,TWSE(FMTQIK),complete
tx07-2017-08-11-call,call,2017-08-11,2017-08-12,2017-08-14,9.0,2017-08-25,2368,9.89,0.08562019758507144,缺adj,,2017-08-11,9.11,21,TWSE(FMTQIK),complete
tx07-2017-08-11-call,call,2017-08-11,2017-08-12,2017-08-14,10.0,2017-08-28,2368,9.99,0.09659714599341385,缺adj,,2017-08-11,9.11,21,TWSE(FMTQIK),complete
tx07-2017-08-11-call,call,2017-08-11,2017-08-12,2017-08-14,11.0,2017-08-29,2368,9.89,0.08562019758507144,缺adj,,2017-08-11,9.11,21,TWSE(FMTQIK),complete
tx07-2017-08-11-call,call,2017-08-11,2017-08-12,2017-08-14,12.0,2017-08-30,2368,9.92,0.08891328210757421,缺adj,,2017-08-11,9.11,21,TWSE(FMTQIK),complete
tx07-2017-08-11-call,call,2017-08-11,2017-08-12,2017-08-14,13.0,2017-08-31,2368,10.0,0.09769484083424818,缺adj,,2017-08-11,9.11,21,TWSE(FMTQIK),complete
tx07-2017-08-11-call,call,2017-08-11,2017-08-12,2017-08-14,14.0,2017-09-01,2368,10.0,0.09769484083424818,缺adj,,2017-08-11,9.11,21,TWSE(FMTQIK),complete
tx07-2017-08-11-call,call,2017-08-11,2017-08-12,2017-08-14,15.0,2017-09-04,2368,9.91,0.08781558726673988,缺adj,,2017-08-11,9.11,21,TWSE(FMTQIK),complete
tx07-2017-08-11-call,call,2017-08-11,2017-08-12,2017-08-14,16.0,2017-09-05,2368,9.89,0.08562019758507144,缺adj,,2017-08-11,9.11,21,TWSE(FMTQIK),complete
tx07-2017-08-11-call,call,2017-08-11,2017-08-12,2017-08-14,17.0,2017-09-06,2368,9.75,0.07025246981339195,缺adj,,2017-08-11,9.11,21,TWSE(FMTQIK),complete
tx07-2017-08-11-call,call,2017-08-11,2017-08-12,2017-08-14,18.0,2017-09-07,2368,9.67,0.06147091108671798,缺adj,,2017-08-11,9.11,21,TWSE(FMTQIK),complete
tx07-2017-08-11-call,call,2017-08-11,2017-08-12,2017-08-14,19.0,2017-09-08,2368,9.8,0.07574094401756337,缺adj,,2017-08-11,9.11,21,TWSE(FMTQIK),complete
tx07-2017-08-11-call,call,2017-08-11,2017-08-12,2017-08-14,20.0,2017-09-11,2368,9.82,0.07793633369923181,缺adj,,2017-08-11,9.11,21,TWSE(FMTQIK),complete
tx07-2017-08-11-call,call,2017-08-11,2017-08-12,2017-08-14,0.0,2017-08-14,2383,140.0,0.010830324909747224,缺adj,,2017-08-11,138.5,21,TWSE(FMTQIK),complete
tx07-2017-08-11-call,call,2017-08-11,2017-08-12,2017-08-14,1.0,2017-08-15,2383,140.0,0.010830324909747224,缺adj,,2017-08-11,138.5,21,TWSE(FMTQIK),complete
tx07-2017-08-11-call,call,2017-08-11,2017-08-12,2017-08-14,2.0,2017-08-16,2383,139.5,0.0072202166064982976,缺adj,,2017-08-11,138.5,21,TWSE(FMTQIK),complete
tx07-2017-08-11-call,call,2017-08-11,2017-08-12,2017-08-14,3.0,2017-08-17,2383,148.5,0.07220216606498187,缺adj,,2017-08-11,138.5,21,TWSE(FMTQIK),complete
tx07-2017-08-11-call,call,2017-08-11,2017-08-12,2017-08-14,4.0,2017-08-18,2383,153.0,0.10469314079422376,缺adj,,2017-08-11,138.5,21,TWSE(FMTQIK),complete
tx07-2017-08-11-call,call,2017-08-11,2017-08-12,2017-08-14,5.0,2017-08-21,2383,164.5,0.18772563176895307,缺adj,,2017-08-11,138.5,21,TWSE(FMTQIK),complete
tx07-2017-08-11-call,call,2017-08-11,2017-08-12,2017-08-14,6.0,2017-08-22,2383,158.5,0.14440433212996395,缺adj,,2017-08-11,138.5,21,TWSE(FMTQIK),complete
tx07-2017-08-11-call,call,2017-08-11,2017-08-12,2017-08-14,7.0,2017-08-23,2383,159.0,0.1480144404332131,缺adj,,2017-08-11,138.5,21,TWSE(FMTQIK),complete
tx07-2017-08-11-call,call,2017-08-11,2017-08-12,2017-08-14,8.0,2017-08-24,2383,160.0,0.15523465703971118,缺adj,,2017-08-11,138.5,21,TWSE(FMTQIK),complete
tx07-2017-08-11-call,call,2017-08-11,2017-08-12,2017-08-14,9.0,2017-08-25,2383,156.5,0.12996389891696758,缺adj,,2017-08-11,138.5,21,TWSE(FMTQIK),complete
tx07-2017-08-11-call,call,2017-08-11,2017-08-12,2017-08-14,10.0,2017-08-28,2383,155.5,0.12274368231046928,缺adj,,2017-08-11,138.5,21,TWSE(FMTQIK),complete
tx07-2017-08-11-call,call,2017-08-11,2017-08-12,2017-08-14,11.0,2017-08-29,2383,154.5,0.1155234657039712,缺adj,,2017-08-11,138.5,21,TWSE(FMTQIK),complete
tx07-2017-08-11-call,call,2017-08-11,2017-08-12,2017-08-14,12.0,2017-08-30,2383,153.0,0.10469314079422376,缺adj,,2017-08-11,138.5,21,TWSE(FMTQIK),complete
tx07-2017-08-11-call,call,2017-08-11,2017-08-12,2017-08-14,13.0,2017-08-31,2383,152.0,0.09747292418772568,缺adj,,2017-08-11,138.5,21,TWSE(FMTQIK),complete
tx07-2017-08-11-call,call,2017-08-11,2017-08-12,2017-08-14,14.0,2017-09-01,2383,149.0,0.07581227436823101,缺adj,,2017-08-11,138.5,21,TWSE(FMTQIK),complete
tx07-2017-08-11-call,call,2017-08-11,2017-08-12,2017-08-14,15.0,2017-09-04,2383,137.5,-0.0072202166064981865,缺adj,,2017-08-11,138.5,21,TWSE(FMTQIK),complete
tx07-2017-08-11-call,call,2017-08-11,2017-08-12,2017-08-14,16.0,2017-09-05,2383,142.0,0.025270758122743597,缺adj,,2017-08-11,138.5,21,TWSE(FMTQIK),complete
tx07-2017-08-11-call,call,2017-08-11,2017-08-12,2017-08-14,17.0,2017-09-06,2383,141.5,0.02166064981949467,缺adj,,2017-08-11,138.5,21,TWSE(FMTQIK),complete
tx07-2017-08-11-call,call,2017-08-11,2017-08-12,2017-08-14,18.0,2017-09-07,2383,136.5,-0.014440433212996373,缺adj,,2017-08-11,138.5,21,TWSE(FMTQIK),complete
tx07-2017-08-11-call,call,2017-08-11,2017-08-12,2017-08-14,19.0,2017-09-08,2383,135.0,-0.02527075812274371,缺adj,,2017-08-11,138.5,21,TWSE(FMTQIK),complete
tx07-2017-08-11-call,call,2017-08-11,2017-08-12,2017-08-14,20.0,2017-09-11,2383,135.5,-0.02166064981949456,缺adj,,2017-08-11,138.5,21,TWSE(FMTQIK),complete
tx07-2017-08-11-call,call,2017-08-11,2017-08-12,2017-08-14,0.0,2017-08-14,6213,51.8,-0.00766283524904221,缺adj,,2017-08-11,52.2,21,TWSE(FMTQIK),complete
tx07-2017-08-11-call,call,2017-08-11,2017-08-12,2017-08-14,1.0,2017-08-15,6213,52.5,0.005747126436781658,缺adj,,2017-08-11,52.2,21,TWSE(FMTQIK),complete
tx07-2017-08-11-call,call,2017-08-11,2017-08-12,2017-08-14,2.0,2017-08-16,6213,54.0,0.0344827586206895,缺adj,,2017-08-11,52.2,21,TWSE(FMTQIK),complete
tx07-2017-08-11-call,call,2017-08-11,2017-08-12,2017-08-14,3.0,2017-08-17,6213,54.5,0.044061302681992265,缺adj,,2017-08-11,52.2,21,TWSE(FMTQIK),complete
tx07-2017-08-11-call,call,2017-08-11,2017-08-12,2017-08-14,4.0,2017-08-18,6213,52.9,0.013409961685823646,缺adj,,2017-08-11,52.2,21,TWSE(FMTQIK),complete
tx07-2017-08-11-call,call,2017-08-11,2017-08-12,2017-08-14,5.0,2017-08-21,6213,56.3,0.07854406130268199,缺adj,,2017-08-11,52.2,21,TWSE(FMTQIK),complete
tx07-2017-08-11-call,call,2017-08-11,2017-08-12,2017-08-14,6.0,2017-08-22,6213,55.8,0.06896551724137923,缺adj,,2017-08-11,52.2,21,TWSE(FMTQIK),complete
tx07-2017-08-11-call,call,2017-08-11,2017-08-12,2017-08-14,7.0,2017-08-23,6213,58.0,0.11111111111111116,缺adj,,2017-08-11,52.2,21,TWSE(FMTQIK),complete
tx07-2017-08-11-call,call,2017-08-11,2017-08-12,2017-08-14,8.0,2017-08-24,6213,57.1,0.09386973180076619,缺adj,,2017-08-11,52.2,21,TWSE(FMTQIK),complete
tx07-2017-08-11-call,call,2017-08-11,2017-08-12,2017-08-14,9.0,2017-08-25,6213,57.5,0.1015325670498084,缺adj,,2017-08-11,52.2,21,TWSE(FMTQIK),complete
tx07-2017-08-11-call,call,2017-08-11,2017-08-12,2017-08-14,10.0,2017-08-28,6213,58.8,0.12643678160919536,缺adj,,2017-08-11,52.2,21,TWSE(FMTQIK),complete
tx07-2017-08-11-call,call,2017-08-11,2017-08-12,2017-08-14,11.0,2017-08-29,6213,58.6,0.12260536398467425,缺adj,,2017-08-11,52.2,21,TWSE(FMTQIK),complete
tx07-2017-08-11-call,call,2017-08-11,2017-08-12,2017-08-14,12.0,2017-08-30,6213,58.6,0.12260536398467425,缺adj,,2017-08-11,52.2,21,TWSE(FMTQIK),complete
tx07-2017-08-11-call,call,2017-08-11,2017-08-12,2017-08-14,13.0,2017-08-31,6213,59.4,0.13793103448275845,缺adj,,2017-08-11,52.2,21,TWSE(FMTQIK),complete
tx07-2017-08-11-call,call,2017-08-11,2017-08-12,2017-08-14,14.0,2017-09-01,6213,58.8,0.12643678160919536,缺adj,,2017-08-11,52.2,21,TWSE(FMTQIK),complete
tx07-2017-08-11-call,call,2017-08-11,2017-08-12,2017-08-14,15.0,2017-09-04,6213,57.9,0.10919540229885039,缺adj,,2017-08-11,52.2,21,TWSE(FMTQIK),complete
tx07-2017-08-11-call,call,2017-08-11,2017-08-12,2017-08-14,16.0,2017-09-05,6213,59.7,0.14367816091954033,缺adj,,2017-08-11,52.2,21,TWSE(FMTQIK),complete
tx07-2017-08-11-call,call,2017-08-11,2017-08-12,2017-08-14,17.0,2017-09-06,6213,58.7,0.1245210727969348,缺adj,,2017-08-11,52.2,21,TWSE(FMTQIK),complete
tx07-2017-08-11-call,call,2017-08-11,2017-08-12,2017-08-14,18.0,2017-09-07,6213,57.2,0.09578544061302674,缺adj,,2017-08-11,52.2,21,TWSE(FMTQIK),complete
tx07-2017-08-11-call,call,2017-08-11,2017-08-12,2017-08-14,19.0,2017-09-08,6213,58.3,0.1168582375478926,缺adj,,2017-08-11,52.2,21,TWSE(FMTQIK),complete
tx07-2017-08-11-call,call,2017-08-11,2017-08-12,2017-08-14,20.0,2017-09-11,6213,58.3,0.1168582375478926,缺adj,,2017-08-11,52.2,21,TWSE(FMTQIK),complete
tx07-2017-08-11-call,call,2017-08-11,2017-08-12,2017-08-14,0.0,2017-08-14,6274,65.3,-0.025373134328358304,缺adj,,2017-08-11,67.0,21,TWSE(FMTQIK),complete
tx07-2017-08-11-call,call,2017-08-11,2017-08-12,2017-08-14,1.0,2017-08-15,6274,66.7,-0.004477611940298498,缺adj,,2017-08-11,67.0,21,TWSE(FMTQIK),complete
tx07-2017-08-11-call,call,2017-08-11,2017-08-12,2017-08-14,2.0,2017-08-16,6274,65.3,-0.025373134328358304,缺adj,,2017-08-11,67.0,21,TWSE(FMTQIK),complete
tx07-2017-08-11-call,call,2017-08-11,2017-08-12,2017-08-14,3.0,2017-08-17,6274,67.0,0.0,缺adj,,2017-08-11,67.0,21,TWSE(FMTQIK),complete
tx07-2017-08-11-call,call,2017-08-11,2017-08-12,2017-08-14,4.0,2017-08-18,6274,67.2,0.0029850746268658135,缺adj,,2017-08-11,67.0,21,TWSE(FMTQIK),complete
tx07-2017-08-11-call,call,2017-08-11,2017-08-12,2017-08-14,5.0,2017-08-21,6274,73.9,0.10298507462686568,缺adj,,2017-08-11,67.0,21,TWSE(FMTQIK),complete
tx07-2017-08-11-call,call,2017-08-11,2017-08-12,2017-08-14,6.0,2017-08-22,6274,72.1,0.07611940298507447,缺adj,,2017-08-11,67.0,21,TWSE(FMTQIK),complete
tx07-2017-08-11-call,call,2017-08-11,2017-08-12,2017-08-14,7.0,2017-08-23,6274,71.3,0.06417910447761188,缺adj,,2017-08-11,67.0,21,TWSE(FMTQIK),complete
tx07-2017-08-11-call,call,2017-08-11,2017-08-12,2017-08-14,8.0,2017-08-24,6274,71.5,0.0671641791044777,缺adj,,2017-08-11,67.0,21,TWSE(FMTQIK),complete
tx07-2017-08-11-call,call,2017-08-11,2017-08-12,2017-08-14,9.0,2017-08-25,6274,71.3,0.06417910447761188,缺adj,,2017-08-11,67.0,21,TWSE(FMTQIK),complete
tx07-2017-08-11-call,call,2017-08-11,2017-08-12,2017-08-14,10.0,2017-08-28,6274,74.0,0.10447761194029859,缺adj,,2017-08-11,67.0,21,TWSE(FMTQIK),complete
tx07-2017-08-11-call,call,2017-08-11,2017-08-12,2017-08-14,11.0,2017-08-29,6274,72.4,0.08059701492537319,缺adj,,2017-08-11,67.0,21,TWSE(FMTQIK),complete
tx07-2017-08-11-call,call,2017-08-11,2017-08-12,2017-08-14,12.0,2017-08-30,6274,72.4,0.08059701492537319,缺adj,,2017-08-11,67.0,21,TWSE(FMTQIK),complete
tx07-2017-08-11-call,call,2017-08-11,2017-08-12,2017-08-14,13.0,2017-08-31,6274,73.7,0.10000000000000009,缺adj,,2017-08-11,67.0,21,TWSE(FMTQIK),complete
tx07-2017-08-11-call,call,2017-08-11,2017-08-12,2017-08-14,14.0,2017-09-01,6274,76.8,0.14626865671641798,缺adj,,2017-08-11,67.0,21,TWSE(FMTQIK),complete
tx07-2017-08-11-call,call,2017-08-11,2017-08-12,2017-08-14,15.0,2017-09-04,6274,78.4,0.17014925373134338,缺adj,,2017-08-11,67.0,21,TWSE(FMTQIK),complete
tx07-2017-08-11-call,call,2017-08-11,2017-08-12,2017-08-14,16.0,2017-09-05,6274,79.3,0.18358208955223887,缺adj,,2017-08-11,67.0,21,TWSE(FMTQIK),complete
tx07-2017-08-11-call,call,2017-08-11,2017-08-12,2017-08-14,17.0,2017-09-06,6274,77.9,0.16268656716417929,缺adj,,2017-08-11,67.0,21,TWSE(FMTQIK),complete
tx07-2017-08-11-call,call,2017-08-11,2017-08-12,2017-08-14,18.0,2017-09-07,6274,76.0,0.13432835820895517,缺adj,,2017-08-11,67.0,21,TWSE(FMTQIK),complete
tx07-2017-08-11-call,call,2017-08-11,2017-08-12,2017-08-14,19.0,2017-09-08,6274,77.4,0.15522388059701497,缺adj,,2017-08-11,67.0,21,TWSE(FMTQIK),complete
tx07-2017-08-11-call,call,2017-08-11,2017-08-12,2017-08-14,20.0,2017-09-11,6274,76.6,0.14328358208955216,缺adj,,2017-08-11,67.0,21,TWSE(FMTQIK),complete
tx07-2017-08-11-call,call,2017-08-11,2017-08-12,2017-08-14,0.0,2017-08-14,2408,61.9,0.029950083194675514,缺adj,,2017-08-11,60.1,21,TWSE(FMTQIK),complete
tx07-2017-08-11-call,call,2017-08-11,2017-08-12,2017-08-14,1.0,2017-08-15,2408,62.1,0.03327787021630613,缺adj,,2017-08-11,60.1,21,TWSE(FMTQIK),complete
tx07-2017-08-11-call,call,2017-08-11,2017-08-12,2017-08-14,2.0,2017-08-16,2408,62.1,0.03327787021630613,缺adj,,2017-08-11,60.1,21,TWSE(FMTQIK),complete
tx07-2017-08-11-call,call,2017-08-11,2017-08-12,2017-08-14,3.0,2017-08-17,2408,62.8,0.04492512479201327,缺adj,,2017-08-11,60.1,21,TWSE(FMTQIK),complete
tx07-2017-08-11-call,call,2017-08-11,2017-08-12,2017-08-14,4.0,2017-08-18,2408,62.0,0.03161397670549082,缺adj,,2017-08-11,60.1,21,TWSE(FMTQIK),complete
tx07-2017-08-11-call,call,2017-08-11,2017-08-12,2017-08-14,5.0,2017-08-21,2408,62.9,0.04658901830282858,缺adj,,2017-08-11,60.1,21,TWSE(FMTQIK),complete
tx07-2017-08-11-call,call,2017-08-11,2017-08-12,2017-08-14,6.0,2017-08-22,2408,62.3,0.03660565723793674,缺adj,,2017-08-11,60.1,21,TWSE(FMTQIK),complete
tx07-2017-08-11-call,call,2017-08-11,2017-08-12,2017-08-14,7.0,2017-08-23,2408,62.5,0.03993344425956735,缺adj,,2017-08-11,60.1,21,TWSE(FMTQIK),complete
tx07-2017-08-11-call,call,2017-08-11,2017-08-12,2017-08-14,8.0,2017-08-24,2408,64.0,0.06489184692179695,缺adj,,2017-08-11,60.1,21,TWSE(FMTQIK),complete
tx07-2017-08-11-call,call,2017-08-11,2017-08-12,2017-08-14,9.0,2017-08-25,2408,63.8,0.061564059900166335,缺adj,,2017-08-11,60.1,21,TWSE(FMTQIK),complete
tx07-2017-08-11-call,call,2017-08-11,2017-08-12,2017-08-14,10.0,2017-08-28,2408,64.5,0.07321131447587348,缺adj,,2017-08-11,60.1,21,TWSE(FMTQIK),complete
tx07-2017-08-11-call,call,2017-08-11,2017-08-12,2017-08-14,11.0,2017-08-29,2408,63.7,0.05990016638935103,缺adj,,2017-08-11,60.1,21,TWSE(FMTQIK),complete
tx07-2017-08-11-call,call,2017-08-11,2017-08-12,2017-08-14,12.0,2017-08-30,2408,64.2,0.06821963394342756,缺adj,,2017-08-11,60.1,21,TWSE(FMTQIK),complete
tx07-2017-08-11-call,call,2017-08-11,2017-08-12,2017-08-14,13.0,2017-08-31,2408,64.7,0.07653910149750409,缺adj,,2017-08-11,60.1,21,TWSE(FMTQIK),complete
tx07-2017-08-11-call,call,2017-08-11,2017-08-12,2017-08-14,14.0,2017-09-01,2408,64.4,0.0715474209650584,缺adj,,2017-08-11,60.1,21,TWSE(FMTQIK),complete
tx07-2017-08-11-call,call,2017-08-11,2017-08-12,2017-08-14,15.0,2017-09-04,2408,64.0,0.06489184692179695,缺adj,,2017-08-11,60.1,21,TWSE(FMTQIK),complete
tx07-2017-08-11-call,call,2017-08-11,2017-08-12,2017-08-14,16.0,2017-09-05,2408,63.5,0.056572379367720416,缺adj,,2017-08-11,60.1,21,TWSE(FMTQIK),complete
tx07-2017-08-11-call,call,2017-08-11,2017-08-12,2017-08-14,17.0,2017-09-06,2408,63.0,0.048252911813643884,缺adj,,2017-08-11,60.1,21,TWSE(FMTQIK),complete
tx07-2017-08-11-call,call,2017-08-11,2017-08-12,2017-08-14,18.0,2017-09-07,2408,62.3,0.03660565723793674,缺adj,,2017-08-11,60.1,21,TWSE(FMTQIK),complete
tx07-2017-08-11-call,call,2017-08-11,2017-08-12,2017-08-14,19.0,2017-09-08,2408,64.5,0.07321131447587348,缺adj,,2017-08-11,60.1,21,TWSE(FMTQIK),complete
tx07-2017-08-11-call,call,2017-08-11,2017-08-12,2017-08-14,20.0,2017-09-11,2408,64.2,0.06821963394342756,缺adj,,2017-08-11,60.1,21,TWSE(FMTQIK),complete
tx07-2017-08-11-call,call,2017-08-11,2017-08-12,2017-08-14,0.0,2017-08-14,2344,17.6,-0.03296703296703285,缺adj,,2017-08-11,18.2,21,TWSE(FMTQIK),complete
tx07-2017-08-11-call,call,2017-08-11,2017-08-12,2017-08-14,1.0,2017-08-15,2344,17.6,-0.03296703296703285,缺adj,,2017-08-11,18.2,21,TWSE(FMTQIK),complete
tx07-2017-08-11-call,call,2017-08-11,2017-08-12,2017-08-14,2.0,2017-08-16,2344,18.0,-0.01098901098901095,缺adj,,2017-08-11,18.2,21,TWSE(FMTQIK),complete
tx07-2017-08-11-call,call,2017-08-11,2017-08-12,2017-08-14,3.0,2017-08-17,2344,19.2,0.05494505494505497,缺adj,,2017-08-11,18.2,21,TWSE(FMTQIK),complete
tx07-2017-08-11-call,call,2017-08-11,2017-08-12,2017-08-14,4.0,2017-08-18,2344,20.1,0.10439560439560447,缺adj,,2017-08-11,18.2,21,TWSE(FMTQIK),complete
tx07-2017-08-11-call,call,2017-08-11,2017-08-12,2017-08-14,5.0,2017-08-21,2344,20.1,0.10439560439560447,缺adj,,2017-08-11,18.2,21,TWSE(FMTQIK),complete
tx07-2017-08-11-call,call,2017-08-11,2017-08-12,2017-08-14,6.0,2017-08-22,2344,20.8,0.14285714285714302,缺adj,,2017-08-11,18.2,21,TWSE(FMTQIK),complete
tx07-2017-08-11-call,call,2017-08-11,2017-08-12,2017-08-14,7.0,2017-08-23,2344,21.05,0.1565934065934067,缺adj,,2017-08-11,18.2,21,TWSE(FMTQIK),complete
tx07-2017-08-11-call,call,2017-08-11,2017-08-12,2017-08-14,8.0,2017-08-24,2344,21.25,0.16758241758241765,缺adj,,2017-08-11,18.2,21,TWSE(FMTQIK),complete
tx07-2017-08-11-call,call,2017-08-11,2017-08-12,2017-08-14,9.0,2017-08-25,2344,22.6,0.2417582417582418,缺adj,,2017-08-11,18.2,21,TWSE(FMTQIK),complete
tx07-2017-08-11-call,call,2017-08-11,2017-08-12,2017-08-14,10.0,2017-08-28,2344,24.15,0.32692307692307687,缺adj,,2017-08-11,18.2,21,TWSE(FMTQIK),complete
tx07-2017-08-11-call,call,2017-08-11,2017-08-12,2017-08-14,11.0,2017-08-29,2344,22.9,0.2582417582417582,缺adj,,2017-08-11,18.2,21,TWSE(FMTQIK),complete
tx07-2017-08-11-call,call,2017-08-11,2017-08-12,2017-08-14,12.0,2017-08-30,2344,23.3,0.28021978021978033,缺adj,,2017-08-11,18.2,21,TWSE(FMTQIK),complete
tx07-2017-08-11-call,call,2017-08-11,2017-08-12,2017-08-14,13.0,2017-08-31,2344,23.15,0.2719780219780219,缺adj,,2017-08-11,18.2,21,TWSE(FMTQIK),complete
tx07-2017-08-11-call,call,2017-08-11,2017-08-12,2017-08-14,14.0,2017-09-01,2344,23.3,0.28021978021978033,缺adj,,2017-08-11,18.2,21,TWSE(FMTQIK),complete
tx07-2017-08-11-call,call,2017-08-11,2017-08-12,2017-08-14,15.0,2017-09-04,2344,24.4,0.34065934065934056,缺adj,,2017-08-11,18.2,21,TWSE(FMTQIK),complete
tx07-2017-08-11-call,call,2017-08-11,2017-08-12,2017-08-14,16.0,2017-09-05,2344,24.6,0.35164835164835173,缺adj,,2017-08-11,18.2,21,TWSE(FMTQIK),complete
tx07-2017-08-11-call,call,2017-08-11,2017-08-12,2017-08-14,17.0,2017-09-06,2344,24.3,0.3351648351648353,缺adj,,2017-08-11,18.2,21,TWSE(FMTQIK),complete
tx07-2017-08-11-call,call,2017-08-11,2017-08-12,2017-08-14,18.0,2017-09-07,2344,23.7,0.30219780219780223,缺adj,,2017-08-11,18.2,21,TWSE(FMTQIK),complete
tx07-2017-08-11-call,call,2017-08-11,2017-08-12,2017-08-14,19.0,2017-09-08,2344,24.2,0.3296703296703296,缺adj,,2017-08-11,18.2,21,TWSE(FMTQIK),complete
tx07-2017-08-11-call,call,2017-08-11,2017-08-12,2017-08-14,20.0,2017-09-11,2344,24.4,0.34065934065934056,缺adj,,2017-08-11,18.2,21,TWSE(FMTQIK),complete
tx07-2017-08-11-call,call,2017-08-11,2017-08-12,2017-08-14,0.0,2017-08-14,6770,,,MISSING(未上市，首筆 2020-12-09);缺adj,,2017-08-11,,0,TWSE(FMTQIK),complete
tx07-2017-08-11-call,call,2017-08-11,2017-08-12,2017-08-14,1.0,2017-08-15,6770,,,MISSING(未上市，首筆 2020-12-09);缺adj,,2017-08-11,,0,TWSE(FMTQIK),complete
tx07-2017-08-11-call,call,2017-08-11,2017-08-12,2017-08-14,2.0,2017-08-16,6770,,,MISSING(未上市，首筆 2020-12-09);缺adj,,2017-08-11,,0,TWSE(FMTQIK),complete
tx07-2017-08-11-call,call,2017-08-11,2017-08-12,2017-08-14,3.0,2017-08-17,6770,,,MISSING(未上市，首筆 2020-12-09);缺adj,,2017-08-11,,0,TWSE(FMTQIK),complete
tx07-2017-08-11-call,call,2017-08-11,2017-08-12,2017-08-14,4.0,2017-08-18,6770,,,MISSING(未上市，首筆 2020-12-09);缺adj,,2017-08-11,,0,TWSE(FMTQIK),complete
tx07-2017-08-11-call,call,2017-08-11,2017-08-12,2017-08-14,5.0,2017-08-21,6770,,,MISSING(未上市，首筆 2020-12-09);缺adj,,2017-08-11,,0,TWSE(FMTQIK),complete
tx07-2017-08-11-call,call,2017-08-11,2017-08-12,2017-08-14,6.0,2017-08-22,6770,,,MISSING(未上市，首筆 2020-12-09);缺adj,,2017-08-11,,0,TWSE(FMTQIK),complete
tx07-2017-08-11-call,call,2017-08-11,2017-08-12,2017-08-14,7.0,2017-08-23,6770,,,MISSING(未上市，首筆 2020-12-09);缺adj,,2017-08-11,,0,TWSE(FMTQIK),complete
tx07-2017-08-11-call,call,2017-08-11,2017-08-12,2017-08-14,8.0,2017-08-24,6770,,,MISSING(未上市，首筆 2020-12-09);缺adj,,2017-08-11,,0,TWSE(FMTQIK),complete
tx07-2017-08-11-call,call,2017-08-11,2017-08-12,2017-08-14,9.0,2017-08-25,6770,,,MISSING(未上市，首筆 2020-12-09);缺adj,,2017-08-11,,0,TWSE(FMTQIK),complete
tx07-2017-08-11-call,call,2017-08-11,2017-08-12,2017-08-14,10.0,2017-08-28,6770,,,MISSING(未上市，首筆 2020-12-09);缺adj,,2017-08-11,,0,TWSE(FMTQIK),complete
tx07-2017-08-11-call,call,2017-08-11,2017-08-12,2017-08-14,11.0,2017-08-29,6770,,,MISSING(未上市，首筆 2020-12-09);缺adj,,2017-08-11,,0,TWSE(FMTQIK),complete
tx07-2017-08-11-call,call,2017-08-11,2017-08-12,2017-08-14,12.0,2017-08-30,6770,,,MISSING(未上市，首筆 2020-12-09);缺adj,,2017-08-11,,0,TWSE(FMTQIK),complete
tx07-2017-08-11-call,call,2017-08-11,2017-08-12,2017-08-14,13.0,2017-08-31,6770,,,MISSING(未上市，首筆 2020-12-09);缺adj,,2017-08-11,,0,TWSE(FMTQIK),complete
tx07-2017-08-11-call,call,2017-08-11,2017-08-12,2017-08-14,14.0,2017-09-01,6770,,,MISSING(未上市，首筆 2020-12-09);缺adj,,2017-08-11,,0,TWSE(FMTQIK),complete
tx07-2017-08-11-call,call,2017-08-11,2017-08-12,2017-08-14,15.0,2017-09-04,6770,,,MISSING(未上市，首筆 2020-12-09);缺adj,,2017-08-11,,0,TWSE(FMTQIK),complete
tx07-2017-08-11-call,call,2017-08-11,2017-08-12,2017-08-14,16.0,2017-09-05,6770,,,MISSING(未上市，首筆 2020-12-09);缺adj,,2017-08-11,,0,TWSE(FMTQIK),complete
tx07-2017-08-11-call,call,2017-08-11,2017-08-12,2017-08-14,17.0,2017-09-06,6770,,,MISSING(未上市，首筆 2020-12-09);缺adj,,2017-08-11,,0,TWSE(FMTQIK),complete
tx07-2017-08-11-call,call,2017-08-11,2017-08-12,2017-08-14,18.0,2017-09-07,6770,,,MISSING(未上市，首筆 2020-12-09);缺adj,,2017-08-11,,0,TWSE(FMTQIK),complete
tx07-2017-08-11-call,call,2017-08-11,2017-08-12,2017-08-14,19.0,2017-09-08,6770,,,MISSING(未上市，首筆 2020-12-09);缺adj,,2017-08-11,,0,TWSE(FMTQIK),complete
tx07-2017-08-11-call,call,2017-08-11,2017-08-12,2017-08-14,20.0,2017-09-11,6770,,,MISSING(未上市，首筆 2020-12-09);缺adj,,2017-08-11,,0,TWSE(FMTQIK),complete
tx07-2017-08-11-call,call,2017-08-11,2017-08-12,2017-08-14,0.0,2017-08-14,3711,,,MISSING(未上市，首筆 2018-04-30);缺adj,,2017-08-11,,0,TWSE(FMTQIK),complete
tx07-2017-08-11-call,call,2017-08-11,2017-08-12,2017-08-14,1.0,2017-08-15,3711,,,MISSING(未上市，首筆 2018-04-30);缺adj,,2017-08-11,,0,TWSE(FMTQIK),complete
tx07-2017-08-11-call,call,2017-08-11,2017-08-12,2017-08-14,2.0,2017-08-16,3711,,,MISSING(未上市，首筆 2018-04-30);缺adj,,2017-08-11,,0,TWSE(FMTQIK),complete
tx07-2017-08-11-call,call,2017-08-11,2017-08-12,2017-08-14,3.0,2017-08-17,3711,,,MISSING(未上市，首筆 2018-04-30);缺adj,,2017-08-11,,0,TWSE(FMTQIK),complete
tx07-2017-08-11-call,call,2017-08-11,2017-08-12,2017-08-14,4.0,2017-08-18,3711,,,MISSING(未上市，首筆 2018-04-30);缺adj,,2017-08-11,,0,TWSE(FMTQIK),complete
tx07-2017-08-11-call,call,2017-08-11,2017-08-12,2017-08-14,5.0,2017-08-21,3711,,,MISSING(未上市，首筆 2018-04-30);缺adj,,2017-08-11,,0,TWSE(FMTQIK),complete
tx07-2017-08-11-call,call,2017-08-11,2017-08-12,2017-08-14,6.0,2017-08-22,3711,,,MISSING(未上市，首筆 2018-04-30);缺adj,,2017-08-11,,0,TWSE(FMTQIK),complete
tx07-2017-08-11-call,call,2017-08-11,2017-08-12,2017-08-14,7.0,2017-08-23,3711,,,MISSING(未上市，首筆 2018-04-30);缺adj,,2017-08-11,,0,TWSE(FMTQIK),complete
tx07-2017-08-11-call,call,2017-08-11,2017-08-12,2017-08-14,8.0,2017-08-24,3711,,,MISSING(未上市，首筆 2018-04-30);缺adj,,2017-08-11,,0,TWSE(FMTQIK),complete
tx07-2017-08-11-call,call,2017-08-11,2017-08-12,2017-08-14,9.0,2017-08-25,3711,,,MISSING(未上市，首筆 2018-04-30);缺adj,,2017-08-11,,0,TWSE(FMTQIK),complete
tx07-2017-08-11-call,call,2017-08-11,2017-08-12,2017-08-14,10.0,2017-08-28,3711,,,MISSING(未上市，首筆 2018-04-30);缺adj,,2017-08-11,,0,TWSE(FMTQIK),complete
tx07-2017-08-11-call,call,2017-08-11,2017-08-12,2017-08-14,11.0,2017-08-29,3711,,,MISSING(未上市，首筆 2018-04-30);缺adj,,2017-08-11,,0,TWSE(FMTQIK),complete
tx07-2017-08-11-call,call,2017-08-11,2017-08-12,2017-08-14,12.0,2017-08-30,3711,,,MISSING(未上市，首筆 2018-04-30);缺adj,,2017-08-11,,0,TWSE(FMTQIK),complete
tx07-2017-08-11-call,call,2017-08-11,2017-08-12,2017-08-14,13.0,2017-08-31,3711,,,MISSING(未上市，首筆 2018-04-30);缺adj,,2017-08-11,,0,TWSE(FMTQIK),complete
tx07-2017-08-11-call,call,2017-08-11,2017-08-12,2017-08-14,14.0,2017-09-01,3711,,,MISSING(未上市，首筆 2018-04-30);缺adj,,2017-08-11,,0,TWSE(FMTQIK),complete
tx07-2017-08-11-call,call,2017-08-11,2017-08-12,2017-08-14,15.0,2017-09-04,3711,,,MISSING(未上市，首筆 2018-04-30);缺adj,,2017-08-11,,0,TWSE(FMTQIK),complete
tx07-2017-08-11-call,call,2017-08-11,2017-08-12,2017-08-14,16.0,2017-09-05,3711,,,MISSING(未上市，首筆 2018-04-30);缺adj,,2017-08-11,,0,TWSE(FMTQIK),complete
tx07-2017-08-11-call,call,2017-08-11,2017-08-12,2017-08-14,17.0,2017-09-06,3711,,,MISSING(未上市，首筆 2018-04-30);缺adj,,2017-08-11,,0,TWSE(FMTQIK),complete
tx07-2017-08-11-call,call,2017-08-11,2017-08-12,2017-08-14,18.0,2017-09-07,3711,,,MISSING(未上市，首筆 2018-04-30);缺adj,,2017-08-11,,0,TWSE(FMTQIK),complete
tx07-2017-08-11-call,call,2017-08-11,2017-08-12,2017-08-14,19.0,2017-09-08,3711,,,MISSING(未上市，首筆 2018-04-30);缺adj,,2017-08-11,,0,TWSE(FMTQIK),complete
tx07-2017-08-11-call,call,2017-08-11,2017-08-12,2017-08-14,20.0,2017-09-11,3711,,,MISSING(未上市，首筆 2018-04-30);缺adj,,2017-08-11,,0,TWSE(FMTQIK),complete
tx07-2017-08-11-call,call,2017-08-11,2017-08-12,2017-08-14,0.0,2017-08-14,EW_TW,,-0.014437050265863604,n=9/11;缺adj,9.0,2017-08-11,,21,TWSE(FMTQIK),complete
tx07-2017-08-11-call,call,2017-08-11,2017-08-12,2017-08-14,1.0,2017-08-15,EW_TW,,-0.004886089272668709,n=9/11;缺adj,9.0,2017-08-11,,21,TWSE(FMTQIK),complete
tx07-2017-08-11-call,call,2017-08-11,2017-08-12,2017-08-14,2.0,2017-08-16,EW_TW,,0.00690319363423359,n=9/11;缺adj,9.0,2017-08-11,,21,TWSE(FMTQIK),complete
tx07-2017-08-11-call,call,2017-08-11,2017-08-12,2017-08-14,3.0,2017-08-17,EW_TW,,0.0325812367214215,n=9/11;缺adj,9.0,2017-08-11,,21,TWSE(FMTQIK),complete
tx07-2017-08-11-call,call,2017-08-11,2017-08-12,2017-08-14,4.0,2017-08-18,EW_TW,,0.031920135800946686,n=9/11;缺adj,9.0,2017-08-11,,21,TWSE(FMTQIK),complete
tx07-2017-08-11-call,call,2017-08-11,2017-08-12,2017-08-14,5.0,2017-08-21,EW_TW,,0.06423711179247558,n=9/11;缺adj,9.0,2017-08-11,,21,TWSE(FMTQIK),complete
tx07-2017-08-11-call,call,2017-08-11,2017-08-12,2017-08-14,6.0,2017-08-22,EW_TW,,0.06224609046209961,n=9/11;缺adj,9.0,2017-08-11,,21,TWSE(FMTQIK),complete
tx07-2017-08-11-call,call,2017-08-11,2017-08-12,2017-08-14,7.0,2017-08-23,EW_TW,,0.0652991011655155,n=9/11;缺adj,9.0,2017-08-11,,21,TWSE(FMTQIK),complete
tx07-2017-08-11-call,call,2017-08-11,2017-08-12,2017-08-14,8.0,2017-08-24,EW_TW,,0.07293459896073141,n=9/11;缺adj,9.0,2017-08-11,,21,TWSE(FMTQIK),complete
tx07-2017-08-11-call,call,2017-08-11,2017-08-12,2017-08-14,9.0,2017-08-25,EW_TW,,0.08282342063122214,n=9/11;缺adj,9.0,2017-08-11,,21,TWSE(FMTQIK),complete
tx07-2017-08-11-call,call,2017-08-11,2017-08-12,2017-08-14,10.0,2017-08-28,EW_TW,,0.09619838188082114,n=9/11;缺adj,9.0,2017-08-11,,21,TWSE(FMTQIK),complete
tx07-2017-08-11-call,call,2017-08-11,2017-08-12,2017-08-14,11.0,2017-08-29,EW_TW,,0.0818298056798421,n=9/11;缺adj,9.0,2017-08-11,,21,TWSE(FMTQIK),complete
tx07-2017-08-11-call,call,2017-08-11,2017-08-12,2017-08-14,12.0,2017-08-30,EW_TW,,0.08446609919039134,n=9/11;缺adj,9.0,2017-08-11,,21,TWSE(FMTQIK),complete
tx07-2017-08-11-call,call,2017-08-11,2017-08-12,2017-08-14,13.0,2017-08-31,EW_TW,,0.09202285466627472,n=9/11;缺adj,9.0,2017-08-11,,21,TWSE(FMTQIK),complete
tx07-2017-08-11-call,call,2017-08-11,2017-08-12,2017-08-14,14.0,2017-09-01,EW_TW,,0.09450473080505493,n=9/11;缺adj,9.0,2017-08-11,,21,TWSE(FMTQIK),complete
tx07-2017-08-11-call,call,2017-08-11,2017-08-12,2017-08-14,15.0,2017-09-04,EW_TW,,0.08962389232387209,n=9/11;缺adj,9.0,2017-08-11,,21,TWSE(FMTQIK),complete
tx07-2017-08-11-call,call,2017-08-11,2017-08-12,2017-08-14,16.0,2017-09-05,EW_TW,,0.09988856669924313,n=9/11;缺adj,9.0,2017-08-11,,21,TWSE(FMTQIK),complete
tx07-2017-08-11-call,call,2017-08-11,2017-08-12,2017-08-14,17.0,2017-09-06,EW_TW,,0.08810955157493176,n=9/11;缺adj,9.0,2017-08-11,,21,TWSE(FMTQIK),complete
tx07-2017-08-11-call,call,2017-08-11,2017-08-12,2017-08-14,18.0,2017-09-07,EW_TW,,0.07544184361844353,n=9/11;缺adj,9.0,2017-08-11,,21,TWSE(FMTQIK),complete
tx07-2017-08-11-call,call,2017-08-11,2017-08-12,2017-08-14,19.0,2017-09-08,EW_TW,,0.08591383834347799,n=9/11;缺adj,9.0,2017-08-11,,21,TWSE(FMTQIK),complete
tx07-2017-08-11-call,call,2017-08-11,2017-08-12,2017-08-14,20.0,2017-09-11,EW_TW,,0.08634743698653974,n=9/11;缺adj,9.0,2017-08-11,,21,TWSE(FMTQIK),complete
tx07-2017-08-11-call,call,2017-08-11,2017-08-12,缺,,缺,NET,,,MISSING(未上市，首筆 2019-09-13),,缺,,0,US(own bars),complete
tx08-2017-09-06-call,call,2017-09-06,2017-09-06,2017-09-07,0.0,2017-09-07,TAIEX,10538.51,-0.0008864357319873228,缺adj,,2017-09-06,10547.86,21,TWSE(FMTQIK),complete
tx08-2017-09-06-call,call,2017-09-06,2017-09-06,2017-09-07,1.0,2017-09-08,TAIEX,10609.95,0.005886502096159818,缺adj,,2017-09-06,10547.86,21,TWSE(FMTQIK),complete
tx08-2017-09-06-call,call,2017-09-06,2017-09-06,2017-09-07,2.0,2017-09-11,TAIEX,10572.16,0.00230378484356053,缺adj,,2017-09-06,10547.86,21,TWSE(FMTQIK),complete
tx08-2017-09-06-call,call,2017-09-06,2017-09-06,2017-09-07,3.0,2017-09-12,TAIEX,10610.35,0.0059244244804159685,缺adj,,2017-09-06,10547.86,21,TWSE(FMTQIK),complete
tx08-2017-09-06-call,call,2017-09-06,2017-09-06,2017-09-07,4.0,2017-09-13,TAIEX,10532.88,-0.0014201932903926684,缺adj,,2017-09-06,10547.86,21,TWSE(FMTQIK),complete
tx08-2017-09-06-call,call,2017-09-06,2017-09-06,2017-09-07,5.0,2017-09-14,TAIEX,10553.57,0.0005413420352564646,缺adj,,2017-09-06,10547.86,21,TWSE(FMTQIK),complete
tx08-2017-09-06-call,call,2017-09-06,2017-09-06,2017-09-07,6.0,2017-09-15,TAIEX,10580.41,0.0030859340188436057,缺adj,,2017-09-06,10547.86,21,TWSE(FMTQIK),complete
tx08-2017-09-06-call,call,2017-09-06,2017-09-06,2017-09-07,7.0,2017-09-18,TAIEX,10631.57,0.007936206965204251,缺adj,,2017-09-06,10547.86,21,TWSE(FMTQIK),complete
tx08-2017-09-06-call,call,2017-09-06,2017-09-06,2017-09-07,8.0,2017-09-19,TAIEX,10576.14,0.002681112566909283,缺adj,,2017-09-06,10547.86,21,TWSE(FMTQIK),complete
tx08-2017-09-06-call,call,2017-09-06,2017-09-06,2017-09-07,9.0,2017-09-20,TAIEX,10519.17,-0.0027199830107719203,缺adj,,2017-09-06,10547.86,21,TWSE(FMTQIK),complete
tx08-2017-09-06-call,call,2017-09-06,2017-09-06,2017-09-07,10.0,2017-09-21,TAIEX,10578.44,0.0028991662763822035,缺adj,,2017-09-06,10547.86,21,TWSE(FMTQIK),complete
tx08-2017-09-06-call,call,2017-09-06,2017-09-06,2017-09-07,11.0,2017-09-22,TAIEX,10449.68,-0.0093080492156703,缺adj,,2017-09-06,10547.86,21,TWSE(FMTQIK),complete
tx08-2017-09-06-call,call,2017-09-06,2017-09-06,2017-09-07,12.0,2017-09-25,TAIEX,10335.89,-0.020096019476936622,缺adj,,2017-09-06,10547.86,21,TWSE(FMTQIK),complete
tx08-2017-09-06-call,call,2017-09-06,2017-09-06,2017-09-07,13.0,2017-09-26,TAIEX,10257.02,-0.027573365592641563,缺adj,,2017-09-06,10547.86,21,TWSE(FMTQIK),complete
tx08-2017-09-06-call,call,2017-09-06,2017-09-06,2017-09-07,14.0,2017-09-27,TAIEX,10326.68,-0.020969182374434236,缺adj,,2017-09-06,10547.86,21,TWSE(FMTQIK),complete
tx08-2017-09-06-call,call,2017-09-06,2017-09-06,2017-09-07,15.0,2017-09-28,TAIEX,10296.45,-0.02383516656459228,缺adj,,2017-09-06,10547.86,21,TWSE(FMTQIK),complete
tx08-2017-09-06-call,call,2017-09-06,2017-09-06,2017-09-07,16.0,2017-09-29,TAIEX,10329.94,-0.020660114942746666,缺adj,,2017-09-06,10547.86,21,TWSE(FMTQIK),complete
tx08-2017-09-06-call,call,2017-09-06,2017-09-06,2017-09-07,17.0,2017-10-02,TAIEX,10465.16,-0.00784045294495761,缺adj,,2017-09-06,10547.86,21,TWSE(FMTQIK),complete
tx08-2017-09-06-call,call,2017-09-06,2017-09-06,2017-09-07,18.0,2017-10-03,TAIEX,10469.35,-0.007443215969874517,缺adj,,2017-09-06,10547.86,21,TWSE(FMTQIK),complete
tx08-2017-09-06-call,call,2017-09-06,2017-09-06,2017-09-07,19.0,2017-10-05,TAIEX,10518.27,-0.0028053083753482033,缺adj,,2017-09-06,10547.86,21,TWSE(FMTQIK),complete
tx08-2017-09-06-call,call,2017-09-06,2017-09-06,2017-09-07,20.0,2017-10-06,TAIEX,10532.81,-0.0014268297076375225,缺adj,,2017-09-06,10547.86,21,TWSE(FMTQIK),complete
tx08-2017-09-06-call,call,2017-09-06,2017-09-06,2017-09-07,0.0,2017-09-07,3037,17.2,0.008797653958944274,缺adj,,2017-09-06,17.05,21,TWSE(FMTQIK),complete
tx08-2017-09-06-call,call,2017-09-06,2017-09-06,2017-09-07,1.0,2017-09-08,3037,17.1,0.0029325513196480912,缺adj,,2017-09-06,17.05,21,TWSE(FMTQIK),complete
tx08-2017-09-06-call,call,2017-09-06,2017-09-06,2017-09-07,2.0,2017-09-11,3037,17.25,0.011730205278592365,缺adj,,2017-09-06,17.05,21,TWSE(FMTQIK),complete
tx08-2017-09-06-call,call,2017-09-06,2017-09-06,2017-09-07,3.0,2017-09-12,3037,17.2,0.008797653958944274,缺adj,,2017-09-06,17.05,21,TWSE(FMTQIK),complete
tx08-2017-09-06-call,call,2017-09-06,2017-09-06,2017-09-07,4.0,2017-09-13,3037,17.55,0.029325513196480912,缺adj,,2017-09-06,17.05,21,TWSE(FMTQIK),complete
tx08-2017-09-06-call,call,2017-09-06,2017-09-06,2017-09-07,5.0,2017-09-14,3037,17.35,0.017595307917888547,缺adj,,2017-09-06,17.05,21,TWSE(FMTQIK),complete
tx08-2017-09-06-call,call,2017-09-06,2017-09-06,2017-09-07,6.0,2017-09-15,3037,17.65,0.035190615835777095,缺adj,,2017-09-06,17.05,21,TWSE(FMTQIK),complete
tx08-2017-09-06-call,call,2017-09-06,2017-09-06,2017-09-07,7.0,2017-09-18,3037,17.9,0.04985337243401755,缺adj,,2017-09-06,17.05,21,TWSE(FMTQIK),complete
tx08-2017-09-06-call,call,2017-09-06,2017-09-06,2017-09-07,8.0,2017-09-19,3037,17.55,0.029325513196480912,缺adj,,2017-09-06,17.05,21,TWSE(FMTQIK),complete
tx08-2017-09-06-call,call,2017-09-06,2017-09-06,2017-09-07,9.0,2017-09-20,3037,17.35,0.017595307917888547,缺adj,,2017-09-06,17.05,21,TWSE(FMTQIK),complete
tx08-2017-09-06-call,call,2017-09-06,2017-09-06,2017-09-07,10.0,2017-09-21,3037,17.45,0.02346041055718473,缺adj,,2017-09-06,17.05,21,TWSE(FMTQIK),complete
tx08-2017-09-06-call,call,2017-09-06,2017-09-06,2017-09-07,11.0,2017-09-22,3037,17.65,0.035190615835777095,缺adj,,2017-09-06,17.05,21,TWSE(FMTQIK),complete
tx08-2017-09-06-call,call,2017-09-06,2017-09-06,2017-09-07,12.0,2017-09-25,3037,16.75,-0.01759530791788866,缺adj,,2017-09-06,17.05,21,TWSE(FMTQIK),complete
tx08-2017-09-06-call,call,2017-09-06,2017-09-06,2017-09-07,13.0,2017-09-26,3037,16.2,-0.04985337243401766,缺adj,,2017-09-06,17.05,21,TWSE(FMTQIK),complete
tx08-2017-09-06-call,call,2017-09-06,2017-09-06,2017-09-07,14.0,2017-09-27,3037,16.25,-0.04692082111436957,缺adj,,2017-09-06,17.05,21,TWSE(FMTQIK),complete
tx08-2017-09-06-call,call,2017-09-06,2017-09-06,2017-09-07,15.0,2017-09-28,3037,16.2,-0.04985337243401766,缺adj,,2017-09-06,17.05,21,TWSE(FMTQIK),complete
tx08-2017-09-06-call,call,2017-09-06,2017-09-06,2017-09-07,16.0,2017-09-29,3037,16.35,-0.04105571847507328,缺adj,,2017-09-06,17.05,21,TWSE(FMTQIK),complete
tx08-2017-09-06-call,call,2017-09-06,2017-09-06,2017-09-07,17.0,2017-10-02,3037,16.6,-0.02639296187683282,缺adj,,2017-09-06,17.05,21,TWSE(FMTQIK),complete
tx08-2017-09-06-call,call,2017-09-06,2017-09-06,2017-09-07,18.0,2017-10-03,3037,16.4,-0.0381231671554253,缺adj,,2017-09-06,17.05,21,TWSE(FMTQIK),complete
tx08-2017-09-06-call,call,2017-09-06,2017-09-06,2017-09-07,19.0,2017-10-05,3037,16.7,-0.02052785923753675,缺adj,,2017-09-06,17.05,21,TWSE(FMTQIK),complete
tx08-2017-09-06-call,call,2017-09-06,2017-09-06,2017-09-07,20.0,2017-10-06,3037,16.35,-0.04105571847507328,缺adj,,2017-09-06,17.05,21,TWSE(FMTQIK),complete
tx08-2017-09-06-call,call,2017-09-06,2017-09-06,2017-09-07,0.0,2017-09-07,8046,25.05,-0.007920792079207928,缺adj,,2017-09-06,25.25,21,TWSE(FMTQIK),complete
tx08-2017-09-06-call,call,2017-09-06,2017-09-06,2017-09-07,1.0,2017-09-08,8046,25.25,0.0,缺adj,,2017-09-06,25.25,21,TWSE(FMTQIK),complete
tx08-2017-09-06-call,call,2017-09-06,2017-09-06,2017-09-07,2.0,2017-09-11,8046,25.4,0.005940594059405946,缺adj,,2017-09-06,25.25,21,TWSE(FMTQIK),complete
tx08-2017-09-06-call,call,2017-09-06,2017-09-06,2017-09-07,3.0,2017-09-12,8046,24.9,-0.013861386138613874,缺adj,,2017-09-06,25.25,21,TWSE(FMTQIK),complete
tx08-2017-09-06-call,call,2017-09-06,2017-09-06,2017-09-07,4.0,2017-09-13,8046,24.7,-0.0217821782178218,缺adj,,2017-09-06,25.25,21,TWSE(FMTQIK),complete
tx08-2017-09-06-call,call,2017-09-06,2017-09-06,2017-09-07,5.0,2017-09-14,8046,24.65,-0.023762376237623783,缺adj,,2017-09-06,25.25,21,TWSE(FMTQIK),complete
tx08-2017-09-06-call,call,2017-09-06,2017-09-06,2017-09-07,6.0,2017-09-15,8046,24.7,-0.0217821782178218,缺adj,,2017-09-06,25.25,21,TWSE(FMTQIK),complete
tx08-2017-09-06-call,call,2017-09-06,2017-09-06,2017-09-07,7.0,2017-09-18,8046,24.6,-0.025742574257425654,缺adj,,2017-09-06,25.25,21,TWSE(FMTQIK),complete
tx08-2017-09-06-call,call,2017-09-06,2017-09-06,2017-09-07,8.0,2017-09-19,8046,24.4,-0.03366336633663369,缺adj,,2017-09-06,25.25,21,TWSE(FMTQIK),complete
tx08-2017-09-06-call,call,2017-09-06,2017-09-06,2017-09-07,9.0,2017-09-20,8046,24.45,-0.03168316831683171,缺adj,,2017-09-06,25.25,21,TWSE(FMTQIK),complete
tx08-2017-09-06-call,call,2017-09-06,2017-09-06,2017-09-07,10.0,2017-09-21,8046,24.5,-0.02970297029702973,缺adj,,2017-09-06,25.25,21,TWSE(FMTQIK),complete
tx08-2017-09-06-call,call,2017-09-06,2017-09-06,2017-09-07,11.0,2017-09-22,8046,24.0,-0.04950495049504955,缺adj,,2017-09-06,25.25,21,TWSE(FMTQIK),complete
tx08-2017-09-06-call,call,2017-09-06,2017-09-06,2017-09-07,12.0,2017-09-25,8046,23.9,-0.05346534653465351,缺adj,,2017-09-06,25.25,21,TWSE(FMTQIK),complete
tx08-2017-09-06-call,call,2017-09-06,2017-09-06,2017-09-07,13.0,2017-09-26,8046,23.7,-0.06138613861386144,缺adj,,2017-09-06,25.25,21,TWSE(FMTQIK),complete
tx08-2017-09-06-call,call,2017-09-06,2017-09-06,2017-09-07,14.0,2017-09-27,8046,23.75,-0.05940594059405946,缺adj,,2017-09-06,25.25,21,TWSE(FMTQIK),complete
tx08-2017-09-06-call,call,2017-09-06,2017-09-06,2017-09-07,15.0,2017-09-28,8046,23.85,-0.055445544554455384,缺adj,,2017-09-06,25.25,21,TWSE(FMTQIK),complete
tx08-2017-09-06-call,call,2017-09-06,2017-09-06,2017-09-07,16.0,2017-09-29,8046,23.85,-0.055445544554455384,缺adj,,2017-09-06,25.25,21,TWSE(FMTQIK),complete
tx08-2017-09-06-call,call,2017-09-06,2017-09-06,2017-09-07,17.0,2017-10-02,8046,24.6,-0.025742574257425654,缺adj,,2017-09-06,25.25,21,TWSE(FMTQIK),complete
tx08-2017-09-06-call,call,2017-09-06,2017-09-06,2017-09-07,18.0,2017-10-03,8046,24.4,-0.03366336633663369,缺adj,,2017-09-06,25.25,21,TWSE(FMTQIK),complete
tx08-2017-09-06-call,call,2017-09-06,2017-09-06,2017-09-07,19.0,2017-10-05,8046,24.75,-0.01980198019801982,缺adj,,2017-09-06,25.25,21,TWSE(FMTQIK),complete
tx08-2017-09-06-call,call,2017-09-06,2017-09-06,2017-09-07,20.0,2017-10-06,8046,24.55,-0.027722772277227747,缺adj,,2017-09-06,25.25,21,TWSE(FMTQIK),complete
tx08-2017-09-06-call,call,2017-09-06,2017-09-06,2017-09-07,0.0,2017-09-07,3189,84.0,0.03321033210332103,缺adj,,2017-09-06,81.3,21,TWSE(FMTQIK),complete
tx08-2017-09-06-call,call,2017-09-06,2017-09-06,2017-09-07,1.0,2017-09-08,3189,82.5,0.014760147601476037,缺adj,,2017-09-06,81.3,21,TWSE(FMTQIK),complete
tx08-2017-09-06-call,call,2017-09-06,2017-09-06,2017-09-07,2.0,2017-09-11,3189,81.6,0.0036900369003689537,缺adj,,2017-09-06,81.3,21,TWSE(FMTQIK),complete
tx08-2017-09-06-call,call,2017-09-06,2017-09-06,2017-09-07,3.0,2017-09-12,3189,81.3,0.0,缺adj,,2017-09-06,81.3,21,TWSE(FMTQIK),complete
tx08-2017-09-06-call,call,2017-09-06,2017-09-06,2017-09-07,4.0,2017-09-13,3189,81.4,0.0012300123001232066,缺adj,,2017-09-06,81.3,21,TWSE(FMTQIK),complete
tx08-2017-09-06-call,call,2017-09-06,2017-09-06,2017-09-07,5.0,2017-09-14,3189,81.0,-0.0036900369003689537,缺adj,,2017-09-06,81.3,21,TWSE(FMTQIK),complete
tx08-2017-09-06-call,call,2017-09-06,2017-09-06,2017-09-07,6.0,2017-09-15,3189,80.2,-0.013530135301352941,缺adj,,2017-09-06,81.3,21,TWSE(FMTQIK),complete
tx08-2017-09-06-call,call,2017-09-06,2017-09-06,2017-09-07,7.0,2017-09-18,3189,78.6,-0.03321033210332103,缺adj,,2017-09-06,81.3,21,TWSE(FMTQIK),complete
tx08-2017-09-06-call,call,2017-09-06,2017-09-06,2017-09-07,8.0,2017-09-19,3189,78.4,-0.035670356703566886,缺adj,,2017-09-06,81.3,21,TWSE(FMTQIK),complete
tx08-2017-09-06-call,call,2017-09-06,2017-09-06,2017-09-07,9.0,2017-09-20,3189,77.7,-0.044280442804428,缺adj,,2017-09-06,81.3,21,TWSE(FMTQIK),complete
tx08-2017-09-06-call,call,2017-09-06,2017-09-06,2017-09-07,10.0,2017-09-21,3189,77.3,-0.04920049200492005,缺adj,,2017-09-06,81.3,21,TWSE(FMTQIK),complete
tx08-2017-09-06-call,call,2017-09-06,2017-09-06,2017-09-07,11.0,2017-09-22,3189,75.2,-0.07503075030750306,缺adj,,2017-09-06,81.3,21,TWSE(FMTQIK),complete
tx08-2017-09-06-call,call,2017-09-06,2017-09-06,2017-09-07,12.0,2017-09-25,3189,71.5,-0.12054120541205404,缺adj,,2017-09-06,81.3,21,TWSE(FMTQIK),complete
tx08-2017-09-06-call,call,2017-09-06,2017-09-06,2017-09-07,13.0,2017-09-26,3189,71.2,-0.1242312423124231,缺adj,,2017-09-06,81.3,21,TWSE(FMTQIK),complete
tx08-2017-09-06-call,call,2017-09-06,2017-09-06,2017-09-07,14.0,2017-09-27,3189,71.3,-0.12300123001230012,缺adj,,2017-09-06,81.3,21,TWSE(FMTQIK),complete
tx08-2017-09-06-call,call,2017-09-06,2017-09-06,2017-09-07,15.0,2017-09-28,3189,71.5,-0.12054120541205404,缺adj,,2017-09-06,81.3,21,TWSE(FMTQIK),complete
tx08-2017-09-06-call,call,2017-09-06,2017-09-06,2017-09-07,16.0,2017-09-29,3189,71.3,-0.12300123001230012,缺adj,,2017-09-06,81.3,21,TWSE(FMTQIK),complete
tx08-2017-09-06-call,call,2017-09-06,2017-09-06,2017-09-07,17.0,2017-10-02,3189,73.6,-0.09471094710947114,缺adj,,2017-09-06,81.3,21,TWSE(FMTQIK),complete
tx08-2017-09-06-call,call,2017-09-06,2017-09-06,2017-09-07,18.0,2017-10-03,3189,73.2,-0.09963099630996308,缺adj,,2017-09-06,81.3,21,TWSE(FMTQIK),complete
tx08-2017-09-06-call,call,2017-09-06,2017-09-06,2017-09-07,19.0,2017-10-05,3189,73.3,-0.0984009840098401,缺adj,,2017-09-06,81.3,21,TWSE(FMTQIK),complete
tx08-2017-09-06-call,call,2017-09-06,2017-09-06,2017-09-07,20.0,2017-10-06,3189,73.2,-0.09963099630996308,缺adj,,2017-09-06,81.3,21,TWSE(FMTQIK),complete
tx08-2017-09-06-call,call,2017-09-06,2017-09-06,2017-09-07,0.0,2017-09-07,2368,9.67,-0.008205128205128198,缺adj,,2017-09-06,9.75,21,TWSE(FMTQIK),complete
tx08-2017-09-06-call,call,2017-09-06,2017-09-06,2017-09-07,1.0,2017-09-08,2368,9.8,0.00512820512820511,缺adj,,2017-09-06,9.75,21,TWSE(FMTQIK),complete
tx08-2017-09-06-call,call,2017-09-06,2017-09-06,2017-09-07,2.0,2017-09-11,2368,9.82,0.007179487179487243,缺adj,,2017-09-06,9.75,21,TWSE(FMTQIK),complete
tx08-2017-09-06-call,call,2017-09-06,2017-09-06,2017-09-07,3.0,2017-09-12,2368,9.82,0.007179487179487243,缺adj,,2017-09-06,9.75,21,TWSE(FMTQIK),complete
tx08-2017-09-06-call,call,2017-09-06,2017-09-06,2017-09-07,4.0,2017-09-13,2368,10.15,0.0410256410256411,缺adj,,2017-09-06,9.75,21,TWSE(FMTQIK),complete
tx08-2017-09-06-call,call,2017-09-06,2017-09-06,2017-09-07,5.0,2017-09-14,2368,10.2,0.04615384615384599,缺adj,,2017-09-06,9.75,21,TWSE(FMTQIK),complete
tx08-2017-09-06-call,call,2017-09-06,2017-09-06,2017-09-07,6.0,2017-09-15,2368,10.1,0.03589743589743577,缺adj,,2017-09-06,9.75,21,TWSE(FMTQIK),complete
tx08-2017-09-06-call,call,2017-09-06,2017-09-06,2017-09-07,7.0,2017-09-18,2368,10.2,0.04615384615384599,缺adj,,2017-09-06,9.75,21,TWSE(FMTQIK),complete
tx08-2017-09-06-call,call,2017-09-06,2017-09-06,2017-09-07,8.0,2017-09-19,2368,10.1,0.03589743589743577,缺adj,,2017-09-06,9.75,21,TWSE(FMTQIK),complete
tx08-2017-09-06-call,call,2017-09-06,2017-09-06,2017-09-07,9.0,2017-09-20,2368,10.0,0.02564102564102555,缺adj,,2017-09-06,9.75,21,TWSE(FMTQIK),complete
tx08-2017-09-06-call,call,2017-09-06,2017-09-06,2017-09-07,10.0,2017-09-21,2368,10.2,0.04615384615384599,缺adj,,2017-09-06,9.75,21,TWSE(FMTQIK),complete
tx08-2017-09-06-call,call,2017-09-06,2017-09-06,2017-09-07,11.0,2017-09-22,2368,10.05,0.030769230769230882,缺adj,,2017-09-06,9.75,21,TWSE(FMTQIK),complete
tx08-2017-09-06-call,call,2017-09-06,2017-09-06,2017-09-07,12.0,2017-09-25,2368,9.66,-0.009230769230769265,缺adj,,2017-09-06,9.75,21,TWSE(FMTQIK),complete
tx08-2017-09-06-call,call,2017-09-06,2017-09-06,2017-09-07,13.0,2017-09-26,2368,9.5,-0.02564102564102566,缺adj,,2017-09-06,9.75,21,TWSE(FMTQIK),complete
tx08-2017-09-06-call,call,2017-09-06,2017-09-06,2017-09-07,14.0,2017-09-27,2368,9.54,-0.021538461538461617,缺adj,,2017-09-06,9.75,21,TWSE(FMTQIK),complete
tx08-2017-09-06-call,call,2017-09-06,2017-09-06,2017-09-07,15.0,2017-09-28,2368,9.55,-0.02051282051282044,缺adj,,2017-09-06,9.75,21,TWSE(FMTQIK),complete
tx08-2017-09-06-call,call,2017-09-06,2017-09-06,2017-09-07,16.0,2017-09-29,2368,9.37,-0.03897435897435908,缺adj,,2017-09-06,9.75,21,TWSE(FMTQIK),complete
tx08-2017-09-06-call,call,2017-09-06,2017-09-06,2017-09-07,17.0,2017-10-02,2368,9.61,-0.014358974358974375,缺adj,,2017-09-06,9.75,21,TWSE(FMTQIK),complete
tx08-2017-09-06-call,call,2017-09-06,2017-09-06,2017-09-07,18.0,2017-10-03,2368,9.64,-0.011282051282051175,缺adj,,2017-09-06,9.75,21,TWSE(FMTQIK),complete
tx08-2017-09-06-call,call,2017-09-06,2017-09-06,2017-09-07,19.0,2017-10-05,2368,9.64,-0.011282051282051175,缺adj,,2017-09-06,9.75,21,TWSE(FMTQIK),complete
tx08-2017-09-06-call,call,2017-09-06,2017-09-06,2017-09-07,20.0,2017-10-06,2368,9.63,-0.012307692307692242,缺adj,,2017-09-06,9.75,21,TWSE(FMTQIK),complete
tx08-2017-09-06-call,call,2017-09-06,2017-09-06,2017-09-07,0.0,2017-09-07,2383,136.5,-0.035335689045936425,缺adj,,2017-09-06,141.5,21,TWSE(FMTQIK),complete
tx08-2017-09-06-call,call,2017-09-06,2017-09-06,2017-09-07,1.0,2017-09-08,2383,135.0,-0.04593639575971731,缺adj,,2017-09-06,141.5,21,TWSE(FMTQIK),complete
tx08-2017-09-06-call,call,2017-09-06,2017-09-06,2017-09-07,2.0,2017-09-11,2383,135.5,-0.04240282685512364,缺adj,,2017-09-06,141.5,21,TWSE(FMTQIK),complete
tx08-2017-09-06-call,call,2017-09-06,2017-09-06,2017-09-07,3.0,2017-09-12,2383,139.5,-0.014134275618374548,缺adj,,2017-09-06,141.5,21,TWSE(FMTQIK),complete
tx08-2017-09-06-call,call,2017-09-06,2017-09-06,2017-09-07,4.0,2017-09-13,2383,139.5,-0.014134275618374548,缺adj,,2017-09-06,141.5,21,TWSE(FMTQIK),complete
tx08-2017-09-06-call,call,2017-09-06,2017-09-06,2017-09-07,5.0,2017-09-14,2383,139.0,-0.017667844522968212,缺adj,,2017-09-06,141.5,21,TWSE(FMTQIK),complete
tx08-2017-09-06-call,call,2017-09-06,2017-09-06,2017-09-07,6.0,2017-09-15,2383,142.0,0.0035335689045936647,缺adj,,2017-09-06,141.5,21,TWSE(FMTQIK),complete
tx08-2017-09-06-call,call,2017-09-06,2017-09-06,2017-09-07,7.0,2017-09-18,2383,140.5,-0.007067137809187329,缺adj,,2017-09-06,141.5,21,TWSE(FMTQIK),complete
tx08-2017-09-06-call,call,2017-09-06,2017-09-06,2017-09-07,8.0,2017-09-19,2383,138.5,-0.021201413427561877,缺adj,,2017-09-06,141.5,21,TWSE(FMTQIK),complete
tx08-2017-09-06-call,call,2017-09-06,2017-09-06,2017-09-07,9.0,2017-09-20,2383,139.5,-0.014134275618374548,缺adj,,2017-09-06,141.5,21,TWSE(FMTQIK),complete
tx08-2017-09-06-call,call,2017-09-06,2017-09-06,2017-09-07,10.0,2017-09-21,2383,145.5,0.028268551236749095,缺adj,,2017-09-06,141.5,21,TWSE(FMTQIK),complete
tx08-2017-09-06-call,call,2017-09-06,2017-09-06,2017-09-07,11.0,2017-09-22,2383,141.5,0.0,缺adj,,2017-09-06,141.5,21,TWSE(FMTQIK),complete
tx08-2017-09-06-call,call,2017-09-06,2017-09-06,2017-09-07,12.0,2017-09-25,2383,137.5,-0.028268551236749095,缺adj,,2017-09-06,141.5,21,TWSE(FMTQIK),complete
tx08-2017-09-06-call,call,2017-09-06,2017-09-06,2017-09-07,13.0,2017-09-26,2383,136.5,-0.035335689045936425,缺adj,,2017-09-06,141.5,21,TWSE(FMTQIK),complete
tx08-2017-09-06-call,call,2017-09-06,2017-09-06,2017-09-07,14.0,2017-09-27,2383,139.5,-0.014134275618374548,缺adj,,2017-09-06,141.5,21,TWSE(FMTQIK),complete
tx08-2017-09-06-call,call,2017-09-06,2017-09-06,2017-09-07,15.0,2017-09-28,2383,141.5,0.0,缺adj,,2017-09-06,141.5,21,TWSE(FMTQIK),complete
tx08-2017-09-06-call,call,2017-09-06,2017-09-06,2017-09-07,16.0,2017-09-29,2383,144.0,0.0176678445229681,缺adj,,2017-09-06,141.5,21,TWSE(FMTQIK),complete
tx08-2017-09-06-call,call,2017-09-06,2017-09-06,2017-09-07,17.0,2017-10-02,2383,149.0,0.053003533568904526,缺adj,,2017-09-06,141.5,21,TWSE(FMTQIK),complete
tx08-2017-09-06-call,call,2017-09-06,2017-09-06,2017-09-07,18.0,2017-10-03,2383,147.0,0.03886925795053009,缺adj,,2017-09-06,141.5,21,TWSE(FMTQIK),complete
tx08-2017-09-06-call,call,2017-09-06,2017-09-06,2017-09-07,19.0,2017-10-05,2383,141.5,0.0,缺adj,,2017-09-06,141.5,21,TWSE(FMTQIK),complete
tx08-2017-09-06-call,call,2017-09-06,2017-09-06,2017-09-07,20.0,2017-10-06,2383,134.5,-0.04946996466431097,缺adj,,2017-09-06,141.5,21,TWSE(FMTQIK),complete
tx08-2017-09-06-call,call,2017-09-06,2017-09-06,2017-09-07,0.0,2017-09-07,6213,57.2,-0.02555366269165249,缺adj,,2017-09-06,58.7,21,TWSE(FMTQIK),complete
tx08-2017-09-06-call,call,2017-09-06,2017-09-06,2017-09-07,1.0,2017-09-08,6213,58.3,-0.006814310051107442,缺adj,,2017-09-06,58.7,21,TWSE(FMTQIK),complete
tx08-2017-09-06-call,call,2017-09-06,2017-09-06,2017-09-07,2.0,2017-09-11,6213,58.3,-0.006814310051107442,缺adj,,2017-09-06,58.7,21,TWSE(FMTQIK),complete
tx08-2017-09-06-call,call,2017-09-06,2017-09-06,2017-09-07,3.0,2017-09-12,6213,58.3,-0.006814310051107442,缺adj,,2017-09-06,58.7,21,TWSE(FMTQIK),complete
tx08-2017-09-06-call,call,2017-09-06,2017-09-06,2017-09-07,4.0,2017-09-13,6213,58.4,-0.005110732538330609,缺adj,,2017-09-06,58.7,21,TWSE(FMTQIK),complete
tx08-2017-09-06-call,call,2017-09-06,2017-09-06,2017-09-07,5.0,2017-09-14,6213,58.5,-0.0034071550255536653,缺adj,,2017-09-06,58.7,21,TWSE(FMTQIK),complete
tx08-2017-09-06-call,call,2017-09-06,2017-09-06,2017-09-07,6.0,2017-09-15,6213,59.0,0.005110732538330387,缺adj,,2017-09-06,58.7,21,TWSE(FMTQIK),complete
tx08-2017-09-06-call,call,2017-09-06,2017-09-06,2017-09-07,7.0,2017-09-18,6213,62.7,0.0681431005110733,缺adj,,2017-09-06,58.7,21,TWSE(FMTQIK),complete
tx08-2017-09-06-call,call,2017-09-06,2017-09-06,2017-09-07,8.0,2017-09-19,6213,62.3,0.061328790459965754,缺adj,,2017-09-06,58.7,21,TWSE(FMTQIK),complete
tx08-2017-09-06-call,call,2017-09-06,2017-09-06,2017-09-07,9.0,2017-09-20,6213,59.5,0.013628620102214661,缺adj,,2017-09-06,58.7,21,TWSE(FMTQIK),complete
tx08-2017-09-06-call,call,2017-09-06,2017-09-06,2017-09-07,10.0,2017-09-21,6213,59.7,0.017035775127768327,缺adj,,2017-09-06,58.7,21,TWSE(FMTQIK),complete
tx08-2017-09-06-call,call,2017-09-06,2017-09-06,2017-09-07,11.0,2017-09-22,6213,57.4,-0.022146507666098825,缺adj,,2017-09-06,58.7,21,TWSE(FMTQIK),complete
tx08-2017-09-06-call,call,2017-09-06,2017-09-06,2017-09-07,12.0,2017-09-25,6213,55.0,-0.06303236797274281,缺adj,,2017-09-06,58.7,21,TWSE(FMTQIK),complete
tx08-2017-09-06-call,call,2017-09-06,2017-09-06,2017-09-07,13.0,2017-09-26,6213,55.5,-0.054514480408858645,缺adj,,2017-09-06,58.7,21,TWSE(FMTQIK),complete
tx08-2017-09-06-call,call,2017-09-06,2017-09-06,2017-09-07,14.0,2017-09-27,6213,58.9,0.0034071550255536653,缺adj,,2017-09-06,58.7,21,TWSE(FMTQIK),complete
tx08-2017-09-06-call,call,2017-09-06,2017-09-06,2017-09-07,15.0,2017-09-28,6213,58.2,-0.008517887563884163,缺adj,,2017-09-06,58.7,21,TWSE(FMTQIK),complete
tx08-2017-09-06-call,call,2017-09-06,2017-09-06,2017-09-07,16.0,2017-09-29,6213,58.4,-0.005110732538330609,缺adj,,2017-09-06,58.7,21,TWSE(FMTQIK),complete
tx08-2017-09-06-call,call,2017-09-06,2017-09-06,2017-09-07,17.0,2017-10-02,6213,59.1,0.006814310051107331,缺adj,,2017-09-06,58.7,21,TWSE(FMTQIK),complete
tx08-2017-09-06-call,call,2017-09-06,2017-09-06,2017-09-07,18.0,2017-10-03,6213,60.1,0.023850085178875657,缺adj,,2017-09-06,58.7,21,TWSE(FMTQIK),complete
tx08-2017-09-06-call,call,2017-09-06,2017-09-06,2017-09-07,19.0,2017-10-05,6213,63.4,0.08006814310051102,缺adj,,2017-09-06,58.7,21,TWSE(FMTQIK),complete
tx08-2017-09-06-call,call,2017-09-06,2017-09-06,2017-09-07,20.0,2017-10-06,6213,67.0,0.141396933560477,缺adj,,2017-09-06,58.7,21,TWSE(FMTQIK),complete
tx08-2017-09-06-call,call,2017-09-06,2017-09-06,2017-09-07,0.0,2017-09-07,6274,76.0,-0.024390243902439046,缺adj,,2017-09-06,77.9,21,TWSE(FMTQIK),complete
tx08-2017-09-06-call,call,2017-09-06,2017-09-06,2017-09-07,1.0,2017-09-08,6274,77.4,-0.006418485237484006,缺adj,,2017-09-06,77.9,21,TWSE(FMTQIK),complete
tx08-2017-09-06-call,call,2017-09-06,2017-09-06,2017-09-07,2.0,2017-09-11,6274,76.6,-0.016688061617458394,缺adj,,2017-09-06,77.9,21,TWSE(FMTQIK),complete
tx08-2017-09-06-call,call,2017-09-06,2017-09-06,2017-09-07,3.0,2017-09-12,6274,76.6,-0.016688061617458394,缺adj,,2017-09-06,77.9,21,TWSE(FMTQIK),complete
tx08-2017-09-06-call,call,2017-09-06,2017-09-06,2017-09-07,4.0,2017-09-13,6274,78.9,0.012836970474968012,缺adj,,2017-09-06,77.9,21,TWSE(FMTQIK),complete
tx08-2017-09-06-call,call,2017-09-06,2017-09-06,2017-09-07,5.0,2017-09-14,6274,83.5,0.07188703465982016,缺adj,,2017-09-06,77.9,21,TWSE(FMTQIK),complete
tx08-2017-09-06-call,call,2017-09-06,2017-09-06,2017-09-07,6.0,2017-09-15,6274,82.2,0.055198973042361876,缺adj,,2017-09-06,77.9,21,TWSE(FMTQIK),complete
tx08-2017-09-06-call,call,2017-09-06,2017-09-06,2017-09-07,7.0,2017-09-18,6274,83.5,0.07188703465982016,缺adj,,2017-09-06,77.9,21,TWSE(FMTQIK),complete
tx08-2017-09-06-call,call,2017-09-06,2017-09-06,2017-09-07,8.0,2017-09-19,6274,83.2,0.06803594351732989,缺adj,,2017-09-06,77.9,21,TWSE(FMTQIK),complete
tx08-2017-09-06-call,call,2017-09-06,2017-09-06,2017-09-07,9.0,2017-09-20,6274,81.7,0.04878048780487809,缺adj,,2017-09-06,77.9,21,TWSE(FMTQIK),complete
tx08-2017-09-06-call,call,2017-09-06,2017-09-06,2017-09-07,10.0,2017-09-21,6274,83.2,0.06803594351732989,缺adj,,2017-09-06,77.9,21,TWSE(FMTQIK),complete
tx08-2017-09-06-call,call,2017-09-06,2017-09-06,2017-09-07,11.0,2017-09-22,6274,80.9,0.038510911424903815,缺adj,,2017-09-06,77.9,21,TWSE(FMTQIK),complete
tx08-2017-09-06-call,call,2017-09-06,2017-09-06,2017-09-07,12.0,2017-09-25,6274,78.8,0.011553273427471034,缺adj,,2017-09-06,77.9,21,TWSE(FMTQIK),complete
tx08-2017-09-06-call,call,2017-09-06,2017-09-06,2017-09-07,13.0,2017-09-26,6274,77.1,-0.010269576379974499,缺adj,,2017-09-06,77.9,21,TWSE(FMTQIK),complete
tx08-2017-09-06-call,call,2017-09-06,2017-09-06,2017-09-07,14.0,2017-09-27,6274,81.3,0.04364569961489084,缺adj,,2017-09-06,77.9,21,TWSE(FMTQIK),complete
tx08-2017-09-06-call,call,2017-09-06,2017-09-06,2017-09-07,15.0,2017-09-28,6274,80.8,0.037227214377406836,缺adj,,2017-09-06,77.9,21,TWSE(FMTQIK),complete
tx08-2017-09-06-call,call,2017-09-06,2017-09-06,2017-09-07,16.0,2017-09-29,6274,80.4,0.03209242618741981,缺adj,,2017-09-06,77.9,21,TWSE(FMTQIK),complete
tx08-2017-09-06-call,call,2017-09-06,2017-09-06,2017-09-07,17.0,2017-10-02,6274,82.1,0.05391527599486512,缺adj,,2017-09-06,77.9,21,TWSE(FMTQIK),complete
tx08-2017-09-06-call,call,2017-09-06,2017-09-06,2017-09-07,18.0,2017-10-03,6274,82.0,0.05263157894736836,缺adj,,2017-09-06,77.9,21,TWSE(FMTQIK),complete
tx08-2017-09-06-call,call,2017-09-06,2017-09-06,2017-09-07,19.0,2017-10-05,6274,86.0,0.10397946084723997,缺adj,,2017-09-06,77.9,21,TWSE(FMTQIK),complete
tx08-2017-09-06-call,call,2017-09-06,2017-09-06,2017-09-07,20.0,2017-10-06,6274,86.6,0.11168164313222073,缺adj,,2017-09-06,77.9,21,TWSE(FMTQIK),complete
tx08-2017-09-06-call,call,2017-09-06,2017-09-06,2017-09-07,0.0,2017-09-07,2408,62.3,-0.011111111111111183,缺adj,,2017-09-06,63.0,21,TWSE(FMTQIK),complete
tx08-2017-09-06-call,call,2017-09-06,2017-09-06,2017-09-07,1.0,2017-09-08,2408,64.5,0.023809523809523725,缺adj,,2017-09-06,63.0,21,TWSE(FMTQIK),complete
tx08-2017-09-06-call,call,2017-09-06,2017-09-06,2017-09-07,2.0,2017-09-11,2408,64.2,0.019047619047619202,缺adj,,2017-09-06,63.0,21,TWSE(FMTQIK),complete
tx08-2017-09-06-call,call,2017-09-06,2017-09-06,2017-09-07,3.0,2017-09-12,2408,68.0,0.0793650793650793,缺adj,,2017-09-06,63.0,21,TWSE(FMTQIK),complete
tx08-2017-09-06-call,call,2017-09-06,2017-09-06,2017-09-07,4.0,2017-09-13,2408,66.3,0.05238095238095242,缺adj,,2017-09-06,63.0,21,TWSE(FMTQIK),complete
tx08-2017-09-06-call,call,2017-09-06,2017-09-06,2017-09-07,5.0,2017-09-14,2408,68.7,0.0904761904761906,缺adj,,2017-09-06,63.0,21,TWSE(FMTQIK),complete
tx08-2017-09-06-call,call,2017-09-06,2017-09-06,2017-09-07,6.0,2017-09-15,2408,75.5,0.19841269841269837,缺adj,,2017-09-06,63.0,21,TWSE(FMTQIK),complete
tx08-2017-09-06-call,call,2017-09-06,2017-09-06,2017-09-07,7.0,2017-09-18,2408,79.8,0.2666666666666666,缺adj,,2017-09-06,63.0,21,TWSE(FMTQIK),complete
tx08-2017-09-06-call,call,2017-09-06,2017-09-06,2017-09-07,8.0,2017-09-19,2408,76.9,0.22063492063492074,缺adj,,2017-09-06,63.0,21,TWSE(FMTQIK),complete
tx08-2017-09-06-call,call,2017-09-06,2017-09-06,2017-09-07,9.0,2017-09-20,2408,80.5,0.2777777777777777,缺adj,,2017-09-06,63.0,21,TWSE(FMTQIK),complete
tx08-2017-09-06-call,call,2017-09-06,2017-09-06,2017-09-07,10.0,2017-09-21,2408,85.6,0.35873015873015857,缺adj,,2017-09-06,63.0,21,TWSE(FMTQIK),complete
tx08-2017-09-06-call,call,2017-09-06,2017-09-06,2017-09-07,11.0,2017-09-22,2408,84.0,0.33333333333333326,缺adj,,2017-09-06,63.0,21,TWSE(FMTQIK),complete
tx08-2017-09-06-call,call,2017-09-06,2017-09-06,2017-09-07,12.0,2017-09-25,2408,84.0,0.33333333333333326,缺adj,,2017-09-06,63.0,21,TWSE(FMTQIK),complete
tx08-2017-09-06-call,call,2017-09-06,2017-09-06,2017-09-07,13.0,2017-09-26,2408,80.5,0.2777777777777777,缺adj,,2017-09-06,63.0,21,TWSE(FMTQIK),complete
tx08-2017-09-06-call,call,2017-09-06,2017-09-06,2017-09-07,14.0,2017-09-27,2408,84.0,0.33333333333333326,缺adj,,2017-09-06,63.0,21,TWSE(FMTQIK),complete
tx08-2017-09-06-call,call,2017-09-06,2017-09-06,2017-09-07,15.0,2017-09-28,2408,85.8,0.36190476190476195,缺adj,,2017-09-06,63.0,21,TWSE(FMTQIK),complete
tx08-2017-09-06-call,call,2017-09-06,2017-09-06,2017-09-07,16.0,2017-09-29,2408,85.8,0.36190476190476195,缺adj,,2017-09-06,63.0,21,TWSE(FMTQIK),complete
tx08-2017-09-06-call,call,2017-09-06,2017-09-06,2017-09-07,17.0,2017-10-02,2408,90.7,0.4396825396825397,缺adj,,2017-09-06,63.0,21,TWSE(FMTQIK),complete
tx08-2017-09-06-call,call,2017-09-06,2017-09-06,2017-09-07,18.0,2017-10-03,2408,88.8,0.4095238095238094,缺adj,,2017-09-06,63.0,21,TWSE(FMTQIK),complete
tx08-2017-09-06-call,call,2017-09-06,2017-09-06,2017-09-07,19.0,2017-10-05,2408,87.3,0.3857142857142857,缺adj,,2017-09-06,63.0,21,TWSE(FMTQIK),complete
tx08-2017-09-06-call,call,2017-09-06,2017-09-06,2017-09-07,20.0,2017-10-06,2408,84.8,0.3460317460317459,缺adj,,2017-09-06,63.0,21,TWSE(FMTQIK),complete
tx08-2017-09-06-call,call,2017-09-06,2017-09-06,2017-09-07,0.0,2017-09-07,2344,23.7,-0.024691358024691468,缺adj,,2017-09-06,24.3,21,TWSE(FMTQIK),complete
tx08-2017-09-06-call,call,2017-09-06,2017-09-06,2017-09-07,1.0,2017-09-08,2344,24.2,-0.004115226337448652,缺adj,,2017-09-06,24.3,21,TWSE(FMTQIK),complete
tx08-2017-09-06-call,call,2017-09-06,2017-09-06,2017-09-07,2.0,2017-09-11,2344,24.4,0.00411522633744843,缺adj,,2017-09-06,24.3,21,TWSE(FMTQIK),complete
tx08-2017-09-06-call,call,2017-09-06,2017-09-06,2017-09-07,3.0,2017-09-12,2344,23.95,-0.01440329218107006,缺adj,,2017-09-06,24.3,21,TWSE(FMTQIK),complete
tx08-2017-09-06-call,call,2017-09-06,2017-09-06,2017-09-07,4.0,2017-09-13,2344,23.3,-0.04115226337448563,缺adj,,2017-09-06,24.3,21,TWSE(FMTQIK),complete
tx08-2017-09-06-call,call,2017-09-06,2017-09-06,2017-09-07,5.0,2017-09-14,2344,23.8,-0.020576131687242816,缺adj,,2017-09-06,24.3,21,TWSE(FMTQIK),complete
tx08-2017-09-06-call,call,2017-09-06,2017-09-06,2017-09-07,6.0,2017-09-15,2344,25.2,0.03703703703703698,缺adj,,2017-09-06,24.3,21,TWSE(FMTQIK),complete
tx08-2017-09-06-call,call,2017-09-06,2017-09-06,2017-09-07,7.0,2017-09-18,2344,27.0,0.11111111111111116,缺adj,,2017-09-06,24.3,21,TWSE(FMTQIK),complete
tx08-2017-09-06-call,call,2017-09-06,2017-09-06,2017-09-07,8.0,2017-09-19,2344,26.4,0.08641975308641969,缺adj,,2017-09-06,24.3,21,TWSE(FMTQIK),complete
tx08-2017-09-06-call,call,2017-09-06,2017-09-06,2017-09-07,9.0,2017-09-20,2344,26.85,0.1049382716049383,缺adj,,2017-09-06,24.3,21,TWSE(FMTQIK),complete
tx08-2017-09-06-call,call,2017-09-06,2017-09-06,2017-09-07,10.0,2017-09-21,2344,28.2,0.16049382716049387,缺adj,,2017-09-06,24.3,21,TWSE(FMTQIK),complete
tx08-2017-09-06-call,call,2017-09-06,2017-09-06,2017-09-07,11.0,2017-09-22,2344,27.7,0.13991769547325106,缺adj,,2017-09-06,24.3,21,TWSE(FMTQIK),complete
tx08-2017-09-06-call,call,2017-09-06,2017-09-06,2017-09-07,12.0,2017-09-25,2344,27.05,0.11316872427983538,缺adj,,2017-09-06,24.3,21,TWSE(FMTQIK),complete
tx08-2017-09-06-call,call,2017-09-06,2017-09-06,2017-09-07,13.0,2017-09-26,2344,25.15,0.034979423868312765,缺adj,,2017-09-06,24.3,21,TWSE(FMTQIK),complete
tx08-2017-09-06-call,call,2017-09-06,2017-09-06,2017-09-07,14.0,2017-09-27,2344,26.05,0.07201646090534974,缺adj,,2017-09-06,24.3,21,TWSE(FMTQIK),complete
tx08-2017-09-06-call,call,2017-09-06,2017-09-06,2017-09-07,15.0,2017-09-28,2344,26.35,0.08436213991769548,缺adj,,2017-09-06,24.3,21,TWSE(FMTQIK),complete
tx08-2017-09-06-call,call,2017-09-06,2017-09-06,2017-09-07,16.0,2017-09-29,2344,26.4,0.08641975308641969,缺adj,,2017-09-06,24.3,21,TWSE(FMTQIK),complete
tx08-2017-09-06-call,call,2017-09-06,2017-09-06,2017-09-07,17.0,2017-10-02,2344,27.35,0.1255144032921811,缺adj,,2017-09-06,24.3,21,TWSE(FMTQIK),complete
tx08-2017-09-06-call,call,2017-09-06,2017-09-06,2017-09-07,18.0,2017-10-03,2344,27.1,0.11522633744855959,缺adj,,2017-09-06,24.3,21,TWSE(FMTQIK),complete
tx08-2017-09-06-call,call,2017-09-06,2017-09-06,2017-09-07,19.0,2017-10-05,2344,27.2,0.11934156378600824,缺adj,,2017-09-06,24.3,21,TWSE(FMTQIK),complete
tx08-2017-09-06-call,call,2017-09-06,2017-09-06,2017-09-07,20.0,2017-10-06,2344,26.85,0.1049382716049383,缺adj,,2017-09-06,24.3,21,TWSE(FMTQIK),complete
tx08-2017-09-06-call,call,2017-09-06,2017-09-06,2017-09-07,0.0,2017-09-07,6770,,,MISSING(未上市，首筆 2020-12-09);缺adj,,2017-09-06,,0,TWSE(FMTQIK),complete
tx08-2017-09-06-call,call,2017-09-06,2017-09-06,2017-09-07,1.0,2017-09-08,6770,,,MISSING(未上市，首筆 2020-12-09);缺adj,,2017-09-06,,0,TWSE(FMTQIK),complete
tx08-2017-09-06-call,call,2017-09-06,2017-09-06,2017-09-07,2.0,2017-09-11,6770,,,MISSING(未上市，首筆 2020-12-09);缺adj,,2017-09-06,,0,TWSE(FMTQIK),complete
tx08-2017-09-06-call,call,2017-09-06,2017-09-06,2017-09-07,3.0,2017-09-12,6770,,,MISSING(未上市，首筆 2020-12-09);缺adj,,2017-09-06,,0,TWSE(FMTQIK),complete
tx08-2017-09-06-call,call,2017-09-06,2017-09-06,2017-09-07,4.0,2017-09-13,6770,,,MISSING(未上市，首筆 2020-12-09);缺adj,,2017-09-06,,0,TWSE(FMTQIK),complete
tx08-2017-09-06-call,call,2017-09-06,2017-09-06,2017-09-07,5.0,2017-09-14,6770,,,MISSING(未上市，首筆 2020-12-09);缺adj,,2017-09-06,,0,TWSE(FMTQIK),complete
tx08-2017-09-06-call,call,2017-09-06,2017-09-06,2017-09-07,6.0,2017-09-15,6770,,,MISSING(未上市，首筆 2020-12-09);缺adj,,2017-09-06,,0,TWSE(FMTQIK),complete
tx08-2017-09-06-call,call,2017-09-06,2017-09-06,2017-09-07,7.0,2017-09-18,6770,,,MISSING(未上市，首筆 2020-12-09);缺adj,,2017-09-06,,0,TWSE(FMTQIK),complete
tx08-2017-09-06-call,call,2017-09-06,2017-09-06,2017-09-07,8.0,2017-09-19,6770,,,MISSING(未上市，首筆 2020-12-09);缺adj,,2017-09-06,,0,TWSE(FMTQIK),complete
tx08-2017-09-06-call,call,2017-09-06,2017-09-06,2017-09-07,9.0,2017-09-20,6770,,,MISSING(未上市，首筆 2020-12-09);缺adj,,2017-09-06,,0,TWSE(FMTQIK),complete
tx08-2017-09-06-call,call,2017-09-06,2017-09-06,2017-09-07,10.0,2017-09-21,6770,,,MISSING(未上市，首筆 2020-12-09);缺adj,,2017-09-06,,0,TWSE(FMTQIK),complete
tx08-2017-09-06-call,call,2017-09-06,2017-09-06,2017-09-07,11.0,2017-09-22,6770,,,MISSING(未上市，首筆 2020-12-09);缺adj,,2017-09-06,,0,TWSE(FMTQIK),complete
tx08-2017-09-06-call,call,2017-09-06,2017-09-06,2017-09-07,12.0,2017-09-25,6770,,,MISSING(未上市，首筆 2020-12-09);缺adj,,2017-09-06,,0,TWSE(FMTQIK),complete
tx08-2017-09-06-call,call,2017-09-06,2017-09-06,2017-09-07,13.0,2017-09-26,6770,,,MISSING(未上市，首筆 2020-12-09);缺adj,,2017-09-06,,0,TWSE(FMTQIK),complete
tx08-2017-09-06-call,call,2017-09-06,2017-09-06,2017-09-07,14.0,2017-09-27,6770,,,MISSING(未上市，首筆 2020-12-09);缺adj,,2017-09-06,,0,TWSE(FMTQIK),complete
tx08-2017-09-06-call,call,2017-09-06,2017-09-06,2017-09-07,15.0,2017-09-28,6770,,,MISSING(未上市，首筆 2020-12-09);缺adj,,2017-09-06,,0,TWSE(FMTQIK),complete
tx08-2017-09-06-call,call,2017-09-06,2017-09-06,2017-09-07,16.0,2017-09-29,6770,,,MISSING(未上市，首筆 2020-12-09);缺adj,,2017-09-06,,0,TWSE(FMTQIK),complete
tx08-2017-09-06-call,call,2017-09-06,2017-09-06,2017-09-07,17.0,2017-10-02,6770,,,MISSING(未上市，首筆 2020-12-09);缺adj,,2017-09-06,,0,TWSE(FMTQIK),complete
tx08-2017-09-06-call,call,2017-09-06,2017-09-06,2017-09-07,18.0,2017-10-03,6770,,,MISSING(未上市，首筆 2020-12-09);缺adj,,2017-09-06,,0,TWSE(FMTQIK),complete
tx08-2017-09-06-call,call,2017-09-06,2017-09-06,2017-09-07,19.0,2017-10-05,6770,,,MISSING(未上市，首筆 2020-12-09);缺adj,,2017-09-06,,0,TWSE(FMTQIK),complete
tx08-2017-09-06-call,call,2017-09-06,2017-09-06,2017-09-07,20.0,2017-10-06,6770,,,MISSING(未上市，首筆 2020-12-09);缺adj,,2017-09-06,,0,TWSE(FMTQIK),complete
tx08-2017-09-06-call,call,2017-09-06,2017-09-06,2017-09-07,0.0,2017-09-07,3711,,,MISSING(未上市，首筆 2018-04-30);缺adj,,2017-09-06,,0,TWSE(FMTQIK),complete
tx08-2017-09-06-call,call,2017-09-06,2017-09-06,2017-09-07,1.0,2017-09-08,3711,,,MISSING(未上市，首筆 2018-04-30);缺adj,,2017-09-06,,0,TWSE(FMTQIK),complete
tx08-2017-09-06-call,call,2017-09-06,2017-09-06,2017-09-07,2.0,2017-09-11,3711,,,MISSING(未上市，首筆 2018-04-30);缺adj,,2017-09-06,,0,TWSE(FMTQIK),complete
tx08-2017-09-06-call,call,2017-09-06,2017-09-06,2017-09-07,3.0,2017-09-12,3711,,,MISSING(未上市，首筆 2018-04-30);缺adj,,2017-09-06,,0,TWSE(FMTQIK),complete
tx08-2017-09-06-call,call,2017-09-06,2017-09-06,2017-09-07,4.0,2017-09-13,3711,,,MISSING(未上市，首筆 2018-04-30);缺adj,,2017-09-06,,0,TWSE(FMTQIK),complete
tx08-2017-09-06-call,call,2017-09-06,2017-09-06,2017-09-07,5.0,2017-09-14,3711,,,MISSING(未上市，首筆 2018-04-30);缺adj,,2017-09-06,,0,TWSE(FMTQIK),complete
tx08-2017-09-06-call,call,2017-09-06,2017-09-06,2017-09-07,6.0,2017-09-15,3711,,,MISSING(未上市，首筆 2018-04-30);缺adj,,2017-09-06,,0,TWSE(FMTQIK),complete
tx08-2017-09-06-call,call,2017-09-06,2017-09-06,2017-09-07,7.0,2017-09-18,3711,,,MISSING(未上市，首筆 2018-04-30);缺adj,,2017-09-06,,0,TWSE(FMTQIK),complete
tx08-2017-09-06-call,call,2017-09-06,2017-09-06,2017-09-07,8.0,2017-09-19,3711,,,MISSING(未上市，首筆 2018-04-30);缺adj,,2017-09-06,,0,TWSE(FMTQIK),complete
tx08-2017-09-06-call,call,2017-09-06,2017-09-06,2017-09-07,9.0,2017-09-20,3711,,,MISSING(未上市，首筆 2018-04-30);缺adj,,2017-09-06,,0,TWSE(FMTQIK),complete
tx08-2017-09-06-call,call,2017-09-06,2017-09-06,2017-09-07,10.0,2017-09-21,3711,,,MISSING(未上市，首筆 2018-04-30);缺adj,,2017-09-06,,0,TWSE(FMTQIK),complete
tx08-2017-09-06-call,call,2017-09-06,2017-09-06,2017-09-07,11.0,2017-09-22,3711,,,MISSING(未上市，首筆 2018-04-30);缺adj,,2017-09-06,,0,TWSE(FMTQIK),complete
tx08-2017-09-06-call,call,2017-09-06,2017-09-06,2017-09-07,12.0,2017-09-25,3711,,,MISSING(未上市，首筆 2018-04-30);缺adj,,2017-09-06,,0,TWSE(FMTQIK),complete
tx08-2017-09-06-call,call,2017-09-06,2017-09-06,2017-09-07,13.0,2017-09-26,3711,,,MISSING(未上市，首筆 2018-04-30);缺adj,,2017-09-06,,0,TWSE(FMTQIK),complete
tx08-2017-09-06-call,call,2017-09-06,2017-09-06,2017-09-07,14.0,2017-09-27,3711,,,MISSING(未上市，首筆 2018-04-30);缺adj,,2017-09-06,,0,TWSE(FMTQIK),complete
tx08-2017-09-06-call,call,2017-09-06,2017-09-06,2017-09-07,15.0,2017-09-28,3711,,,MISSING(未上市，首筆 2018-04-30);缺adj,,2017-09-06,,0,TWSE(FMTQIK),complete
tx08-2017-09-06-call,call,2017-09-06,2017-09-06,2017-09-07,16.0,2017-09-29,3711,,,MISSING(未上市，首筆 2018-04-30);缺adj,,2017-09-06,,0,TWSE(FMTQIK),complete
tx08-2017-09-06-call,call,2017-09-06,2017-09-06,2017-09-07,17.0,2017-10-02,3711,,,MISSING(未上市，首筆 2018-04-30);缺adj,,2017-09-06,,0,TWSE(FMTQIK),complete
tx08-2017-09-06-call,call,2017-09-06,2017-09-06,2017-09-07,18.0,2017-10-03,3711,,,MISSING(未上市，首筆 2018-04-30);缺adj,,2017-09-06,,0,TWSE(FMTQIK),complete
tx08-2017-09-06-call,call,2017-09-06,2017-09-06,2017-09-07,19.0,2017-10-05,3711,,,MISSING(未上市，首筆 2018-04-30);缺adj,,2017-09-06,,0,TWSE(FMTQIK),complete
tx08-2017-09-06-call,call,2017-09-06,2017-09-06,2017-09-07,20.0,2017-10-06,3711,,,MISSING(未上市，首筆 2018-04-30);缺adj,,2017-09-06,,0,TWSE(FMTQIK),complete
tx08-2017-09-06-call,call,2017-09-06,2017-09-06,2017-09-07,0.0,2017-09-07,EW_TW,,-0.010577777666433493,n=9/11;缺adj,9.0,2017-09-06,,21,TWSE(FMTQIK),complete
tx08-2017-09-06-call,call,2017-09-06,2017-09-06,2017-09-07,1.0,2017-09-08,EW_TW,,-0.0018504432807671606,n=9/11;缺adj,9.0,2017-09-06,,21,TWSE(FMTQIK),complete
tx08-2017-09-06-call,call,2017-09-06,2017-09-06,2017-09-07,2.0,2017-09-11,EW_TW,,-0.0015780033023074821,n=9/11;缺adj,9.0,2017-09-06,,21,TWSE(FMTQIK),complete
tx08-2017-09-06-call,call,2017-09-06,2017-09-06,2017-09-07,3.0,2017-09-12,EW_TW,,0.0032712105440985007,n=9/11;缺adj,9.0,2017-09-06,,21,TWSE(FMTQIK),complete
tx08-2017-09-06-call,call,2017-09-06,2017-09-06,2017-09-07,4.0,2017-09-13,EW_TW,,0.006068848847683673,n=9/11;缺adj,9.0,2017-09-06,,21,TWSE(FMTQIK),complete
tx08-2017-09-06-call,call,2017-09-06,2017-09-06,2017-09-07,5.0,2017-09-14,EW_TW,,0.01744542609266532,n=9/11;缺adj,9.0,2017-09-06,,21,TWSE(FMTQIK),complete
tx08-2017-09-06-call,call,2017-09-06,2017-09-06,2017-09-07,6.0,2017-09-15,EW_TW,,0.037229860905451044,n=9/11;缺adj,9.0,2017-09-06,,21,TWSE(FMTQIK),complete
tx08-2017-09-06-call,call,2017-09-06,2017-09-06,2017-09-07,7.0,2017-09-18,EW_TW,,0.0608661208185112,n=9/11;缺adj,9.0,2017-09-06,,21,TWSE(FMTQIK),complete
tx08-2017-09-06-call,call,2017-09-06,2017-09-06,2017-09-07,8.0,2017-09-19,EW_TW,,0.04567858003608781,n=9/11;缺adj,9.0,2017-09-06,,21,TWSE(FMTQIK),complete
tx08-2017-09-06-call,call,2017-09-06,2017-09-06,2017-09-07,9.0,2017-09-20,EW_TW,,0.04425151156767651,n=9/11;缺adj,9.0,2017-09-06,,21,TWSE(FMTQIK),complete
tx08-2017-09-06-call,call,2017-09-06,2017-09-06,2017-09-07,10.0,2017-09-21,EW_TW,,0.06925278335350897,n=9/11;缺adj,9.0,2017-09-06,,21,TWSE(FMTQIK),complete
tx08-2017-09-06-call,call,2017-09-06,2017-09-06,2017-09-07,11.0,2017-09-22,EW_TW,,0.04789328648531607,n=9/11;缺adj,9.0,2017-09-06,,21,TWSE(FMTQIK),complete
tx08-2017-09-06-call,call,2017-09-06,2017-09-06,2017-09-07,12.0,2017-09-25,EW_TW,,0.018435753637309142,n=9/11;缺adj,9.0,2017-09-06,,21,TWSE(FMTQIK),complete
tx08-2017-09-06-call,call,2017-09-06,2017-09-06,2017-09-07,13.0,2017-09-26,EW_TW,,-0.005386035910000777,n=9/11;缺adj,9.0,2017-09-06,,21,TWSE(FMTQIK),complete
tx08-2017-09-06-call,call,2017-09-06,2017-09-06,2017-09-07,14.0,2017-09-27,EW_TW,,0.020822435555729133,n=9/11;缺adj,9.0,2017-09-06,,21,TWSE(FMTQIK),complete
tx08-2017-09-06-call,call,2017-09-06,2017-09-06,2017-09-07,15.0,2017-09-28,EW_TW,,0.02540258730251473,n=9/11;缺adj,9.0,2017-09-06,,21,TWSE(FMTQIK),complete
tx08-2017-09-06-call,call,2017-09-06,2017-09-06,2017-09-07,16.0,2017-09-29,EW_TW,,0.026055244571894565,n=9/11;缺adj,9.0,2017-09-06,,21,TWSE(FMTQIK),complete
tx08-2017-09-06-call,call,2017-09-06,2017-09-06,2017-09-07,17.0,2017-10-02,EW_TW,,0.057524956109654864,n=9/11;缺adj,9.0,2017-09-06,,21,TWSE(FMTQIK),complete
tx08-2017-09-06-call,call,2017-09-06,2017-09-06,2017-09-07,18.0,2017-10-03,EW_TW,,0.050822387551674425,n=9/11;缺adj,9.0,2017-09-06,,21,TWSE(FMTQIK),complete
tx08-2017-09-06-call,call,2017-09-06,2017-09-06,2017-09-07,19.0,2017-10-05,EW_TW,,0.059898953191177454,n=9/11;缺adj,9.0,2017-09-06,,21,TWSE(FMTQIK),complete
tx08-2017-09-06-call,call,2017-09-06,2017-09-06,2017-09-07,20.0,2017-10-06,EW_TW,,0.05265127225501273,n=9/11;缺adj,9.0,2017-09-06,,21,TWSE(FMTQIK),complete
tx08-2017-09-06-call,call,2017-09-06,2017-09-06,缺,,缺,NET,,,MISSING(未上市，首筆 2019-09-13),,缺,,0,US(own bars),complete
tx09-2017-09-18-call,call,2017-09-18,2017-09-18,2017-09-19,0.0,2017-09-19,TAIEX,10576.14,-0.005213717259069051,缺adj,,2017-09-18,10631.57,21,TWSE(FMTQIK),complete
tx09-2017-09-18-call,call,2017-09-18,2017-09-18,2017-09-19,1.0,2017-09-20,TAIEX,10519.17,-0.010572286125191233,缺adj,,2017-09-18,10631.57,21,TWSE(FMTQIK),complete
tx09-2017-09-18-call,call,2017-09-18,2017-09-18,2017-09-19,2.0,2017-09-21,TAIEX,10578.44,-0.0049973804433398605,缺adj,,2017-09-18,10631.57,21,TWSE(FMTQIK),complete
tx09-2017-09-18-call,call,2017-09-18,2017-09-18,2017-09-19,3.0,2017-09-22,TAIEX,10449.68,-0.017108479744760152,缺adj,,2017-09-18,10631.57,21,TWSE(FMTQIK),complete
tx09-2017-09-18-call,call,2017-09-18,2017-09-18,2017-09-19,4.0,2017-09-25,TAIEX,10335.89,-0.02781150855423986,缺adj,,2017-09-18,10631.57,21,TWSE(FMTQIK),complete
tx09-2017-09-18-call,call,2017-09-18,2017-09-18,2017-09-19,5.0,2017-09-26,TAIEX,10257.02,-0.03522998014404266,缺adj,,2017-09-18,10631.57,21,TWSE(FMTQIK),complete
tx09-2017-09-18-call,call,2017-09-18,2017-09-18,2017-09-19,6.0,2017-09-27,TAIEX,10326.68,-0.02867779641200685,缺adj,,2017-09-18,10631.57,21,TWSE(FMTQIK),complete
tx09-2017-09-18-call,call,2017-09-18,2017-09-18,2017-09-19,7.0,2017-09-28,TAIEX,10296.45,-0.03152121464656665,缺adj,,2017-09-18,10631.57,21,TWSE(FMTQIK),complete
tx09-2017-09-18-call,call,2017-09-18,2017-09-18,2017-09-19,8.0,2017-09-29,TAIEX,10329.94,-0.028371162490582247,缺adj,,2017-09-18,10631.57,21,TWSE(FMTQIK),complete
tx09-2017-09-18-call,call,2017-09-18,2017-09-18,2017-09-19,9.0,2017-10-02,TAIEX,10465.16,-0.015652438915418898,缺adj,,2017-09-18,10631.57,21,TWSE(FMTQIK),complete
tx09-2017-09-18-call,call,2017-09-18,2017-09-18,2017-09-19,10.0,2017-10-03,TAIEX,10469.35,-0.015258329672851678,缺adj,,2017-09-18,10631.57,21,TWSE(FMTQIK),complete
tx09-2017-09-18-call,call,2017-09-18,2017-09-18,2017-09-19,11.0,2017-10-05,TAIEX,10518.27,-0.010656939661780829,缺adj,,2017-09-18,10631.57,21,TWSE(FMTQIK),complete
tx09-2017-09-18-call,call,2017-09-18,2017-09-18,2017-09-19,12.0,2017-10-06,TAIEX,10532.81,-0.009289314748433197,缺adj,,2017-09-18,10631.57,21,TWSE(FMTQIK),complete
tx09-2017-09-18-call,call,2017-09-18,2017-09-18,2017-09-19,13.0,2017-10-11,TAIEX,10641.19,0.0009048522466579279,缺adj,,2017-09-18,10631.57,21,TWSE(FMTQIK),complete
tx09-2017-09-18-call,call,2017-09-18,2017-09-18,2017-09-19,14.0,2017-10-12,TAIEX,10711.44,0.007512531074902462,缺adj,,2017-09-18,10631.57,21,TWSE(FMTQIK),complete
tx09-2017-09-18-call,call,2017-09-18,2017-09-18,2017-09-19,15.0,2017-10-13,TAIEX,10724.09,0.008702383561411953,缺adj,,2017-09-18,10631.57,21,TWSE(FMTQIK),complete
tx09-2017-09-18-call,call,2017-09-18,2017-09-18,2017-09-19,16.0,2017-10-16,TAIEX,10774.21,0.013416644954602042,缺adj,,2017-09-18,10631.57,21,TWSE(FMTQIK),complete
tx09-2017-09-18-call,call,2017-09-18,2017-09-18,2017-09-19,17.0,2017-10-17,TAIEX,10723.15,0.008613967645418219,缺adj,,2017-09-18,10631.57,21,TWSE(FMTQIK),complete
tx09-2017-09-18-call,call,2017-09-18,2017-09-18,2017-09-19,18.0,2017-10-18,TAIEX,10720.28,0.00834401692318254,缺adj,,2017-09-18,10631.57,21,TWSE(FMTQIK),complete
tx09-2017-09-18-call,call,2017-09-18,2017-09-18,2017-09-19,19.0,2017-10-19,TAIEX,10760.29,0.012107336922016376,缺adj,,2017-09-18,10631.57,21,TWSE(FMTQIK),complete
tx09-2017-09-18-call,call,2017-09-18,2017-09-18,2017-09-19,20.0,2017-10-20,TAIEX,10728.88,0.009152928495038681,缺adj,,2017-09-18,10631.57,21,TWSE(FMTQIK),complete
tx09-2017-09-18-call,call,2017-09-18,2017-09-18,2017-09-19,0.0,2017-09-19,3037,17.55,-0.019553072625698165,缺adj,,2017-09-18,17.9,21,TWSE(FMTQIK),complete
tx09-2017-09-18-call,call,2017-09-18,2017-09-18,2017-09-19,1.0,2017-09-20,3037,17.35,-0.030726256983240052,缺adj,,2017-09-18,17.9,21,TWSE(FMTQIK),complete
tx09-2017-09-18-call,call,2017-09-18,2017-09-18,2017-09-19,2.0,2017-09-21,3037,17.45,-0.025139664804469275,缺adj,,2017-09-18,17.9,21,TWSE(FMTQIK),complete
tx09-2017-09-18-call,call,2017-09-18,2017-09-18,2017-09-19,3.0,2017-09-22,3037,17.65,-0.013966480446927387,缺adj,,2017-09-18,17.9,21,TWSE(FMTQIK),complete
tx09-2017-09-18-call,call,2017-09-18,2017-09-18,2017-09-19,4.0,2017-09-25,3037,16.75,-0.06424581005586583,缺adj,,2017-09-18,17.9,21,TWSE(FMTQIK),complete
tx09-2017-09-18-call,call,2017-09-18,2017-09-18,2017-09-19,5.0,2017-09-26,3037,16.2,-0.0949720670391061,缺adj,,2017-09-18,17.9,21,TWSE(FMTQIK),complete
tx09-2017-09-18-call,call,2017-09-18,2017-09-18,2017-09-19,6.0,2017-09-27,3037,16.25,-0.0921787709497206,缺adj,,2017-09-18,17.9,21,TWSE(FMTQIK),complete
tx09-2017-09-18-call,call,2017-09-18,2017-09-18,2017-09-19,7.0,2017-09-28,3037,16.2,-0.0949720670391061,缺adj,,2017-09-18,17.9,21,TWSE(FMTQIK),complete
tx09-2017-09-18-call,call,2017-09-18,2017-09-18,2017-09-19,8.0,2017-09-29,3037,16.35,-0.0865921787709496,缺adj,,2017-09-18,17.9,21,TWSE(FMTQIK),complete
tx09-2017-09-18-call,call,2017-09-18,2017-09-18,2017-09-19,9.0,2017-10-02,3037,16.6,-0.07262569832402221,缺adj,,2017-09-18,17.9,21,TWSE(FMTQIK),complete
tx09-2017-09-18-call,call,2017-09-18,2017-09-18,2017-09-19,10.0,2017-10-03,3037,16.4,-0.08379888268156421,缺adj,,2017-09-18,17.9,21,TWSE(FMTQIK),complete
tx09-2017-09-18-call,call,2017-09-18,2017-09-18,2017-09-19,11.0,2017-10-05,3037,16.7,-0.06703910614525133,缺adj,,2017-09-18,17.9,21,TWSE(FMTQIK),complete
tx09-2017-09-18-call,call,2017-09-18,2017-09-18,2017-09-19,12.0,2017-10-06,3037,16.35,-0.0865921787709496,缺adj,,2017-09-18,17.9,21,TWSE(FMTQIK),complete
tx09-2017-09-18-call,call,2017-09-18,2017-09-18,2017-09-19,13.0,2017-10-11,3037,16.55,-0.07541899441340771,缺adj,,2017-09-18,17.9,21,TWSE(FMTQIK),complete
tx09-2017-09-18-call,call,2017-09-18,2017-09-18,2017-09-19,14.0,2017-10-12,3037,16.65,-0.06983240223463683,缺adj,,2017-09-18,17.9,21,TWSE(FMTQIK),complete
tx09-2017-09-18-call,call,2017-09-18,2017-09-18,2017-09-19,15.0,2017-10-13,3037,16.7,-0.06703910614525133,缺adj,,2017-09-18,17.9,21,TWSE(FMTQIK),complete
tx09-2017-09-18-call,call,2017-09-18,2017-09-18,2017-09-19,16.0,2017-10-16,3037,16.85,-0.05865921787709483,缺adj,,2017-09-18,17.9,21,TWSE(FMTQIK),complete
tx09-2017-09-18-call,call,2017-09-18,2017-09-18,2017-09-19,17.0,2017-10-17,3037,16.75,-0.06424581005586583,缺adj,,2017-09-18,17.9,21,TWSE(FMTQIK),complete
tx09-2017-09-18-call,call,2017-09-18,2017-09-18,2017-09-19,18.0,2017-10-18,3037,16.4,-0.08379888268156421,缺adj,,2017-09-18,17.9,21,TWSE(FMTQIK),complete
tx09-2017-09-18-call,call,2017-09-18,2017-09-18,2017-09-19,19.0,2017-10-19,3037,16.35,-0.0865921787709496,缺adj,,2017-09-18,17.9,21,TWSE(FMTQIK),complete
tx09-2017-09-18-call,call,2017-09-18,2017-09-18,2017-09-19,20.0,2017-10-20,3037,16.5,-0.07821229050279321,缺adj,,2017-09-18,17.9,21,TWSE(FMTQIK),complete
tx09-2017-09-18-call,call,2017-09-18,2017-09-18,2017-09-19,0.0,2017-09-19,8046,24.4,-0.008130081300813163,缺adj,,2017-09-18,24.6,21,TWSE(FMTQIK),complete
tx09-2017-09-18-call,call,2017-09-18,2017-09-18,2017-09-19,1.0,2017-09-20,8046,24.45,-0.0060975609756098725,缺adj,,2017-09-18,24.6,21,TWSE(FMTQIK),complete
tx09-2017-09-18-call,call,2017-09-18,2017-09-18,2017-09-19,2.0,2017-09-21,8046,24.5,-0.004065040650406582,缺adj,,2017-09-18,24.6,21,TWSE(FMTQIK),complete
tx09-2017-09-18-call,call,2017-09-18,2017-09-18,2017-09-19,3.0,2017-09-22,8046,24.0,-0.024390243902439046,缺adj,,2017-09-18,24.6,21,TWSE(FMTQIK),complete
tx09-2017-09-18-call,call,2017-09-18,2017-09-18,2017-09-19,4.0,2017-09-25,8046,23.9,-0.028455284552845628,缺adj,,2017-09-18,24.6,21,TWSE(FMTQIK),complete
tx09-2017-09-18-call,call,2017-09-18,2017-09-18,2017-09-19,5.0,2017-09-26,8046,23.7,-0.03658536585365857,缺adj,,2017-09-18,24.6,21,TWSE(FMTQIK),complete
tx09-2017-09-18-call,call,2017-09-18,2017-09-18,2017-09-19,6.0,2017-09-27,8046,23.75,-0.03455284552845539,缺adj,,2017-09-18,24.6,21,TWSE(FMTQIK),complete
tx09-2017-09-18-call,call,2017-09-18,2017-09-18,2017-09-19,7.0,2017-09-28,8046,23.85,-0.030487804878048808,缺adj,,2017-09-18,24.6,21,TWSE(FMTQIK),complete
tx09-2017-09-18-call,call,2017-09-18,2017-09-18,2017-09-19,8.0,2017-09-29,8046,23.85,-0.030487804878048808,缺adj,,2017-09-18,24.6,21,TWSE(FMTQIK),complete
tx09-2017-09-18-call,call,2017-09-18,2017-09-18,2017-09-19,9.0,2017-10-02,8046,24.6,0.0,缺adj,,2017-09-18,24.6,21,TWSE(FMTQIK),complete
tx09-2017-09-18-call,call,2017-09-18,2017-09-18,2017-09-19,10.0,2017-10-03,8046,24.4,-0.008130081300813163,缺adj,,2017-09-18,24.6,21,TWSE(FMTQIK),complete
tx09-2017-09-18-call,call,2017-09-18,2017-09-18,2017-09-19,11.0,2017-10-05,8046,24.75,0.0060975609756097615,缺adj,,2017-09-18,24.6,21,TWSE(FMTQIK),complete
tx09-2017-09-18-call,call,2017-09-18,2017-09-18,2017-09-19,12.0,2017-10-06,8046,24.55,-0.002032520325203291,缺adj,,2017-09-18,24.6,21,TWSE(FMTQIK),complete
tx09-2017-09-18-call,call,2017-09-18,2017-09-18,2017-09-19,13.0,2017-10-11,8046,24.55,-0.002032520325203291,缺adj,,2017-09-18,24.6,21,TWSE(FMTQIK),complete
tx09-2017-09-18-call,call,2017-09-18,2017-09-18,2017-09-19,14.0,2017-10-12,8046,24.5,-0.004065040650406582,缺adj,,2017-09-18,24.6,21,TWSE(FMTQIK),complete
tx09-2017-09-18-call,call,2017-09-18,2017-09-18,2017-09-19,15.0,2017-10-13,8046,24.5,-0.004065040650406582,缺adj,,2017-09-18,24.6,21,TWSE(FMTQIK),complete
tx09-2017-09-18-call,call,2017-09-18,2017-09-18,2017-09-19,16.0,2017-10-16,8046,24.65,0.00203252032520318,缺adj,,2017-09-18,24.6,21,TWSE(FMTQIK),complete
tx09-2017-09-18-call,call,2017-09-18,2017-09-18,2017-09-19,17.0,2017-10-17,8046,24.4,-0.008130081300813163,缺adj,,2017-09-18,24.6,21,TWSE(FMTQIK),complete
tx09-2017-09-18-call,call,2017-09-18,2017-09-18,2017-09-19,18.0,2017-10-18,8046,24.4,-0.008130081300813163,缺adj,,2017-09-18,24.6,21,TWSE(FMTQIK),complete
tx09-2017-09-18-call,call,2017-09-18,2017-09-18,2017-09-19,19.0,2017-10-19,8046,24.9,0.012195121951219301,缺adj,,2017-09-18,24.6,21,TWSE(FMTQIK),complete
tx09-2017-09-18-call,call,2017-09-18,2017-09-18,2017-09-19,20.0,2017-10-20,8046,25.0,0.016260162601625883,缺adj,,2017-09-18,24.6,21,TWSE(FMTQIK),complete
tx09-2017-09-18-call,call,2017-09-18,2017-09-18,2017-09-19,0.0,2017-09-19,3189,78.4,-0.00254452926208637,缺adj,,2017-09-18,78.6,21,TWSE(FMTQIK),complete
tx09-2017-09-18-call,call,2017-09-18,2017-09-18,2017-09-19,1.0,2017-09-20,3189,77.7,-0.011450381679389166,缺adj,,2017-09-18,78.6,21,TWSE(FMTQIK),complete
tx09-2017-09-18-call,call,2017-09-18,2017-09-18,2017-09-19,2.0,2017-09-21,3189,77.3,-0.01653944020356235,缺adj,,2017-09-18,78.6,21,TWSE(FMTQIK),complete
tx09-2017-09-18-call,call,2017-09-18,2017-09-18,2017-09-19,3.0,2017-09-22,3189,75.2,-0.043256997455470625,缺adj,,2017-09-18,78.6,21,TWSE(FMTQIK),complete
tx09-2017-09-18-call,call,2017-09-18,2017-09-18,2017-09-19,4.0,2017-09-25,3189,71.5,-0.0903307888040712,缺adj,,2017-09-18,78.6,21,TWSE(FMTQIK),complete
tx09-2017-09-18-call,call,2017-09-18,2017-09-18,2017-09-19,5.0,2017-09-26,3189,71.2,-0.09414758269720092,缺adj,,2017-09-18,78.6,21,TWSE(FMTQIK),complete
tx09-2017-09-18-call,call,2017-09-18,2017-09-18,2017-09-19,6.0,2017-09-27,3189,71.3,-0.09287531806615779,缺adj,,2017-09-18,78.6,21,TWSE(FMTQIK),complete
tx09-2017-09-18-call,call,2017-09-18,2017-09-18,2017-09-19,7.0,2017-09-28,3189,71.5,-0.0903307888040712,缺adj,,2017-09-18,78.6,21,TWSE(FMTQIK),complete
tx09-2017-09-18-call,call,2017-09-18,2017-09-18,2017-09-19,8.0,2017-09-29,3189,71.3,-0.09287531806615779,缺adj,,2017-09-18,78.6,21,TWSE(FMTQIK),complete
tx09-2017-09-18-call,call,2017-09-18,2017-09-18,2017-09-19,9.0,2017-10-02,3189,73.6,-0.06361323155216281,缺adj,,2017-09-18,78.6,21,TWSE(FMTQIK),complete
tx09-2017-09-18-call,call,2017-09-18,2017-09-18,2017-09-19,10.0,2017-10-03,3189,73.2,-0.06870229007633577,缺adj,,2017-09-18,78.6,21,TWSE(FMTQIK),complete
tx09-2017-09-18-call,call,2017-09-18,2017-09-18,2017-09-19,11.0,2017-10-05,3189,73.3,-0.06743002544529264,缺adj,,2017-09-18,78.6,21,TWSE(FMTQIK),complete
tx09-2017-09-18-call,call,2017-09-18,2017-09-18,2017-09-19,12.0,2017-10-06,3189,73.2,-0.06870229007633577,缺adj,,2017-09-18,78.6,21,TWSE(FMTQIK),complete
tx09-2017-09-18-call,call,2017-09-18,2017-09-18,2017-09-19,13.0,2017-10-11,3189,73.9,-0.059796437659032975,缺adj,,2017-09-18,78.6,21,TWSE(FMTQIK),complete
tx09-2017-09-18-call,call,2017-09-18,2017-09-18,2017-09-19,14.0,2017-10-12,3189,74.0,-0.058524173027989734,缺adj,,2017-09-18,78.6,21,TWSE(FMTQIK),complete
tx09-2017-09-18-call,call,2017-09-18,2017-09-18,2017-09-19,15.0,2017-10-13,3189,75.8,-0.03562340966921118,缺adj,,2017-09-18,78.6,21,TWSE(FMTQIK),complete
tx09-2017-09-18-call,call,2017-09-18,2017-09-18,2017-09-19,16.0,2017-10-16,3189,75.7,-0.03689567430025431,缺adj,,2017-09-18,78.6,21,TWSE(FMTQIK),complete
tx09-2017-09-18-call,call,2017-09-18,2017-09-18,2017-09-19,17.0,2017-10-17,3189,77.2,-0.01781170483460548,缺adj,,2017-09-18,78.6,21,TWSE(FMTQIK),complete
tx09-2017-09-18-call,call,2017-09-18,2017-09-18,2017-09-19,18.0,2017-10-18,3189,73.3,-0.06743002544529264,缺adj,,2017-09-18,78.6,21,TWSE(FMTQIK),complete
tx09-2017-09-18-call,call,2017-09-18,2017-09-18,2017-09-19,19.0,2017-10-19,3189,72.7,-0.07506361323155208,缺adj,,2017-09-18,78.6,21,TWSE(FMTQIK),complete
tx09-2017-09-18-call,call,2017-09-18,2017-09-18,2017-09-19,20.0,2017-10-20,3189,71.7,-0.0877862595419846,缺adj,,2017-09-18,78.6,21,TWSE(FMTQIK),complete
tx09-2017-09-18-call,call,2017-09-18,2017-09-18,2017-09-19,0.0,2017-09-19,2368,10.1,-0.009803921568627416,缺adj,,2017-09-18,10.2,21,TWSE(FMTQIK),complete
tx09-2017-09-18-call,call,2017-09-18,2017-09-18,2017-09-19,1.0,2017-09-20,2368,10.0,-0.019607843137254832,缺adj,,2017-09-18,10.2,21,TWSE(FMTQIK),complete
tx09-2017-09-18-call,call,2017-09-18,2017-09-18,2017-09-19,2.0,2017-09-21,2368,10.2,0.0,缺adj,,2017-09-18,10.2,21,TWSE(FMTQIK),complete
tx09-2017-09-18-call,call,2017-09-18,2017-09-18,2017-09-19,3.0,2017-09-22,2368,10.05,-0.014705882352941013,缺adj,,2017-09-18,10.2,21,TWSE(FMTQIK),complete
tx09-2017-09-18-call,call,2017-09-18,2017-09-18,2017-09-19,4.0,2017-09-25,2368,9.66,-0.05294117647058816,缺adj,,2017-09-18,10.2,21,TWSE(FMTQIK),complete
tx09-2017-09-18-call,call,2017-09-18,2017-09-18,2017-09-19,5.0,2017-09-26,2368,9.5,-0.06862745098039214,缺adj,,2017-09-18,10.2,21,TWSE(FMTQIK),complete
tx09-2017-09-18-call,call,2017-09-18,2017-09-18,2017-09-19,6.0,2017-09-27,2368,9.54,-0.06470588235294117,缺adj,,2017-09-18,10.2,21,TWSE(FMTQIK),complete
tx09-2017-09-18-call,call,2017-09-18,2017-09-18,2017-09-19,7.0,2017-09-28,2368,9.55,-0.06372549019607832,缺adj,,2017-09-18,10.2,21,TWSE(FMTQIK),complete
tx09-2017-09-18-call,call,2017-09-18,2017-09-18,2017-09-19,8.0,2017-09-29,2368,9.37,-0.08137254901960789,缺adj,,2017-09-18,10.2,21,TWSE(FMTQIK),complete
tx09-2017-09-18-call,call,2017-09-18,2017-09-18,2017-09-19,9.0,2017-10-02,2368,9.61,-0.05784313725490198,缺adj,,2017-09-18,10.2,21,TWSE(FMTQIK),complete
tx09-2017-09-18-call,call,2017-09-18,2017-09-18,2017-09-19,10.0,2017-10-03,2368,9.64,-0.05490196078431364,缺adj,,2017-09-18,10.2,21,TWSE(FMTQIK),complete
tx09-2017-09-18-call,call,2017-09-18,2017-09-18,2017-09-19,11.0,2017-10-05,2368,9.64,-0.05490196078431364,缺adj,,2017-09-18,10.2,21,TWSE(FMTQIK),complete
tx09-2017-09-18-call,call,2017-09-18,2017-09-18,2017-09-19,12.0,2017-10-06,2368,9.63,-0.05588235294117638,缺adj,,2017-09-18,10.2,21,TWSE(FMTQIK),complete
tx09-2017-09-18-call,call,2017-09-18,2017-09-18,2017-09-19,13.0,2017-10-11,2368,9.56,-0.06274509803921557,缺adj,,2017-09-18,10.2,21,TWSE(FMTQIK),complete
tx09-2017-09-18-call,call,2017-09-18,2017-09-18,2017-09-19,14.0,2017-10-12,2368,9.66,-0.05294117647058816,缺adj,,2017-09-18,10.2,21,TWSE(FMTQIK),complete
tx09-2017-09-18-call,call,2017-09-18,2017-09-18,2017-09-19,15.0,2017-10-13,2368,9.76,-0.04313725490196074,缺adj,,2017-09-18,10.2,21,TWSE(FMTQIK),complete
tx09-2017-09-18-call,call,2017-09-18,2017-09-18,2017-09-19,16.0,2017-10-16,2368,9.83,-0.03627450980392144,缺adj,,2017-09-18,10.2,21,TWSE(FMTQIK),complete
tx09-2017-09-18-call,call,2017-09-18,2017-09-18,2017-09-19,17.0,2017-10-17,2368,9.67,-0.05196078431372542,缺adj,,2017-09-18,10.2,21,TWSE(FMTQIK),complete
tx09-2017-09-18-call,call,2017-09-18,2017-09-18,2017-09-19,18.0,2017-10-18,2368,9.67,-0.05196078431372542,缺adj,,2017-09-18,10.2,21,TWSE(FMTQIK),complete
tx09-2017-09-18-call,call,2017-09-18,2017-09-18,2017-09-19,19.0,2017-10-19,2368,9.81,-0.03823529411764692,缺adj,,2017-09-18,10.2,21,TWSE(FMTQIK),complete
tx09-2017-09-18-call,call,2017-09-18,2017-09-18,2017-09-19,20.0,2017-10-20,2368,9.76,-0.04313725490196074,缺adj,,2017-09-18,10.2,21,TWSE(FMTQIK),complete
tx09-2017-09-18-call,call,2017-09-18,2017-09-18,2017-09-19,0.0,2017-09-19,2383,138.5,-0.014234875444839812,缺adj,,2017-09-18,140.5,21,TWSE(FMTQIK),complete
tx09-2017-09-18-call,call,2017-09-18,2017-09-18,2017-09-19,1.0,2017-09-20,2383,139.5,-0.007117437722419906,缺adj,,2017-09-18,140.5,21,TWSE(FMTQIK),complete
tx09-2017-09-18-call,call,2017-09-18,2017-09-18,2017-09-19,2.0,2017-09-21,2383,145.5,0.03558718861209975,缺adj,,2017-09-18,140.5,21,TWSE(FMTQIK),complete
tx09-2017-09-18-call,call,2017-09-18,2017-09-18,2017-09-19,3.0,2017-09-22,2383,141.5,0.007117437722419906,缺adj,,2017-09-18,140.5,21,TWSE(FMTQIK),complete
tx09-2017-09-18-call,call,2017-09-18,2017-09-18,2017-09-19,4.0,2017-09-25,2383,137.5,-0.02135231316725983,缺adj,,2017-09-18,140.5,21,TWSE(FMTQIK),complete
tx09-2017-09-18-call,call,2017-09-18,2017-09-18,2017-09-19,5.0,2017-09-26,2383,136.5,-0.028469750889679735,缺adj,,2017-09-18,140.5,21,TWSE(FMTQIK),complete
tx09-2017-09-18-call,call,2017-09-18,2017-09-18,2017-09-19,6.0,2017-09-27,2383,139.5,-0.007117437722419906,缺adj,,2017-09-18,140.5,21,TWSE(FMTQIK),complete
tx09-2017-09-18-call,call,2017-09-18,2017-09-18,2017-09-19,7.0,2017-09-28,2383,141.5,0.007117437722419906,缺adj,,2017-09-18,140.5,21,TWSE(FMTQIK),complete
tx09-2017-09-18-call,call,2017-09-18,2017-09-18,2017-09-19,8.0,2017-09-29,2383,144.0,0.02491103202846978,缺adj,,2017-09-18,140.5,21,TWSE(FMTQIK),complete
tx09-2017-09-18-call,call,2017-09-18,2017-09-18,2017-09-19,9.0,2017-10-02,2383,149.0,0.06049822064056931,缺adj,,2017-09-18,140.5,21,TWSE(FMTQIK),complete
tx09-2017-09-18-call,call,2017-09-18,2017-09-18,2017-09-19,10.0,2017-10-03,2383,147.0,0.0462633451957295,缺adj,,2017-09-18,140.5,21,TWSE(FMTQIK),complete
tx09-2017-09-18-call,call,2017-09-18,2017-09-18,2017-09-19,11.0,2017-10-05,2383,141.5,0.007117437722419906,缺adj,,2017-09-18,140.5,21,TWSE(FMTQIK),complete
tx09-2017-09-18-call,call,2017-09-18,2017-09-18,2017-09-19,12.0,2017-10-06,2383,134.5,-0.042704626334519546,缺adj,,2017-09-18,140.5,21,TWSE(FMTQIK),complete
tx09-2017-09-18-call,call,2017-09-18,2017-09-18,2017-09-19,13.0,2017-10-11,2383,133.0,-0.053380782918149516,缺adj,,2017-09-18,140.5,21,TWSE(FMTQIK),complete
tx09-2017-09-18-call,call,2017-09-18,2017-09-18,2017-09-19,14.0,2017-10-12,2383,135.0,-0.039145907473309594,缺adj,,2017-09-18,140.5,21,TWSE(FMTQIK),complete
tx09-2017-09-18-call,call,2017-09-18,2017-09-18,2017-09-19,15.0,2017-10-13,2383,137.5,-0.02135231316725983,缺adj,,2017-09-18,140.5,21,TWSE(FMTQIK),complete
tx09-2017-09-18-call,call,2017-09-18,2017-09-18,2017-09-19,16.0,2017-10-16,2383,137.5,-0.02135231316725983,缺adj,,2017-09-18,140.5,21,TWSE(FMTQIK),complete
tx09-2017-09-18-call,call,2017-09-18,2017-09-18,2017-09-19,17.0,2017-10-17,2383,133.0,-0.053380782918149516,缺adj,,2017-09-18,140.5,21,TWSE(FMTQIK),complete
tx09-2017-09-18-call,call,2017-09-18,2017-09-18,2017-09-19,18.0,2017-10-18,2383,132.5,-0.05693950177935947,缺adj,,2017-09-18,140.5,21,TWSE(FMTQIK),complete
tx09-2017-09-18-call,call,2017-09-18,2017-09-18,2017-09-19,19.0,2017-10-19,2383,130.0,-0.07473309608540923,缺adj,,2017-09-18,140.5,21,TWSE(FMTQIK),complete
tx09-2017-09-18-call,call,2017-09-18,2017-09-18,2017-09-19,20.0,2017-10-20,2383,125.0,-0.11032028469750887,缺adj,,2017-09-18,140.5,21,TWSE(FMTQIK),complete
tx09-2017-09-18-call,call,2017-09-18,2017-09-18,2017-09-19,0.0,2017-09-19,6213,62.3,-0.006379585326953818,缺adj,,2017-09-18,62.7,21,TWSE(FMTQIK),complete
tx09-2017-09-18-call,call,2017-09-18,2017-09-18,2017-09-19,1.0,2017-09-20,6213,59.5,-0.05103668261562999,缺adj,,2017-09-18,62.7,21,TWSE(FMTQIK),complete
tx09-2017-09-18-call,call,2017-09-18,2017-09-18,2017-09-19,2.0,2017-09-21,6213,59.7,-0.04784688995215314,缺adj,,2017-09-18,62.7,21,TWSE(FMTQIK),complete
tx09-2017-09-18-call,call,2017-09-18,2017-09-18,2017-09-19,3.0,2017-09-22,6213,57.4,-0.08452950558213723,缺adj,,2017-09-18,62.7,21,TWSE(FMTQIK),complete
tx09-2017-09-18-call,call,2017-09-18,2017-09-18,2017-09-19,4.0,2017-09-25,6213,55.0,-0.1228070175438597,缺adj,,2017-09-18,62.7,21,TWSE(FMTQIK),complete
tx09-2017-09-18-call,call,2017-09-18,2017-09-18,2017-09-19,5.0,2017-09-26,6213,55.5,-0.11483253588516751,缺adj,,2017-09-18,62.7,21,TWSE(FMTQIK),complete
tx09-2017-09-18-call,call,2017-09-18,2017-09-18,2017-09-19,6.0,2017-09-27,6213,58.9,-0.06060606060606066,缺adj,,2017-09-18,62.7,21,TWSE(FMTQIK),complete
tx09-2017-09-18-call,call,2017-09-18,2017-09-18,2017-09-19,7.0,2017-09-28,6213,58.2,-0.0717703349282297,缺adj,,2017-09-18,62.7,21,TWSE(FMTQIK),complete
tx09-2017-09-18-call,call,2017-09-18,2017-09-18,2017-09-19,8.0,2017-09-29,6213,58.4,-0.06858054226475285,缺adj,,2017-09-18,62.7,21,TWSE(FMTQIK),complete
tx09-2017-09-18-call,call,2017-09-18,2017-09-18,2017-09-19,9.0,2017-10-02,6213,59.1,-0.0574162679425837,缺adj,,2017-09-18,62.7,21,TWSE(FMTQIK),complete
tx09-2017-09-18-call,call,2017-09-18,2017-09-18,2017-09-19,10.0,2017-10-03,6213,60.1,-0.04146730462519943,缺adj,,2017-09-18,62.7,21,TWSE(FMTQIK),complete
tx09-2017-09-18-call,call,2017-09-18,2017-09-18,2017-09-19,11.0,2017-10-05,6213,63.4,0.011164274322168932,缺adj,,2017-09-18,62.7,21,TWSE(FMTQIK),complete
tx09-2017-09-18-call,call,2017-09-18,2017-09-18,2017-09-19,12.0,2017-10-06,6213,67.0,0.06858054226475274,缺adj,,2017-09-18,62.7,21,TWSE(FMTQIK),complete
tx09-2017-09-18-call,call,2017-09-18,2017-09-18,2017-09-19,13.0,2017-10-11,6213,68.6,0.09409888357256757,缺adj,,2017-09-18,62.7,21,TWSE(FMTQIK),complete
tx09-2017-09-18-call,call,2017-09-18,2017-09-18,2017-09-19,14.0,2017-10-12,6213,70.0,0.11642743221690588,缺adj,,2017-09-18,62.7,21,TWSE(FMTQIK),complete
tx09-2017-09-18-call,call,2017-09-18,2017-09-18,2017-09-19,15.0,2017-10-13,6213,69.0,0.1004784688995215,缺adj,,2017-09-18,62.7,21,TWSE(FMTQIK),complete
tx09-2017-09-18-call,call,2017-09-18,2017-09-18,2017-09-19,16.0,2017-10-16,6213,70.0,0.11642743221690588,缺adj,,2017-09-18,62.7,21,TWSE(FMTQIK),complete
tx09-2017-09-18-call,call,2017-09-18,2017-09-18,2017-09-19,17.0,2017-10-17,6213,66.4,0.05901116427432229,缺adj,,2017-09-18,62.7,21,TWSE(FMTQIK),complete
tx09-2017-09-18-call,call,2017-09-18,2017-09-18,2017-09-19,18.0,2017-10-18,6213,68.8,0.09728867623604454,缺adj,,2017-09-18,62.7,21,TWSE(FMTQIK),complete
tx09-2017-09-18-call,call,2017-09-18,2017-09-18,2017-09-19,19.0,2017-10-19,6213,68.7,0.09569377990430628,缺adj,,2017-09-18,62.7,21,TWSE(FMTQIK),complete
tx09-2017-09-18-call,call,2017-09-18,2017-09-18,2017-09-19,20.0,2017-10-20,6213,69.7,0.11164274322169065,缺adj,,2017-09-18,62.7,21,TWSE(FMTQIK),complete
tx09-2017-09-18-call,call,2017-09-18,2017-09-18,2017-09-19,0.0,2017-09-19,6274,83.2,-0.003592814371257469,缺adj,,2017-09-18,83.5,21,TWSE(FMTQIK),complete
tx09-2017-09-18-call,call,2017-09-18,2017-09-18,2017-09-19,1.0,2017-09-20,6274,81.7,-0.021556886227544925,缺adj,,2017-09-18,83.5,21,TWSE(FMTQIK),complete
tx09-2017-09-18-call,call,2017-09-18,2017-09-18,2017-09-19,2.0,2017-09-21,6274,83.2,-0.003592814371257469,缺adj,,2017-09-18,83.5,21,TWSE(FMTQIK),complete
tx09-2017-09-18-call,call,2017-09-18,2017-09-18,2017-09-19,3.0,2017-09-22,6274,80.9,-0.031137724550898138,缺adj,,2017-09-18,83.5,21,TWSE(FMTQIK),complete
tx09-2017-09-18-call,call,2017-09-18,2017-09-18,2017-09-19,4.0,2017-09-25,6274,78.8,-0.05628742514970064,缺adj,,2017-09-18,83.5,21,TWSE(FMTQIK),complete
tx09-2017-09-18-call,call,2017-09-18,2017-09-18,2017-09-19,5.0,2017-09-26,6274,77.1,-0.07664670658682637,缺adj,,2017-09-18,83.5,21,TWSE(FMTQIK),complete
tx09-2017-09-18-call,call,2017-09-18,2017-09-18,2017-09-19,6.0,2017-09-27,6274,81.3,-0.026347305389221587,缺adj,,2017-09-18,83.5,21,TWSE(FMTQIK),complete
tx09-2017-09-18-call,call,2017-09-18,2017-09-18,2017-09-19,7.0,2017-09-28,6274,80.8,-0.03233532934131744,缺adj,,2017-09-18,83.5,21,TWSE(FMTQIK),complete
tx09-2017-09-18-call,call,2017-09-18,2017-09-18,2017-09-19,8.0,2017-09-29,6274,80.4,-0.037125748502993994,缺adj,,2017-09-18,83.5,21,TWSE(FMTQIK),complete
tx09-2017-09-18-call,call,2017-09-18,2017-09-18,2017-09-19,9.0,2017-10-02,6274,82.1,-0.016766467065868373,缺adj,,2017-09-18,83.5,21,TWSE(FMTQIK),complete
tx09-2017-09-18-call,call,2017-09-18,2017-09-18,2017-09-19,10.0,2017-10-03,6274,82.0,-0.017964071856287456,缺adj,,2017-09-18,83.5,21,TWSE(FMTQIK),complete
tx09-2017-09-18-call,call,2017-09-18,2017-09-18,2017-09-19,11.0,2017-10-05,6274,86.0,0.029940119760478945,缺adj,,2017-09-18,83.5,21,TWSE(FMTQIK),complete
tx09-2017-09-18-call,call,2017-09-18,2017-09-18,2017-09-19,12.0,2017-10-06,6274,86.6,0.03712574850299388,缺adj,,2017-09-18,83.5,21,TWSE(FMTQIK),complete
tx09-2017-09-18-call,call,2017-09-18,2017-09-18,2017-09-19,13.0,2017-10-11,6274,85.0,0.017964071856287456,缺adj,,2017-09-18,83.5,21,TWSE(FMTQIK),complete
tx09-2017-09-18-call,call,2017-09-18,2017-09-18,2017-09-19,14.0,2017-10-12,6274,85.1,0.019161676646706427,缺adj,,2017-09-18,83.5,21,TWSE(FMTQIK),complete
tx09-2017-09-18-call,call,2017-09-18,2017-09-18,2017-09-19,15.0,2017-10-13,6274,84.4,0.010778443113772518,缺adj,,2017-09-18,83.5,21,TWSE(FMTQIK),complete
tx09-2017-09-18-call,call,2017-09-18,2017-09-18,2017-09-19,16.0,2017-10-16,6274,84.2,0.008383233532934131,缺adj,,2017-09-18,83.5,21,TWSE(FMTQIK),complete
tx09-2017-09-18-call,call,2017-09-18,2017-09-18,2017-09-19,17.0,2017-10-17,6274,83.6,0.0011976047904191933,缺adj,,2017-09-18,83.5,21,TWSE(FMTQIK),complete
tx09-2017-09-18-call,call,2017-09-18,2017-09-18,2017-09-19,18.0,2017-10-18,6274,82.2,-0.015568862275449069,缺adj,,2017-09-18,83.5,21,TWSE(FMTQIK),complete
tx09-2017-09-18-call,call,2017-09-18,2017-09-18,2017-09-19,19.0,2017-10-19,6274,82.8,-0.008383233532934131,缺adj,,2017-09-18,83.5,21,TWSE(FMTQIK),complete
tx09-2017-09-18-call,call,2017-09-18,2017-09-18,2017-09-19,20.0,2017-10-20,6274,83.4,-0.0011976047904190823,缺adj,,2017-09-18,83.5,21,TWSE(FMTQIK),complete
tx09-2017-09-18-call,call,2017-09-18,2017-09-18,2017-09-19,0.0,2017-09-19,2408,76.9,-0.036340852130325674,缺adj,,2017-09-18,79.8,21,TWSE(FMTQIK),complete
tx09-2017-09-18-call,call,2017-09-18,2017-09-18,2017-09-19,1.0,2017-09-20,2408,80.5,0.00877192982456143,缺adj,,2017-09-18,79.8,21,TWSE(FMTQIK),complete
tx09-2017-09-18-call,call,2017-09-18,2017-09-18,2017-09-19,2.0,2017-09-21,2408,85.6,0.07268170426065157,缺adj,,2017-09-18,79.8,21,TWSE(FMTQIK),complete
tx09-2017-09-18-call,call,2017-09-18,2017-09-18,2017-09-19,3.0,2017-09-22,2408,84.0,0.05263157894736836,缺adj,,2017-09-18,79.8,21,TWSE(FMTQIK),complete
tx09-2017-09-18-call,call,2017-09-18,2017-09-18,2017-09-19,4.0,2017-09-25,2408,84.0,0.05263157894736836,缺adj,,2017-09-18,79.8,21,TWSE(FMTQIK),complete
tx09-2017-09-18-call,call,2017-09-18,2017-09-18,2017-09-19,5.0,2017-09-26,2408,80.5,0.00877192982456143,缺adj,,2017-09-18,79.8,21,TWSE(FMTQIK),complete
tx09-2017-09-18-call,call,2017-09-18,2017-09-18,2017-09-19,6.0,2017-09-27,2408,84.0,0.05263157894736836,缺adj,,2017-09-18,79.8,21,TWSE(FMTQIK),complete
tx09-2017-09-18-call,call,2017-09-18,2017-09-18,2017-09-19,7.0,2017-09-28,2408,85.8,0.07518796992481214,缺adj,,2017-09-18,79.8,21,TWSE(FMTQIK),complete
tx09-2017-09-18-call,call,2017-09-18,2017-09-18,2017-09-19,8.0,2017-09-29,2408,85.8,0.07518796992481214,缺adj,,2017-09-18,79.8,21,TWSE(FMTQIK),complete
tx09-2017-09-18-call,call,2017-09-18,2017-09-18,2017-09-19,9.0,2017-10-02,2408,90.7,0.13659147869674193,缺adj,,2017-09-18,79.8,21,TWSE(FMTQIK),complete
tx09-2017-09-18-call,call,2017-09-18,2017-09-18,2017-09-19,10.0,2017-10-03,2408,88.8,0.11278195488721798,缺adj,,2017-09-18,79.8,21,TWSE(FMTQIK),complete
tx09-2017-09-18-call,call,2017-09-18,2017-09-18,2017-09-19,11.0,2017-10-05,2408,87.3,0.09398496240601495,缺adj,,2017-09-18,79.8,21,TWSE(FMTQIK),complete
tx09-2017-09-18-call,call,2017-09-18,2017-09-18,2017-09-19,12.0,2017-10-06,2408,84.8,0.06265664160400997,缺adj,,2017-09-18,79.8,21,TWSE(FMTQIK),complete
tx09-2017-09-18-call,call,2017-09-18,2017-09-18,2017-09-19,13.0,2017-10-11,2408,85.8,0.07518796992481214,缺adj,,2017-09-18,79.8,21,TWSE(FMTQIK),complete
tx09-2017-09-18-call,call,2017-09-18,2017-09-18,2017-09-19,14.0,2017-10-12,2408,85.9,0.07644110275689231,缺adj,,2017-09-18,79.8,21,TWSE(FMTQIK),complete
tx09-2017-09-18-call,call,2017-09-18,2017-09-18,2017-09-19,15.0,2017-10-13,2408,87.1,0.0914786967418546,缺adj,,2017-09-18,79.8,21,TWSE(FMTQIK),complete
tx09-2017-09-18-call,call,2017-09-18,2017-09-18,2017-09-19,16.0,2017-10-16,2408,88.9,0.11403508771929838,缺adj,,2017-09-18,79.8,21,TWSE(FMTQIK),complete
tx09-2017-09-18-call,call,2017-09-18,2017-09-18,2017-09-19,17.0,2017-10-17,2408,86.0,0.07769423558897248,缺adj,,2017-09-18,79.8,21,TWSE(FMTQIK),complete
tx09-2017-09-18-call,call,2017-09-18,2017-09-18,2017-09-19,18.0,2017-10-18,2408,86.2,0.08020050125313283,缺adj,,2017-09-18,79.8,21,TWSE(FMTQIK),complete
tx09-2017-09-18-call,call,2017-09-18,2017-09-18,2017-09-19,19.0,2017-10-19,2408,86.5,0.08395989974937357,缺adj,,2017-09-18,79.8,21,TWSE(FMTQIK),complete
tx09-2017-09-18-call,call,2017-09-18,2017-09-18,2017-09-19,20.0,2017-10-20,2408,87.4,0.09523809523809534,缺adj,,2017-09-18,79.8,21,TWSE(FMTQIK),complete
tx09-2017-09-18-call,call,2017-09-18,2017-09-18,2017-09-19,0.0,2017-09-19,2344,26.4,-0.022222222222222254,缺adj,,2017-09-18,27.0,21,TWSE(FMTQIK),complete
tx09-2017-09-18-call,call,2017-09-18,2017-09-18,2017-09-19,1.0,2017-09-20,2344,26.85,-0.005555555555555536,缺adj,,2017-09-18,27.0,21,TWSE(FMTQIK),complete
tx09-2017-09-18-call,call,2017-09-18,2017-09-18,2017-09-19,2.0,2017-09-21,2344,28.2,0.04444444444444451,缺adj,,2017-09-18,27.0,21,TWSE(FMTQIK),complete
tx09-2017-09-18-call,call,2017-09-18,2017-09-18,2017-09-19,3.0,2017-09-22,2344,27.7,0.025925925925925908,缺adj,,2017-09-18,27.0,21,TWSE(FMTQIK),complete
tx09-2017-09-18-call,call,2017-09-18,2017-09-18,2017-09-19,4.0,2017-09-25,2344,27.05,0.0018518518518517713,缺adj,,2017-09-18,27.0,21,TWSE(FMTQIK),complete
tx09-2017-09-18-call,call,2017-09-18,2017-09-18,2017-09-19,5.0,2017-09-26,2344,25.15,-0.06851851851851853,缺adj,,2017-09-18,27.0,21,TWSE(FMTQIK),complete
tx09-2017-09-18-call,call,2017-09-18,2017-09-18,2017-09-19,6.0,2017-09-27,2344,26.05,-0.03518518518518521,缺adj,,2017-09-18,27.0,21,TWSE(FMTQIK),complete
tx09-2017-09-18-call,call,2017-09-18,2017-09-18,2017-09-19,7.0,2017-09-28,2344,26.35,-0.024074074074074026,缺adj,,2017-09-18,27.0,21,TWSE(FMTQIK),complete
tx09-2017-09-18-call,call,2017-09-18,2017-09-18,2017-09-19,8.0,2017-09-29,2344,26.4,-0.022222222222222254,缺adj,,2017-09-18,27.0,21,TWSE(FMTQIK),complete
tx09-2017-09-18-call,call,2017-09-18,2017-09-18,2017-09-19,9.0,2017-10-02,2344,27.35,0.012962962962963065,缺adj,,2017-09-18,27.0,21,TWSE(FMTQIK),complete
tx09-2017-09-18-call,call,2017-09-18,2017-09-18,2017-09-19,10.0,2017-10-03,2344,27.1,0.0037037037037037646,缺adj,,2017-09-18,27.0,21,TWSE(FMTQIK),complete
tx09-2017-09-18-call,call,2017-09-18,2017-09-18,2017-09-19,11.0,2017-10-05,2344,27.2,0.007407407407407307,缺adj,,2017-09-18,27.0,21,TWSE(FMTQIK),complete
tx09-2017-09-18-call,call,2017-09-18,2017-09-18,2017-09-19,12.0,2017-10-06,2344,26.85,-0.005555555555555536,缺adj,,2017-09-18,27.0,21,TWSE(FMTQIK),complete
tx09-2017-09-18-call,call,2017-09-18,2017-09-18,2017-09-19,13.0,2017-10-11,2344,27.9,0.033333333333333215,缺adj,,2017-09-18,27.0,21,TWSE(FMTQIK),complete
tx09-2017-09-18-call,call,2017-09-18,2017-09-18,2017-09-19,14.0,2017-10-12,2344,28.0,0.03703703703703698,缺adj,,2017-09-18,27.0,21,TWSE(FMTQIK),complete
tx09-2017-09-18-call,call,2017-09-18,2017-09-18,2017-09-19,15.0,2017-10-13,2344,28.7,0.06296296296296289,缺adj,,2017-09-18,27.0,21,TWSE(FMTQIK),complete
tx09-2017-09-18-call,call,2017-09-18,2017-09-18,2017-09-19,16.0,2017-10-16,2344,29.0,0.07407407407407418,缺adj,,2017-09-18,27.0,21,TWSE(FMTQIK),complete
tx09-2017-09-18-call,call,2017-09-18,2017-09-18,2017-09-19,17.0,2017-10-17,2344,28.15,0.042592592592592515,缺adj,,2017-09-18,27.0,21,TWSE(FMTQIK),complete
tx09-2017-09-18-call,call,2017-09-18,2017-09-18,2017-09-19,18.0,2017-10-18,2344,27.5,0.0185185185185186,缺adj,,2017-09-18,27.0,21,TWSE(FMTQIK),complete
tx09-2017-09-18-call,call,2017-09-18,2017-09-18,2017-09-19,19.0,2017-10-19,2344,27.95,0.03518518518518521,缺adj,,2017-09-18,27.0,21,TWSE(FMTQIK),complete
tx09-2017-09-18-call,call,2017-09-18,2017-09-18,2017-09-19,20.0,2017-10-20,2344,27.85,0.031481481481481444,缺adj,,2017-09-18,27.0,21,TWSE(FMTQIK),complete
tx09-2017-09-18-call,call,2017-09-18,2017-09-18,2017-09-19,0.0,2017-09-19,6770,,,MISSING(未上市，首筆 2020-12-09);缺adj,,2017-09-18,,0,TWSE(FMTQIK),complete
tx09-2017-09-18-call,call,2017-09-18,2017-09-18,2017-09-19,1.0,2017-09-20,6770,,,MISSING(未上市，首筆 2020-12-09);缺adj,,2017-09-18,,0,TWSE(FMTQIK),complete
tx09-2017-09-18-call,call,2017-09-18,2017-09-18,2017-09-19,2.0,2017-09-21,6770,,,MISSING(未上市，首筆 2020-12-09);缺adj,,2017-09-18,,0,TWSE(FMTQIK),complete
tx09-2017-09-18-call,call,2017-09-18,2017-09-18,2017-09-19,3.0,2017-09-22,6770,,,MISSING(未上市，首筆 2020-12-09);缺adj,,2017-09-18,,0,TWSE(FMTQIK),complete
tx09-2017-09-18-call,call,2017-09-18,2017-09-18,2017-09-19,4.0,2017-09-25,6770,,,MISSING(未上市，首筆 2020-12-09);缺adj,,2017-09-18,,0,TWSE(FMTQIK),complete
tx09-2017-09-18-call,call,2017-09-18,2017-09-18,2017-09-19,5.0,2017-09-26,6770,,,MISSING(未上市，首筆 2020-12-09);缺adj,,2017-09-18,,0,TWSE(FMTQIK),complete
tx09-2017-09-18-call,call,2017-09-18,2017-09-18,2017-09-19,6.0,2017-09-27,6770,,,MISSING(未上市，首筆 2020-12-09);缺adj,,2017-09-18,,0,TWSE(FMTQIK),complete
tx09-2017-09-18-call,call,2017-09-18,2017-09-18,2017-09-19,7.0,2017-09-28,6770,,,MISSING(未上市，首筆 2020-12-09);缺adj,,2017-09-18,,0,TWSE(FMTQIK),complete
tx09-2017-09-18-call,call,2017-09-18,2017-09-18,2017-09-19,8.0,2017-09-29,6770,,,MISSING(未上市，首筆 2020-12-09);缺adj,,2017-09-18,,0,TWSE(FMTQIK),complete
tx09-2017-09-18-call,call,2017-09-18,2017-09-18,2017-09-19,9.0,2017-10-02,6770,,,MISSING(未上市，首筆 2020-12-09);缺adj,,2017-09-18,,0,TWSE(FMTQIK),complete
tx09-2017-09-18-call,call,2017-09-18,2017-09-18,2017-09-19,10.0,2017-10-03,6770,,,MISSING(未上市，首筆 2020-12-09);缺adj,,2017-09-18,,0,TWSE(FMTQIK),complete
tx09-2017-09-18-call,call,2017-09-18,2017-09-18,2017-09-19,11.0,2017-10-05,6770,,,MISSING(未上市，首筆 2020-12-09);缺adj,,2017-09-18,,0,TWSE(FMTQIK),complete
tx09-2017-09-18-call,call,2017-09-18,2017-09-18,2017-09-19,12.0,2017-10-06,6770,,,MISSING(未上市，首筆 2020-12-09);缺adj,,2017-09-18,,0,TWSE(FMTQIK),complete
tx09-2017-09-18-call,call,2017-09-18,2017-09-18,2017-09-19,13.0,2017-10-11,6770,,,MISSING(未上市，首筆 2020-12-09);缺adj,,2017-09-18,,0,TWSE(FMTQIK),complete
tx09-2017-09-18-call,call,2017-09-18,2017-09-18,2017-09-19,14.0,2017-10-12,6770,,,MISSING(未上市，首筆 2020-12-09);缺adj,,2017-09-18,,0,TWSE(FMTQIK),complete
tx09-2017-09-18-call,call,2017-09-18,2017-09-18,2017-09-19,15.0,2017-10-13,6770,,,MISSING(未上市，首筆 2020-12-09);缺adj,,2017-09-18,,0,TWSE(FMTQIK),complete
tx09-2017-09-18-call,call,2017-09-18,2017-09-18,2017-09-19,16.0,2017-10-16,6770,,,MISSING(未上市，首筆 2020-12-09);缺adj,,2017-09-18,,0,TWSE(FMTQIK),complete
tx09-2017-09-18-call,call,2017-09-18,2017-09-18,2017-09-19,17.0,2017-10-17,6770,,,MISSING(未上市，首筆 2020-12-09);缺adj,,2017-09-18,,0,TWSE(FMTQIK),complete
tx09-2017-09-18-call,call,2017-09-18,2017-09-18,2017-09-19,18.0,2017-10-18,6770,,,MISSING(未上市，首筆 2020-12-09);缺adj,,2017-09-18,,0,TWSE(FMTQIK),complete
tx09-2017-09-18-call,call,2017-09-18,2017-09-18,2017-09-19,19.0,2017-10-19,6770,,,MISSING(未上市，首筆 2020-12-09);缺adj,,2017-09-18,,0,TWSE(FMTQIK),complete
tx09-2017-09-18-call,call,2017-09-18,2017-09-18,2017-09-19,20.0,2017-10-20,6770,,,MISSING(未上市，首筆 2020-12-09);缺adj,,2017-09-18,,0,TWSE(FMTQIK),complete
tx09-2017-09-18-call,call,2017-09-18,2017-09-18,2017-09-19,0.0,2017-09-19,3711,,,MISSING(未上市，首筆 2018-04-30);缺adj,,2017-09-18,,0,TWSE(FMTQIK),complete
tx09-2017-09-18-call,call,2017-09-18,2017-09-18,2017-09-19,1.0,2017-09-20,3711,,,MISSING(未上市，首筆 2018-04-30);缺adj,,2017-09-18,,0,TWSE(FMTQIK),complete
tx09-2017-09-18-call,call,2017-09-18,2017-09-18,2017-09-19,2.0,2017-09-21,3711,,,MISSING(未上市，首筆 2018-04-30);缺adj,,2017-09-18,,0,TWSE(FMTQIK),complete
tx09-2017-09-18-call,call,2017-09-18,2017-09-18,2017-09-19,3.0,2017-09-22,3711,,,MISSING(未上市，首筆 2018-04-30);缺adj,,2017-09-18,,0,TWSE(FMTQIK),complete
tx09-2017-09-18-call,call,2017-09-18,2017-09-18,2017-09-19,4.0,2017-09-25,3711,,,MISSING(未上市，首筆 2018-04-30);缺adj,,2017-09-18,,0,TWSE(FMTQIK),complete
tx09-2017-09-18-call,call,2017-09-18,2017-09-18,2017-09-19,5.0,2017-09-26,3711,,,MISSING(未上市，首筆 2018-04-30);缺adj,,2017-09-18,,0,TWSE(FMTQIK),complete
tx09-2017-09-18-call,call,2017-09-18,2017-09-18,2017-09-19,6.0,2017-09-27,3711,,,MISSING(未上市，首筆 2018-04-30);缺adj,,2017-09-18,,0,TWSE(FMTQIK),complete
tx09-2017-09-18-call,call,2017-09-18,2017-09-18,2017-09-19,7.0,2017-09-28,3711,,,MISSING(未上市，首筆 2018-04-30);缺adj,,2017-09-18,,0,TWSE(FMTQIK),complete
tx09-2017-09-18-call,call,2017-09-18,2017-09-18,2017-09-19,8.0,2017-09-29,3711,,,MISSING(未上市，首筆 2018-04-30);缺adj,,2017-09-18,,0,TWSE(FMTQIK),complete
tx09-2017-09-18-call,call,2017-09-18,2017-09-18,2017-09-19,9.0,2017-10-02,3711,,,MISSING(未上市，首筆 2018-04-30);缺adj,,2017-09-18,,0,TWSE(FMTQIK),complete
tx09-2017-09-18-call,call,2017-09-18,2017-09-18,2017-09-19,10.0,2017-10-03,3711,,,MISSING(未上市，首筆 2018-04-30);缺adj,,2017-09-18,,0,TWSE(FMTQIK),complete
tx09-2017-09-18-call,call,2017-09-18,2017-09-18,2017-09-19,11.0,2017-10-05,3711,,,MISSING(未上市，首筆 2018-04-30);缺adj,,2017-09-18,,0,TWSE(FMTQIK),complete
tx09-2017-09-18-call,call,2017-09-18,2017-09-18,2017-09-19,12.0,2017-10-06,3711,,,MISSING(未上市，首筆 2018-04-30);缺adj,,2017-09-18,,0,TWSE(FMTQIK),complete
tx09-2017-09-18-call,call,2017-09-18,2017-09-18,2017-09-19,13.0,2017-10-11,3711,,,MISSING(未上市，首筆 2018-04-30);缺adj,,2017-09-18,,0,TWSE(FMTQIK),complete
tx09-2017-09-18-call,call,2017-09-18,2017-09-18,2017-09-19,14.0,2017-10-12,3711,,,MISSING(未上市，首筆 2018-04-30);缺adj,,2017-09-18,,0,TWSE(FMTQIK),complete
tx09-2017-09-18-call,call,2017-09-18,2017-09-18,2017-09-19,15.0,2017-10-13,3711,,,MISSING(未上市，首筆 2018-04-30);缺adj,,2017-09-18,,0,TWSE(FMTQIK),complete
tx09-2017-09-18-call,call,2017-09-18,2017-09-18,2017-09-19,16.0,2017-10-16,3711,,,MISSING(未上市，首筆 2018-04-30);缺adj,,2017-09-18,,0,TWSE(FMTQIK),complete
tx09-2017-09-18-call,call,2017-09-18,2017-09-18,2017-09-19,17.0,2017-10-17,3711,,,MISSING(未上市，首筆 2018-04-30);缺adj,,2017-09-18,,0,TWSE(FMTQIK),complete
tx09-2017-09-18-call,call,2017-09-18,2017-09-18,2017-09-19,18.0,2017-10-18,3711,,,MISSING(未上市，首筆 2018-04-30);缺adj,,2017-09-18,,0,TWSE(FMTQIK),complete
tx09-2017-09-18-call,call,2017-09-18,2017-09-18,2017-09-19,19.0,2017-10-19,3711,,,MISSING(未上市，首筆 2018-04-30);缺adj,,2017-09-18,,0,TWSE(FMTQIK),complete
tx09-2017-09-18-call,call,2017-09-18,2017-09-18,2017-09-19,20.0,2017-10-20,3711,,,MISSING(未上市，首筆 2018-04-30);缺adj,,2017-09-18,,0,TWSE(FMTQIK),complete
tx09-2017-09-18-call,call,2017-09-18,2017-09-18,2017-09-19,0.0,2017-09-19,EW_TW,,-0.013644661583647126,n=9/11;缺adj,9.0,2017-09-18,,21,TWSE(FMTQIK),complete
tx09-2017-09-18-call,call,2017-09-18,2017-09-18,2017-09-19,1.0,2017-09-20,EW_TW,,-0.016041852785786983,n=9/11;缺adj,9.0,2017-09-18,,21,TWSE(FMTQIK),complete
tx09-2017-09-18-call,call,2017-09-18,2017-09-18,2017-09-19,2.0,2017-09-21,EW_TW,,0.006169943037260779,n=9/11;缺adj,9.0,2017-09-18,,21,TWSE(FMTQIK),complete
tx09-2017-09-18-call,call,2017-09-18,2017-09-18,2017-09-19,3.0,2017-09-22,EW_TW,,-0.014034654632788808,n=9/11;缺adj,9.0,2017-09-18,,21,TWSE(FMTQIK),complete
tx09-2017-09-18-call,call,2017-09-18,2017-09-18,2017-09-19,4.0,2017-09-25,EW_TW,,-0.04243737610499676,n=9/11;缺adj,9.0,2017-09-18,,21,TWSE(FMTQIK),complete
tx09-2017-09-18-call,call,2017-09-18,2017-09-18,2017-09-19,5.0,2017-09-26,EW_TW,,-0.0637808942917765,n=9/11;缺adj,9.0,2017-09-18,,21,TWSE(FMTQIK),complete
tx09-2017-09-18-call,call,2017-09-18,2017-09-18,2017-09-19,6.0,2017-09-27,EW_TW,,-0.0401041363169771,n=9/11;缺adj,9.0,2017-09-18,,21,TWSE(FMTQIK),complete
tx09-2017-09-18-call,call,2017-09-18,2017-09-18,2017-09-19,7.0,2017-09-28,EW_TW,,-0.036154497957077064,n=9/11;缺adj,9.0,2017-09-18,,21,TWSE(FMTQIK),complete
tx09-2017-09-18-call,call,2017-09-18,2017-09-18,2017-09-19,8.0,2017-09-29,EW_TW,,-0.035461929085716805,n=9/11;缺adj,9.0,2017-09-18,,21,TWSE(FMTQIK),complete
tx09-2017-09-18-call,call,2017-09-18,2017-09-18,2017-09-19,9.0,2017-10-02,EW_TW,,-0.006468015537696085,n=9/11;缺adj,9.0,2017-09-18,,21,TWSE(FMTQIK),complete
tx09-2017-09-18-call,call,2017-09-18,2017-09-18,2017-09-19,10.0,2017-10-03,EW_TW,,-0.012468398615318047,n=9/11;缺adj,9.0,2017-09-18,,21,TWSE(FMTQIK),complete
tx09-2017-09-18-call,call,2017-09-18,2017-09-18,2017-09-19,11.0,2017-10-05,EW_TW,,-0.003739925531195312,n=9/11;缺adj,9.0,2017-09-18,,21,TWSE(FMTQIK),complete
tx09-2017-09-18-call,call,2017-09-18,2017-09-18,2017-09-19,12.0,2017-10-06,EW_TW,,-0.010345176847998171,n=9/11;缺adj,9.0,2017-09-18,,21,TWSE(FMTQIK),complete
tx09-2017-09-18-call,call,2017-09-18,2017-09-18,2017-09-19,13.0,2017-10-11,EW_TW,,-0.003643286074223188,n=9/11;缺adj,9.0,2017-09-18,,21,TWSE(FMTQIK),complete
tx09-2017-09-18-call,call,2017-09-18,2017-09-18,2017-09-19,14.0,2017-10-12,EW_TW,,0.0027287276445123,n=9/11;缺adj,9.0,2017-09-18,,21,TWSE(FMTQIK),complete
tx09-2017-09-18-call,call,2017-09-18,2017-09-18,2017-09-19,15.0,2017-10-13,EW_TW,,0.010497938576002428,n=9/11;缺adj,9.0,2017-09-18,,21,TWSE(FMTQIK),complete
tx09-2017-09-18-call,call,2017-09-18,2017-09-18,2017-09-19,16.0,2017-10-16,EW_TW,,0.017974514746653927,n=9/11;缺adj,9.0,2017-09-18,,21,TWSE(FMTQIK),complete
tx09-2017-09-18-call,call,2017-09-18,2017-09-18,2017-09-19,17.0,2017-10-17,EW_TW,,-0.0016703962418725465,n=9/11;缺adj,9.0,2017-09-18,,21,TWSE(FMTQIK),complete
tx09-2017-09-18-call,call,2017-09-18,2017-09-18,2017-09-19,18.0,2017-10-18,EW_TW,,-0.009757826865389778,n=9/11;缺adj,9.0,2017-09-18,,21,TWSE(FMTQIK),complete
tx09-2017-09-18-call,call,2017-09-18,2017-09-18,2017-09-19,19.0,2017-10-19,EW_TW,,-0.0062192698831564025,n=9/11;缺adj,9.0,2017-09-18,,21,TWSE(FMTQIK),complete
tx09-2017-09-18-call,call,2017-09-18,2017-09-18,2017-09-19,20.0,2017-10-20,EW_TW,,-0.0073368013213081324,n=9/11;缺adj,9.0,2017-09-18,,21,TWSE(FMTQIK),complete
tx09-2017-09-18-call,call,2017-09-18,2017-09-18,缺,,缺,NET,,,MISSING(未上市，首筆 2019-09-13),,缺,,0,US(own bars),complete
tx10-2017-10-25-call,call,2017-10-25,2017-10-25,2017-10-26,0.0,2017-10-26,TAIEX,10734.76,-0.0014706196973741648,缺adj,,2017-10-25,10750.57,21,TWSE(FMTQIK),complete
tx10-2017-10-25-call,call,2017-10-25,2017-10-25,2017-10-26,1.0,2017-10-27,TAIEX,10709.11,-0.0038565396997554124,缺adj,,2017-10-25,10750.57,21,TWSE(FMTQIK),complete
tx10-2017-10-25-call,call,2017-10-25,2017-10-25,2017-10-26,2.0,2017-10-30,TAIEX,10756.87,0.0005860154391814643,缺adj,,2017-10-25,10750.57,21,TWSE(FMTQIK),complete
tx10-2017-10-25-call,call,2017-10-25,2017-10-25,2017-10-26,3.0,2017-10-31,TAIEX,10793.8,0.004021182132668333,缺adj,,2017-10-25,10750.57,21,TWSE(FMTQIK),complete
tx10-2017-10-25-call,call,2017-10-25,2017-10-25,2017-10-26,4.0,2017-11-01,TAIEX,10806.36,0.0051894922780839625,缺adj,,2017-10-25,10750.57,21,TWSE(FMTQIK),complete
tx10-2017-10-25-call,call,2017-10-25,2017-10-25,2017-10-26,5.0,2017-11-02,TAIEX,10788.51,0.003529115200403332,缺adj,,2017-10-25,10750.57,21,TWSE(FMTQIK),complete
tx10-2017-10-25-call,call,2017-10-25,2017-10-25,2017-10-26,6.0,2017-11-03,TAIEX,10800.77,0.004669519848714998,缺adj,,2017-10-25,10750.57,21,TWSE(FMTQIK),complete
tx10-2017-10-25-call,call,2017-10-25,2017-10-25,2017-10-26,7.0,2017-11-06,TAIEX,10786.19,0.003313312689466663,缺adj,,2017-10-25,10750.57,21,TWSE(FMTQIK),complete
tx10-2017-10-25-call,call,2017-10-25,2017-10-25,2017-10-26,8.0,2017-11-07,TAIEX,10840.34,0.008350254916716038,缺adj,,2017-10-25,10750.57,21,TWSE(FMTQIK),complete
tx10-2017-10-25-call,call,2017-10-25,2017-10-25,2017-10-26,9.0,2017-11-08,TAIEX,10818.99,0.006364313706157088,缺adj,,2017-10-25,10750.57,21,TWSE(FMTQIK),complete
tx10-2017-10-25-call,call,2017-10-25,2017-10-25,2017-10-26,10.0,2017-11-09,TAIEX,10743.27,-0.0006790337628608256,缺adj,,2017-10-25,10750.57,21,TWSE(FMTQIK),complete
tx10-2017-10-25-call,call,2017-10-25,2017-10-25,2017-10-26,11.0,2017-11-10,TAIEX,10732.67,-0.0016650279938644763,缺adj,,2017-10-25,10750.57,21,TWSE(FMTQIK),complete
tx10-2017-10-25-call,call,2017-10-25,2017-10-25,2017-10-26,12.0,2017-11-13,TAIEX,10683.92,-0.006199671273244056,缺adj,,2017-10-25,10750.57,21,TWSE(FMTQIK),complete
tx10-2017-10-25-call,call,2017-10-25,2017-10-25,2017-10-26,13.0,2017-11-14,TAIEX,10687.18,-0.005896431538048641,缺adj,,2017-10-25,10750.57,21,TWSE(FMTQIK),complete
tx10-2017-10-25-call,call,2017-10-25,2017-10-25,2017-10-26,14.0,2017-11-15,TAIEX,10630.65,-0.01115475737565541,缺adj,,2017-10-25,10750.57,21,TWSE(FMTQIK),complete
tx10-2017-10-25-call,call,2017-10-25,2017-10-25,2017-10-26,15.0,2017-11-16,TAIEX,10625.04,-0.011676590171497803,缺adj,,2017-10-25,10750.57,21,TWSE(FMTQIK),complete
tx10-2017-10-25-call,call,2017-10-25,2017-10-25,2017-10-26,16.0,2017-11-17,TAIEX,10701.64,-0.00455138657764198,缺adj,,2017-10-25,10750.57,21,TWSE(FMTQIK),complete
tx10-2017-10-25-call,call,2017-10-25,2017-10-25,2017-10-26,17.0,2017-11-20,TAIEX,10664.55,-0.0080014362029176,缺adj,,2017-10-25,10750.57,21,TWSE(FMTQIK),complete
tx10-2017-10-25-call,call,2017-10-25,2017-10-25,2017-10-26,18.0,2017-11-21,TAIEX,10779.24,0.0026668353398935363,缺adj,,2017-10-25,10750.57,21,TWSE(FMTQIK),complete
tx10-2017-10-25-call,call,2017-10-25,2017-10-25,2017-10-26,19.0,2017-11-22,TAIEX,10822.59,0.006699179671403543,缺adj,,2017-10-25,10750.57,21,TWSE(FMTQIK),complete
tx10-2017-10-25-call,call,2017-10-25,2017-10-25,2017-10-26,20.0,2017-11-23,TAIEX,10854.57,0.009673905662676452,缺adj,,2017-10-25,10750.57,21,TWSE(FMTQIK),complete
tx10-2017-10-25-call,call,2017-10-25,2017-10-25,2017-10-26,0.0,2017-10-26,3037,16.95,-0.008771929824561542,缺adj,,2017-10-25,17.1,21,TWSE(FMTQIK),complete
tx10-2017-10-25-call,call,2017-10-25,2017-10-25,2017-10-26,1.0,2017-10-27,3037,16.8,-0.01754385964912286,缺adj,,2017-10-25,17.1,21,TWSE(FMTQIK),complete
tx10-2017-10-25-call,call,2017-10-25,2017-10-25,2017-10-26,2.0,2017-10-30,3037,16.75,-0.020467836257309968,缺adj,,2017-10-25,17.1,21,TWSE(FMTQIK),complete
tx10-2017-10-25-call,call,2017-10-25,2017-10-25,2017-10-26,3.0,2017-10-31,3037,17.2,0.005847953216374213,缺adj,,2017-10-25,17.1,21,TWSE(FMTQIK),complete
tx10-2017-10-25-call,call,2017-10-25,2017-10-25,2017-10-26,4.0,2017-11-01,3037,17.4,0.01754385964912264,缺adj,,2017-10-25,17.1,21,TWSE(FMTQIK),complete
tx10-2017-10-25-call,call,2017-10-25,2017-10-25,2017-10-26,5.0,2017-11-02,3037,17.3,0.011695906432748426,缺adj,,2017-10-25,17.1,21,TWSE(FMTQIK),complete
tx10-2017-10-25-call,call,2017-10-25,2017-10-25,2017-10-26,6.0,2017-11-03,3037,18.05,0.05555555555555558,缺adj,,2017-10-25,17.1,21,TWSE(FMTQIK),complete
tx10-2017-10-25-call,call,2017-10-25,2017-10-25,2017-10-26,7.0,2017-11-06,3037,18.25,0.067251461988304,缺adj,,2017-10-25,17.1,21,TWSE(FMTQIK),complete
tx10-2017-10-25-call,call,2017-10-25,2017-10-25,2017-10-26,8.0,2017-11-07,3037,18.5,0.08187134502923965,缺adj,,2017-10-25,17.1,21,TWSE(FMTQIK),complete
tx10-2017-10-25-call,call,2017-10-25,2017-10-25,2017-10-26,9.0,2017-11-08,3037,18.75,0.0964912280701753,缺adj,,2017-10-25,17.1,21,TWSE(FMTQIK),complete
tx10-2017-10-25-call,call,2017-10-25,2017-10-25,2017-10-26,10.0,2017-11-09,3037,17.95,0.049707602339181145,缺adj,,2017-10-25,17.1,21,TWSE(FMTQIK),complete
tx10-2017-10-25-call,call,2017-10-25,2017-10-25,2017-10-26,11.0,2017-11-10,3037,18.4,0.07602339181286522,缺adj,,2017-10-25,17.1,21,TWSE(FMTQIK),complete
tx10-2017-10-25-call,call,2017-10-25,2017-10-25,2017-10-26,12.0,2017-11-13,3037,17.45,0.020467836257309857,缺adj,,2017-10-25,17.1,21,TWSE(FMTQIK),complete
tx10-2017-10-25-call,call,2017-10-25,2017-10-25,2017-10-26,13.0,2017-11-14,3037,17.05,-0.0029239766081872176,缺adj,,2017-10-25,17.1,21,TWSE(FMTQIK),complete
tx10-2017-10-25-call,call,2017-10-25,2017-10-25,2017-10-26,14.0,2017-11-15,3037,16.5,-0.03508771929824572,缺adj,,2017-10-25,17.1,21,TWSE(FMTQIK),complete
tx10-2017-10-25-call,call,2017-10-25,2017-10-25,2017-10-26,15.0,2017-11-16,3037,16.65,-0.026315789473684403,缺adj,,2017-10-25,17.1,21,TWSE(FMTQIK),complete
tx10-2017-10-25-call,call,2017-10-25,2017-10-25,2017-10-26,16.0,2017-11-17,3037,16.4,-0.04093567251462005,缺adj,,2017-10-25,17.1,21,TWSE(FMTQIK),complete
tx10-2017-10-25-call,call,2017-10-25,2017-10-25,2017-10-26,17.0,2017-11-20,3037,16.1,-0.05847953216374269,缺adj,,2017-10-25,17.1,21,TWSE(FMTQIK),complete
tx10-2017-10-25-call,call,2017-10-25,2017-10-25,2017-10-26,18.0,2017-11-21,3037,16.15,-0.05555555555555569,缺adj,,2017-10-25,17.1,21,TWSE(FMTQIK),complete
tx10-2017-10-25-call,call,2017-10-25,2017-10-25,2017-10-26,19.0,2017-11-22,3037,15.75,-0.07894736842105265,缺adj,,2017-10-25,17.1,21,TWSE(FMTQIK),complete
tx10-2017-10-25-call,call,2017-10-25,2017-10-25,2017-10-26,20.0,2017-11-23,3037,15.45,-0.09649122807017552,缺adj,,2017-10-25,17.1,21,TWSE(FMTQIK),complete
tx10-2017-10-25-call,call,2017-10-25,2017-10-25,2017-10-26,0.0,2017-10-26,8046,27.7,0.0072727272727273196,缺adj,,2017-10-25,27.5,21,TWSE(FMTQIK),complete
tx10-2017-10-25-call,call,2017-10-25,2017-10-25,2017-10-26,1.0,2017-10-27,8046,27.65,0.005454545454545379,缺adj,,2017-10-25,27.5,21,TWSE(FMTQIK),complete
tx10-2017-10-25-call,call,2017-10-25,2017-10-25,2017-10-26,2.0,2017-10-30,8046,27.25,-0.009090909090909038,缺adj,,2017-10-25,27.5,21,TWSE(FMTQIK),complete
tx10-2017-10-25-call,call,2017-10-25,2017-10-25,2017-10-26,3.0,2017-10-31,8046,27.3,-0.0072727272727272085,缺adj,,2017-10-25,27.5,21,TWSE(FMTQIK),complete
tx10-2017-10-25-call,call,2017-10-25,2017-10-25,2017-10-26,4.0,2017-11-01,8046,27.75,0.009090909090909038,缺adj,,2017-10-25,27.5,21,TWSE(FMTQIK),complete
tx10-2017-10-25-call,call,2017-10-25,2017-10-25,2017-10-26,5.0,2017-11-02,8046,28.0,0.018181818181818077,缺adj,,2017-10-25,27.5,21,TWSE(FMTQIK),complete
tx10-2017-10-25-call,call,2017-10-25,2017-10-25,2017-10-26,6.0,2017-11-03,8046,28.0,0.018181818181818077,缺adj,,2017-10-25,27.5,21,TWSE(FMTQIK),complete
tx10-2017-10-25-call,call,2017-10-25,2017-10-25,2017-10-26,7.0,2017-11-06,8046,28.0,0.018181818181818077,缺adj,,2017-10-25,27.5,21,TWSE(FMTQIK),complete
tx10-2017-10-25-call,call,2017-10-25,2017-10-25,2017-10-26,8.0,2017-11-07,8046,27.6,0.0036363636363636598,缺adj,,2017-10-25,27.5,21,TWSE(FMTQIK),complete
tx10-2017-10-25-call,call,2017-10-25,2017-10-25,2017-10-26,9.0,2017-11-08,8046,28.8,0.047272727272727355,缺adj,,2017-10-25,27.5,21,TWSE(FMTQIK),complete
tx10-2017-10-25-call,call,2017-10-25,2017-10-25,2017-10-26,10.0,2017-11-09,8046,28.2,0.025454545454545396,缺adj,,2017-10-25,27.5,21,TWSE(FMTQIK),complete
tx10-2017-10-25-call,call,2017-10-25,2017-10-25,2017-10-26,11.0,2017-11-10,8046,28.45,0.034545454545454435,缺adj,,2017-10-25,27.5,21,TWSE(FMTQIK),complete
tx10-2017-10-25-call,call,2017-10-25,2017-10-25,2017-10-26,12.0,2017-11-13,8046,27.1,-0.014545454545454528,缺adj,,2017-10-25,27.5,21,TWSE(FMTQIK),complete
tx10-2017-10-25-call,call,2017-10-25,2017-10-25,2017-10-26,13.0,2017-11-14,8046,26.5,-0.036363636363636376,缺adj,,2017-10-25,27.5,21,TWSE(FMTQIK),complete
tx10-2017-10-25-call,call,2017-10-25,2017-10-25,2017-10-26,14.0,2017-11-15,8046,25.7,-0.06545454545454543,缺adj,,2017-10-25,27.5,21,TWSE(FMTQIK),complete
tx10-2017-10-25-call,call,2017-10-25,2017-10-25,2017-10-26,15.0,2017-11-16,8046,25.75,-0.0636363636363636,缺adj,,2017-10-25,27.5,21,TWSE(FMTQIK),complete
tx10-2017-10-25-call,call,2017-10-25,2017-10-25,2017-10-26,16.0,2017-11-17,8046,25.6,-0.06909090909090909,缺adj,,2017-10-25,27.5,21,TWSE(FMTQIK),complete
tx10-2017-10-25-call,call,2017-10-25,2017-10-25,2017-10-26,17.0,2017-11-20,8046,25.55,-0.07090909090909092,缺adj,,2017-10-25,27.5,21,TWSE(FMTQIK),complete
tx10-2017-10-25-call,call,2017-10-25,2017-10-25,2017-10-26,18.0,2017-11-21,8046,25.75,-0.0636363636363636,缺adj,,2017-10-25,27.5,21,TWSE(FMTQIK),complete
tx10-2017-10-25-call,call,2017-10-25,2017-10-25,2017-10-26,19.0,2017-11-22,8046,25.8,-0.06181818181818177,缺adj,,2017-10-25,27.5,21,TWSE(FMTQIK),complete
tx10-2017-10-25-call,call,2017-10-25,2017-10-25,2017-10-26,20.0,2017-11-23,8046,25.7,-0.06545454545454543,缺adj,,2017-10-25,27.5,21,TWSE(FMTQIK),complete
tx10-2017-10-25-call,call,2017-10-25,2017-10-25,2017-10-26,0.0,2017-10-26,3189,72.7,0.0013774104683197397,缺adj,,2017-10-25,72.6,21,TWSE(FMTQIK),complete
tx10-2017-10-25-call,call,2017-10-25,2017-10-25,2017-10-26,1.0,2017-10-27,3189,70.3,-0.031680440771349794,缺adj,,2017-10-25,72.6,21,TWSE(FMTQIK),complete
tx10-2017-10-25-call,call,2017-10-25,2017-10-25,2017-10-26,2.0,2017-10-30,3189,72.2,-0.0055096418732780705,缺adj,,2017-10-25,72.6,21,TWSE(FMTQIK),complete
tx10-2017-10-25-call,call,2017-10-25,2017-10-25,2017-10-26,3.0,2017-10-31,3189,76.0,0.046831955922865154,缺adj,,2017-10-25,72.6,21,TWSE(FMTQIK),complete
tx10-2017-10-25-call,call,2017-10-25,2017-10-25,2017-10-26,4.0,2017-11-01,3189,76.0,0.046831955922865154,缺adj,,2017-10-25,72.6,21,TWSE(FMTQIK),complete
tx10-2017-10-25-call,call,2017-10-25,2017-10-25,2017-10-26,5.0,2017-11-02,3189,74.6,0.02754820936639124,缺adj,,2017-10-25,72.6,21,TWSE(FMTQIK),complete
tx10-2017-10-25-call,call,2017-10-25,2017-10-25,2017-10-26,6.0,2017-11-03,3189,75.2,0.03581267217630857,缺adj,,2017-10-25,72.6,21,TWSE(FMTQIK),complete
tx10-2017-10-25-call,call,2017-10-25,2017-10-25,2017-10-26,7.0,2017-11-06,3189,76.0,0.046831955922865154,缺adj,,2017-10-25,72.6,21,TWSE(FMTQIK),complete
tx10-2017-10-25-call,call,2017-10-25,2017-10-25,2017-10-26,8.0,2017-11-07,3189,76.0,0.046831955922865154,缺adj,,2017-10-25,72.6,21,TWSE(FMTQIK),complete
tx10-2017-10-25-call,call,2017-10-25,2017-10-25,2017-10-26,9.0,2017-11-08,3189,75.3,0.037190082644628086,缺adj,,2017-10-25,72.6,21,TWSE(FMTQIK),complete
tx10-2017-10-25-call,call,2017-10-25,2017-10-25,2017-10-26,10.0,2017-11-09,3189,74.1,0.02066115702479343,缺adj,,2017-10-25,72.6,21,TWSE(FMTQIK),complete
tx10-2017-10-25-call,call,2017-10-25,2017-10-25,2017-10-26,11.0,2017-11-10,3189,74.8,0.030303030303030276,缺adj,,2017-10-25,72.6,21,TWSE(FMTQIK),complete
tx10-2017-10-25-call,call,2017-10-25,2017-10-25,2017-10-26,12.0,2017-11-13,3189,74.0,0.019283746556473913,缺adj,,2017-10-25,72.6,21,TWSE(FMTQIK),complete
tx10-2017-10-25-call,call,2017-10-25,2017-10-25,2017-10-26,13.0,2017-11-14,3189,73.0,0.005509641873278293,缺adj,,2017-10-25,72.6,21,TWSE(FMTQIK),complete
tx10-2017-10-25-call,call,2017-10-25,2017-10-25,2017-10-26,14.0,2017-11-15,3189,72.0,-0.008264462809917328,缺adj,,2017-10-25,72.6,21,TWSE(FMTQIK),complete
tx10-2017-10-25-call,call,2017-10-25,2017-10-25,2017-10-26,15.0,2017-11-16,3189,73.1,0.00688705234159781,缺adj,,2017-10-25,72.6,21,TWSE(FMTQIK),complete
tx10-2017-10-25-call,call,2017-10-25,2017-10-25,2017-10-26,16.0,2017-11-17,3189,73.0,0.005509641873278293,缺adj,,2017-10-25,72.6,21,TWSE(FMTQIK),complete
tx10-2017-10-25-call,call,2017-10-25,2017-10-25,2017-10-26,17.0,2017-11-20,3189,72.3,-0.004132231404958664,缺adj,,2017-10-25,72.6,21,TWSE(FMTQIK),complete
tx10-2017-10-25-call,call,2017-10-25,2017-10-25,2017-10-26,18.0,2017-11-21,3189,71.8,-0.011019283746556474,缺adj,,2017-10-25,72.6,21,TWSE(FMTQIK),complete
tx10-2017-10-25-call,call,2017-10-25,2017-10-25,2017-10-26,19.0,2017-11-22,3189,74.0,0.019283746556473913,缺adj,,2017-10-25,72.6,21,TWSE(FMTQIK),complete
tx10-2017-10-25-call,call,2017-10-25,2017-10-25,2017-10-26,20.0,2017-11-23,3189,76.9,0.05922865013774126,缺adj,,2017-10-25,72.6,21,TWSE(FMTQIK),complete
tx10-2017-10-25-call,call,2017-10-25,2017-10-25,2017-10-26,0.0,2017-10-26,2368,10.05,-0.004950495049504844,缺adj,,2017-10-25,10.1,21,TWSE(FMTQIK),complete
tx10-2017-10-25-call,call,2017-10-25,2017-10-25,2017-10-26,1.0,2017-10-27,2368,10.2,0.00990099009900991,缺adj,,2017-10-25,10.1,21,TWSE(FMTQIK),complete
tx10-2017-10-25-call,call,2017-10-25,2017-10-25,2017-10-26,2.0,2017-10-30,2368,10.15,0.004950495049504955,缺adj,,2017-10-25,10.1,21,TWSE(FMTQIK),complete
tx10-2017-10-25-call,call,2017-10-25,2017-10-25,2017-10-26,3.0,2017-10-31,2368,10.3,0.01980198019801982,缺adj,,2017-10-25,10.1,21,TWSE(FMTQIK),complete
tx10-2017-10-25-call,call,2017-10-25,2017-10-25,2017-10-26,4.0,2017-11-01,2368,11.0,0.08910891089108919,缺adj,,2017-10-25,10.1,21,TWSE(FMTQIK),complete
tx10-2017-10-25-call,call,2017-10-25,2017-10-25,2017-10-26,5.0,2017-11-02,2368,10.8,0.06930693069306937,缺adj,,2017-10-25,10.1,21,TWSE(FMTQIK),complete
tx10-2017-10-25-call,call,2017-10-25,2017-10-25,2017-10-26,6.0,2017-11-03,2368,11.0,0.08910891089108919,缺adj,,2017-10-25,10.1,21,TWSE(FMTQIK),complete
tx10-2017-10-25-call,call,2017-10-25,2017-10-25,2017-10-26,7.0,2017-11-06,2368,11.3,0.11881188118811892,缺adj,,2017-10-25,10.1,21,TWSE(FMTQIK),complete
tx10-2017-10-25-call,call,2017-10-25,2017-10-25,2017-10-26,8.0,2017-11-07,2368,11.1,0.0990099009900991,缺adj,,2017-10-25,10.1,21,TWSE(FMTQIK),complete
tx10-2017-10-25-call,call,2017-10-25,2017-10-25,2017-10-26,9.0,2017-11-08,2368,11.15,0.10396039603960405,缺adj,,2017-10-25,10.1,21,TWSE(FMTQIK),complete
tx10-2017-10-25-call,call,2017-10-25,2017-10-25,2017-10-26,10.0,2017-11-09,2368,10.9,0.07920792079207928,缺adj,,2017-10-25,10.1,21,TWSE(FMTQIK),complete
tx10-2017-10-25-call,call,2017-10-25,2017-10-25,2017-10-26,11.0,2017-11-10,2368,10.85,0.07425742574257432,缺adj,,2017-10-25,10.1,21,TWSE(FMTQIK),complete
tx10-2017-10-25-call,call,2017-10-25,2017-10-25,2017-10-26,12.0,2017-11-13,2368,10.2,0.00990099009900991,缺adj,,2017-10-25,10.1,21,TWSE(FMTQIK),complete
tx10-2017-10-25-call,call,2017-10-25,2017-10-25,2017-10-26,13.0,2017-11-14,2368,10.0,-0.00990099009900991,缺adj,,2017-10-25,10.1,21,TWSE(FMTQIK),complete
tx10-2017-10-25-call,call,2017-10-25,2017-10-25,2017-10-26,14.0,2017-11-15,2368,9.83,-0.026732673267326645,缺adj,,2017-10-25,10.1,21,TWSE(FMTQIK),complete
tx10-2017-10-25-call,call,2017-10-25,2017-10-25,2017-10-26,15.0,2017-11-16,2368,9.71,-0.03861386138613854,缺adj,,2017-10-25,10.1,21,TWSE(FMTQIK),complete
tx10-2017-10-25-call,call,2017-10-25,2017-10-25,2017-10-26,16.0,2017-11-17,2368,9.88,-0.02178217821782169,缺adj,,2017-10-25,10.1,21,TWSE(FMTQIK),complete
tx10-2017-10-25-call,call,2017-10-25,2017-10-25,2017-10-26,17.0,2017-11-20,2368,9.75,-0.03465346534653457,缺adj,,2017-10-25,10.1,21,TWSE(FMTQIK),complete
tx10-2017-10-25-call,call,2017-10-25,2017-10-25,2017-10-26,18.0,2017-11-21,2368,10.0,-0.00990099009900991,缺adj,,2017-10-25,10.1,21,TWSE(FMTQIK),complete
tx10-2017-10-25-call,call,2017-10-25,2017-10-25,2017-10-26,19.0,2017-11-22,2368,9.85,-0.024752475247524774,缺adj,,2017-10-25,10.1,21,TWSE(FMTQIK),complete
tx10-2017-10-25-call,call,2017-10-25,2017-10-25,2017-10-26,20.0,2017-11-23,2368,9.88,-0.02178217821782169,缺adj,,2017-10-25,10.1,21,TWSE(FMTQIK),complete
tx10-2017-10-25-call,call,2017-10-25,2017-10-25,2017-10-26,0.0,2017-10-26,2383,128.0,0.02400000000000002,缺adj,,2017-10-25,125.0,21,TWSE(FMTQIK),complete
tx10-2017-10-25-call,call,2017-10-25,2017-10-25,2017-10-26,1.0,2017-10-27,2383,125.0,0.0,缺adj,,2017-10-25,125.0,21,TWSE(FMTQIK),complete
tx10-2017-10-25-call,call,2017-10-25,2017-10-25,2017-10-26,2.0,2017-10-30,2383,117.5,-0.06000000000000005,缺adj,,2017-10-25,125.0,21,TWSE(FMTQIK),complete
tx10-2017-10-25-call,call,2017-10-25,2017-10-25,2017-10-26,3.0,2017-10-31,2383,120.0,-0.040000000000000036,缺adj,,2017-10-25,125.0,21,TWSE(FMTQIK),complete
tx10-2017-10-25-call,call,2017-10-25,2017-10-25,2017-10-26,4.0,2017-11-01,2383,120.0,-0.040000000000000036,缺adj,,2017-10-25,125.0,21,TWSE(FMTQIK),complete
tx10-2017-10-25-call,call,2017-10-25,2017-10-25,2017-10-26,5.0,2017-11-02,2383,114.0,-0.08799999999999997,缺adj,,2017-10-25,125.0,21,TWSE(FMTQIK),complete
tx10-2017-10-25-call,call,2017-10-25,2017-10-25,2017-10-26,6.0,2017-11-03,2383,115.0,-0.07999999999999996,缺adj,,2017-10-25,125.0,21,TWSE(FMTQIK),complete
tx10-2017-10-25-call,call,2017-10-25,2017-10-25,2017-10-26,7.0,2017-11-06,2383,117.0,-0.06399999999999995,缺adj,,2017-10-25,125.0,21,TWSE(FMTQIK),complete
tx10-2017-10-25-call,call,2017-10-25,2017-10-25,2017-10-26,8.0,2017-11-07,2383,117.0,-0.06399999999999995,缺adj,,2017-10-25,125.0,21,TWSE(FMTQIK),complete
tx10-2017-10-25-call,call,2017-10-25,2017-10-25,2017-10-26,9.0,2017-11-08,2383,113.0,-0.09599999999999997,缺adj,,2017-10-25,125.0,21,TWSE(FMTQIK),complete
tx10-2017-10-25-call,call,2017-10-25,2017-10-25,2017-10-26,10.0,2017-11-09,2383,115.0,-0.07999999999999996,缺adj,,2017-10-25,125.0,21,TWSE(FMTQIK),complete
tx10-2017-10-25-call,call,2017-10-25,2017-10-25,2017-10-26,11.0,2017-11-10,2383,113.5,-0.09199999999999997,缺adj,,2017-10-25,125.0,21,TWSE(FMTQIK),complete
tx10-2017-10-25-call,call,2017-10-25,2017-10-25,2017-10-26,12.0,2017-11-13,2383,110.0,-0.12,缺adj,,2017-10-25,125.0,21,TWSE(FMTQIK),complete
tx10-2017-10-25-call,call,2017-10-25,2017-10-25,2017-10-26,13.0,2017-11-14,2383,115.0,-0.07999999999999996,缺adj,,2017-10-25,125.0,21,TWSE(FMTQIK),complete
tx10-2017-10-25-call,call,2017-10-25,2017-10-25,2017-10-26,14.0,2017-11-15,2383,113.5,-0.09199999999999997,缺adj,,2017-10-25,125.0,21,TWSE(FMTQIK),complete
tx10-2017-10-25-call,call,2017-10-25,2017-10-25,2017-10-26,15.0,2017-11-16,2383,113.0,-0.09599999999999997,缺adj,,2017-10-25,125.0,21,TWSE(FMTQIK),complete
tx10-2017-10-25-call,call,2017-10-25,2017-10-25,2017-10-26,16.0,2017-11-17,2383,117.5,-0.06000000000000005,缺adj,,2017-10-25,125.0,21,TWSE(FMTQIK),complete
tx10-2017-10-25-call,call,2017-10-25,2017-10-25,2017-10-26,17.0,2017-11-20,2383,119.5,-0.04400000000000004,缺adj,,2017-10-25,125.0,21,TWSE(FMTQIK),complete
tx10-2017-10-25-call,call,2017-10-25,2017-10-25,2017-10-26,18.0,2017-11-21,2383,116.5,-0.06799999999999995,缺adj,,2017-10-25,125.0,21,TWSE(FMTQIK),complete
tx10-2017-10-25-call,call,2017-10-25,2017-10-25,2017-10-26,19.0,2017-11-22,2383,116.5,-0.06799999999999995,缺adj,,2017-10-25,125.0,21,TWSE(FMTQIK),complete
tx10-2017-10-25-call,call,2017-10-25,2017-10-25,2017-10-26,20.0,2017-11-23,2383,119.0,-0.04800000000000004,缺adj,,2017-10-25,125.0,21,TWSE(FMTQIK),complete
tx10-2017-10-25-call,call,2017-10-25,2017-10-25,2017-10-26,0.0,2017-10-26,6213,64.9,0.0030911901081915882,缺adj,,2017-10-25,64.7,21,TWSE(FMTQIK),complete
tx10-2017-10-25-call,call,2017-10-25,2017-10-25,2017-10-26,1.0,2017-10-27,6213,63.5,-0.018547140649149974,缺adj,,2017-10-25,64.7,21,TWSE(FMTQIK),complete
tx10-2017-10-25-call,call,2017-10-25,2017-10-25,2017-10-26,2.0,2017-10-30,6213,62.4,-0.03554868624420404,缺adj,,2017-10-25,64.7,21,TWSE(FMTQIK),complete
tx10-2017-10-25-call,call,2017-10-25,2017-10-25,2017-10-26,3.0,2017-10-31,6213,63.1,-0.02472952086553326,缺adj,,2017-10-25,64.7,21,TWSE(FMTQIK),complete
tx10-2017-10-25-call,call,2017-10-25,2017-10-25,2017-10-26,4.0,2017-11-01,6213,64.6,-0.0015455950540959051,缺adj,,2017-10-25,64.7,21,TWSE(FMTQIK),complete
tx10-2017-10-25-call,call,2017-10-25,2017-10-25,2017-10-26,5.0,2017-11-02,6213,61.8,-0.04482225656877903,缺adj,,2017-10-25,64.7,21,TWSE(FMTQIK),complete
tx10-2017-10-25-call,call,2017-10-25,2017-10-25,2017-10-26,6.0,2017-11-03,6213,61.4,-0.051004636785162316,缺adj,,2017-10-25,64.7,21,TWSE(FMTQIK),complete
tx10-2017-10-25-call,call,2017-10-25,2017-10-25,2017-10-26,7.0,2017-11-06,6213,61.2,-0.054095826893353904,缺adj,,2017-10-25,64.7,21,TWSE(FMTQIK),complete
tx10-2017-10-25-call,call,2017-10-25,2017-10-25,2017-10-26,8.0,2017-11-07,6213,60.9,-0.05873261205564151,缺adj,,2017-10-25,64.7,21,TWSE(FMTQIK),complete
tx10-2017-10-25-call,call,2017-10-25,2017-10-25,2017-10-26,9.0,2017-11-08,6213,62.5,-0.03400309119010825,缺adj,,2017-10-25,64.7,21,TWSE(FMTQIK),complete
tx10-2017-10-25-call,call,2017-10-25,2017-10-25,2017-10-26,10.0,2017-11-09,6213,61.0,-0.057187017001545604,缺adj,,2017-10-25,64.7,21,TWSE(FMTQIK),complete
tx10-2017-10-25-call,call,2017-10-25,2017-10-25,2017-10-26,11.0,2017-11-10,6213,59.6,-0.07882534775888717,缺adj,,2017-10-25,64.7,21,TWSE(FMTQIK),complete
tx10-2017-10-25-call,call,2017-10-25,2017-10-25,2017-10-26,12.0,2017-11-13,6213,60.4,-0.06646058732612059,缺adj,,2017-10-25,64.7,21,TWSE(FMTQIK),complete
tx10-2017-10-25-call,call,2017-10-25,2017-10-25,2017-10-26,13.0,2017-11-14,6213,61.2,-0.054095826893353904,缺adj,,2017-10-25,64.7,21,TWSE(FMTQIK),complete
tx10-2017-10-25-call,call,2017-10-25,2017-10-25,2017-10-26,14.0,2017-11-15,6213,60.0,-0.07264296754250388,缺adj,,2017-10-25,64.7,21,TWSE(FMTQIK),complete
tx10-2017-10-25-call,call,2017-10-25,2017-10-25,2017-10-26,15.0,2017-11-16,6213,60.0,-0.07264296754250388,缺adj,,2017-10-25,64.7,21,TWSE(FMTQIK),complete
tx10-2017-10-25-call,call,2017-10-25,2017-10-25,2017-10-26,16.0,2017-11-17,6213,60.6,-0.06336939721792889,缺adj,,2017-10-25,64.7,21,TWSE(FMTQIK),complete
tx10-2017-10-25-call,call,2017-10-25,2017-10-25,2017-10-26,17.0,2017-11-20,6213,61.6,-0.04791344667697062,缺adj,,2017-10-25,64.7,21,TWSE(FMTQIK),complete
tx10-2017-10-25-call,call,2017-10-25,2017-10-25,2017-10-26,18.0,2017-11-21,6213,62.2,-0.03863987635239563,缺adj,,2017-10-25,64.7,21,TWSE(FMTQIK),complete
tx10-2017-10-25-call,call,2017-10-25,2017-10-25,2017-10-26,19.0,2017-11-22,6213,61.8,-0.04482225656877903,缺adj,,2017-10-25,64.7,21,TWSE(FMTQIK),complete
tx10-2017-10-25-call,call,2017-10-25,2017-10-25,2017-10-26,20.0,2017-11-23,6213,63.1,-0.02472952086553326,缺adj,,2017-10-25,64.7,21,TWSE(FMTQIK),complete
tx10-2017-10-25-call,call,2017-10-25,2017-10-25,2017-10-26,0.0,2017-10-26,6274,79.1,0.020645161290322456,缺adj,,2017-10-25,77.5,21,TWSE(FMTQIK),complete
tx10-2017-10-25-call,call,2017-10-25,2017-10-25,2017-10-26,1.0,2017-10-27,6274,77.5,0.0,缺adj,,2017-10-25,77.5,21,TWSE(FMTQIK),complete
tx10-2017-10-25-call,call,2017-10-25,2017-10-25,2017-10-26,2.0,2017-10-30,6274,75.8,-0.021935483870967776,缺adj,,2017-10-25,77.5,21,TWSE(FMTQIK),complete
tx10-2017-10-25-call,call,2017-10-25,2017-10-25,2017-10-26,3.0,2017-10-31,6274,77.4,-0.001290322580645098,缺adj,,2017-10-25,77.5,21,TWSE(FMTQIK),complete
tx10-2017-10-25-call,call,2017-10-25,2017-10-25,2017-10-26,4.0,2017-11-01,6274,80.9,0.04387096774193555,缺adj,,2017-10-25,77.5,21,TWSE(FMTQIK),complete
tx10-2017-10-25-call,call,2017-10-25,2017-10-25,2017-10-26,5.0,2017-11-02,6274,79.3,0.023225806451612874,缺adj,,2017-10-25,77.5,21,TWSE(FMTQIK),complete
tx10-2017-10-25-call,call,2017-10-25,2017-10-25,2017-10-26,6.0,2017-11-03,6274,78.3,0.010322580645161228,缺adj,,2017-10-25,77.5,21,TWSE(FMTQIK),complete
tx10-2017-10-25-call,call,2017-10-25,2017-10-25,2017-10-26,7.0,2017-11-06,6274,73.5,-0.05161290322580647,缺adj,,2017-10-25,77.5,21,TWSE(FMTQIK),complete
tx10-2017-10-25-call,call,2017-10-25,2017-10-25,2017-10-26,8.0,2017-11-07,6274,74.3,-0.041290322580645245,缺adj,,2017-10-25,77.5,21,TWSE(FMTQIK),complete
tx10-2017-10-25-call,call,2017-10-25,2017-10-25,2017-10-26,9.0,2017-11-08,6274,75.4,-0.02709677419354828,缺adj,,2017-10-25,77.5,21,TWSE(FMTQIK),complete
tx10-2017-10-25-call,call,2017-10-25,2017-10-25,2017-10-26,10.0,2017-11-09,6274,72.5,-0.06451612903225812,缺adj,,2017-10-25,77.5,21,TWSE(FMTQIK),complete
tx10-2017-10-25-call,call,2017-10-25,2017-10-25,2017-10-26,11.0,2017-11-10,6274,73.6,-0.050322580645161374,缺adj,,2017-10-25,77.5,21,TWSE(FMTQIK),complete
tx10-2017-10-25-call,call,2017-10-25,2017-10-25,2017-10-26,12.0,2017-11-13,6274,73.8,-0.047741935483870956,缺adj,,2017-10-25,77.5,21,TWSE(FMTQIK),complete
tx10-2017-10-25-call,call,2017-10-25,2017-10-25,2017-10-26,13.0,2017-11-14,6274,75.7,-0.023225806451612874,缺adj,,2017-10-25,77.5,21,TWSE(FMTQIK),complete
tx10-2017-10-25-call,call,2017-10-25,2017-10-25,2017-10-26,14.0,2017-11-15,6274,74.2,-0.04258064516129023,缺adj,,2017-10-25,77.5,21,TWSE(FMTQIK),complete
tx10-2017-10-25-call,call,2017-10-25,2017-10-25,2017-10-26,15.0,2017-11-16,6274,74.4,-0.039999999999999925,缺adj,,2017-10-25,77.5,21,TWSE(FMTQIK),complete
tx10-2017-10-25-call,call,2017-10-25,2017-10-25,2017-10-26,16.0,2017-11-17,6274,79.0,0.019354838709677358,缺adj,,2017-10-25,77.5,21,TWSE(FMTQIK),complete
tx10-2017-10-25-call,call,2017-10-25,2017-10-25,2017-10-26,17.0,2017-11-20,6274,84.7,0.09290322580645172,缺adj,,2017-10-25,77.5,21,TWSE(FMTQIK),complete
tx10-2017-10-25-call,call,2017-10-25,2017-10-25,2017-10-26,18.0,2017-11-21,6274,83.0,0.07096774193548394,缺adj,,2017-10-25,77.5,21,TWSE(FMTQIK),complete
tx10-2017-10-25-call,call,2017-10-25,2017-10-25,2017-10-26,19.0,2017-11-22,6274,85.0,0.09677419354838701,缺adj,,2017-10-25,77.5,21,TWSE(FMTQIK),complete
tx10-2017-10-25-call,call,2017-10-25,2017-10-25,2017-10-26,20.0,2017-11-23,6274,85.3,0.10064516129032253,缺adj,,2017-10-25,77.5,21,TWSE(FMTQIK),complete
tx10-2017-10-25-call,call,2017-10-25,2017-10-25,2017-10-26,0.0,2017-10-26,2408,87.4,0.015098722415795685,缺adj,,2017-10-25,86.1,21,TWSE(FMTQIK),complete
tx10-2017-10-25-call,call,2017-10-25,2017-10-25,2017-10-26,1.0,2017-10-27,2408,83.4,-0.031358885017421456,缺adj,,2017-10-25,86.1,21,TWSE(FMTQIK),complete
tx10-2017-10-25-call,call,2017-10-25,2017-10-25,2017-10-26,2.0,2017-10-30,2408,83.2,-0.03368176538908241,缺adj,,2017-10-25,86.1,21,TWSE(FMTQIK),complete
tx10-2017-10-25-call,call,2017-10-25,2017-10-25,2017-10-26,3.0,2017-10-31,2408,81.8,-0.0499419279907084,缺adj,,2017-10-25,86.1,21,TWSE(FMTQIK),complete
tx10-2017-10-25-call,call,2017-10-25,2017-10-25,2017-10-26,4.0,2017-11-01,2408,87.3,0.013937282229965264,缺adj,,2017-10-25,86.1,21,TWSE(FMTQIK),complete
tx10-2017-10-25-call,call,2017-10-25,2017-10-25,2017-10-26,5.0,2017-11-02,2408,85.5,-0.006968641114982521,缺adj,,2017-10-25,86.1,21,TWSE(FMTQIK),complete
tx10-2017-10-25-call,call,2017-10-25,2017-10-25,2017-10-26,6.0,2017-11-03,2408,84.1,-0.023228803716608626,缺adj,,2017-10-25,86.1,21,TWSE(FMTQIK),complete
tx10-2017-10-25-call,call,2017-10-25,2017-10-25,2017-10-26,7.0,2017-11-06,2408,85.0,-0.012775842044134622,缺adj,,2017-10-25,86.1,21,TWSE(FMTQIK),complete
tx10-2017-10-25-call,call,2017-10-25,2017-10-25,2017-10-26,8.0,2017-11-07,2408,87.3,0.013937282229965264,缺adj,,2017-10-25,86.1,21,TWSE(FMTQIK),complete
tx10-2017-10-25-call,call,2017-10-25,2017-10-25,2017-10-26,9.0,2017-11-08,2408,87.8,0.019744483159117365,缺adj,,2017-10-25,86.1,21,TWSE(FMTQIK),complete
tx10-2017-10-25-call,call,2017-10-25,2017-10-25,2017-10-26,10.0,2017-11-09,2408,85.2,-0.010452961672473782,缺adj,,2017-10-25,86.1,21,TWSE(FMTQIK),complete
tx10-2017-10-25-call,call,2017-10-25,2017-10-25,2017-10-26,11.0,2017-11-10,2408,82.7,-0.03948896631823451,缺adj,,2017-10-25,86.1,21,TWSE(FMTQIK),complete
tx10-2017-10-25-call,call,2017-10-25,2017-10-25,2017-10-26,12.0,2017-11-13,2408,82.0,-0.04761904761904756,缺adj,,2017-10-25,86.1,21,TWSE(FMTQIK),complete
tx10-2017-10-25-call,call,2017-10-25,2017-10-25,2017-10-26,13.0,2017-11-14,2408,82.7,-0.03948896631823451,缺adj,,2017-10-25,86.1,21,TWSE(FMTQIK),complete
tx10-2017-10-25-call,call,2017-10-25,2017-10-25,2017-10-26,14.0,2017-11-15,2408,82.5,-0.04181184668989546,缺adj,,2017-10-25,86.1,21,TWSE(FMTQIK),complete
tx10-2017-10-25-call,call,2017-10-25,2017-10-25,2017-10-26,15.0,2017-11-16,2408,81.4,-0.05458768873403008,缺adj,,2017-10-25,86.1,21,TWSE(FMTQIK),complete
tx10-2017-10-25-call,call,2017-10-25,2017-10-25,2017-10-26,16.0,2017-11-17,2408,82.6,-0.04065040650406504,缺adj,,2017-10-25,86.1,21,TWSE(FMTQIK),complete
tx10-2017-10-25-call,call,2017-10-25,2017-10-25,2017-10-26,17.0,2017-11-20,2408,82.0,-0.04761904761904756,缺adj,,2017-10-25,86.1,21,TWSE(FMTQIK),complete
tx10-2017-10-25-call,call,2017-10-25,2017-10-25,2017-10-26,18.0,2017-11-21,2408,84.0,-0.024390243902438935,缺adj,,2017-10-25,86.1,21,TWSE(FMTQIK),complete
tx10-2017-10-25-call,call,2017-10-25,2017-10-25,2017-10-26,19.0,2017-11-22,2408,86.0,-0.0011614401858303092,缺adj,,2017-10-25,86.1,21,TWSE(FMTQIK),complete
tx10-2017-10-25-call,call,2017-10-25,2017-10-25,2017-10-26,20.0,2017-11-23,2408,87.7,0.018583042973286945,缺adj,,2017-10-25,86.1,21,TWSE(FMTQIK),complete
tx10-2017-10-25-call,call,2017-10-25,2017-10-25,2017-10-26,0.0,2017-10-26,2344,26.4,0.013435700575815668,缺adj,,2017-10-25,26.05,21,TWSE(FMTQIK),complete
tx10-2017-10-25-call,call,2017-10-25,2017-10-25,2017-10-26,1.0,2017-10-27,2344,25.65,-0.015355086372360938,缺adj,,2017-10-25,26.05,21,TWSE(FMTQIK),complete
tx10-2017-10-25-call,call,2017-10-25,2017-10-25,2017-10-26,2.0,2017-10-30,2344,26.05,0.0,缺adj,,2017-10-25,26.05,21,TWSE(FMTQIK),complete
tx10-2017-10-25-call,call,2017-10-25,2017-10-25,2017-10-26,3.0,2017-10-31,2344,26.1,0.0019193857965451588,缺adj,,2017-10-25,26.05,21,TWSE(FMTQIK),complete
tx10-2017-10-25-call,call,2017-10-25,2017-10-25,2017-10-26,4.0,2017-11-01,2344,26.3,0.009596928982725572,缺adj,,2017-10-25,26.05,21,TWSE(FMTQIK),complete
tx10-2017-10-25-call,call,2017-10-25,2017-10-25,2017-10-26,5.0,2017-11-02,2344,26.0,-0.0019193857965451588,缺adj,,2017-10-25,26.05,21,TWSE(FMTQIK),complete
tx10-2017-10-25-call,call,2017-10-25,2017-10-25,2017-10-26,6.0,2017-11-03,2344,25.75,-0.01151631477927062,缺adj,,2017-10-25,26.05,21,TWSE(FMTQIK),complete
tx10-2017-10-25-call,call,2017-10-25,2017-10-25,2017-10-26,7.0,2017-11-06,2344,26.05,0.0,缺adj,,2017-10-25,26.05,21,TWSE(FMTQIK),complete
tx10-2017-10-25-call,call,2017-10-25,2017-10-25,2017-10-26,8.0,2017-11-07,2344,28.2,0.08253358925143939,缺adj,,2017-10-25,26.05,21,TWSE(FMTQIK),complete
tx10-2017-10-25-call,call,2017-10-25,2017-10-25,2017-10-26,9.0,2017-11-08,2344,27.85,0.06909788867562372,缺adj,,2017-10-25,26.05,21,TWSE(FMTQIK),complete
tx10-2017-10-25-call,call,2017-10-25,2017-10-25,2017-10-26,10.0,2017-11-09,2344,27.05,0.03838771593090207,缺adj,,2017-10-25,26.05,21,TWSE(FMTQIK),complete
tx10-2017-10-25-call,call,2017-10-25,2017-10-25,2017-10-26,11.0,2017-11-10,2344,28.15,0.08061420345489445,缺adj,,2017-10-25,26.05,21,TWSE(FMTQIK),complete
tx10-2017-10-25-call,call,2017-10-25,2017-10-25,2017-10-26,12.0,2017-11-13,2344,27.4,0.051823416506717734,缺adj,,2017-10-25,26.05,21,TWSE(FMTQIK),complete
tx10-2017-10-25-call,call,2017-10-25,2017-10-25,2017-10-26,13.0,2017-11-14,2344,27.7,0.06333973128598847,缺adj,,2017-10-25,26.05,21,TWSE(FMTQIK),complete
tx10-2017-10-25-call,call,2017-10-25,2017-10-25,2017-10-26,14.0,2017-11-15,2344,28.15,0.08061420345489445,缺adj,,2017-10-25,26.05,21,TWSE(FMTQIK),complete
tx10-2017-10-25-call,call,2017-10-25,2017-10-25,2017-10-26,15.0,2017-11-16,2344,27.95,0.07293666026871404,缺adj,,2017-10-25,26.05,21,TWSE(FMTQIK),complete
tx10-2017-10-25-call,call,2017-10-25,2017-10-25,2017-10-26,16.0,2017-11-17,2344,28.3,0.0863723608445297,缺adj,,2017-10-25,26.05,21,TWSE(FMTQIK),complete
tx10-2017-10-25-call,call,2017-10-25,2017-10-25,2017-10-26,17.0,2017-11-20,2344,28.25,0.08445297504798455,缺adj,,2017-10-25,26.05,21,TWSE(FMTQIK),complete
tx10-2017-10-25-call,call,2017-10-25,2017-10-25,2017-10-26,18.0,2017-11-21,2344,28.5,0.09404990403071012,缺adj,,2017-10-25,26.05,21,TWSE(FMTQIK),complete
tx10-2017-10-25-call,call,2017-10-25,2017-10-25,2017-10-26,19.0,2017-11-22,2344,28.2,0.08253358925143939,缺adj,,2017-10-25,26.05,21,TWSE(FMTQIK),complete
tx10-2017-10-25-call,call,2017-10-25,2017-10-25,2017-10-26,20.0,2017-11-23,2344,28.5,0.09404990403071012,缺adj,,2017-10-25,26.05,21,TWSE(FMTQIK),complete
tx10-2017-10-25-call,call,2017-10-25,2017-10-25,2017-10-26,0.0,2017-10-26,6770,,,MISSING(未上市，首筆 2020-12-09);缺adj,,2017-10-25,,0,TWSE(FMTQIK),complete
tx10-2017-10-25-call,call,2017-10-25,2017-10-25,2017-10-26,1.0,2017-10-27,6770,,,MISSING(未上市，首筆 2020-12-09);缺adj,,2017-10-25,,0,TWSE(FMTQIK),complete
tx10-2017-10-25-call,call,2017-10-25,2017-10-25,2017-10-26,2.0,2017-10-30,6770,,,MISSING(未上市，首筆 2020-12-09);缺adj,,2017-10-25,,0,TWSE(FMTQIK),complete
tx10-2017-10-25-call,call,2017-10-25,2017-10-25,2017-10-26,3.0,2017-10-31,6770,,,MISSING(未上市，首筆 2020-12-09);缺adj,,2017-10-25,,0,TWSE(FMTQIK),complete
tx10-2017-10-25-call,call,2017-10-25,2017-10-25,2017-10-26,4.0,2017-11-01,6770,,,MISSING(未上市，首筆 2020-12-09);缺adj,,2017-10-25,,0,TWSE(FMTQIK),complete
tx10-2017-10-25-call,call,2017-10-25,2017-10-25,2017-10-26,5.0,2017-11-02,6770,,,MISSING(未上市，首筆 2020-12-09);缺adj,,2017-10-25,,0,TWSE(FMTQIK),complete
tx10-2017-10-25-call,call,2017-10-25,2017-10-25,2017-10-26,6.0,2017-11-03,6770,,,MISSING(未上市，首筆 2020-12-09);缺adj,,2017-10-25,,0,TWSE(FMTQIK),complete
tx10-2017-10-25-call,call,2017-10-25,2017-10-25,2017-10-26,7.0,2017-11-06,6770,,,MISSING(未上市，首筆 2020-12-09);缺adj,,2017-10-25,,0,TWSE(FMTQIK),complete
tx10-2017-10-25-call,call,2017-10-25,2017-10-25,2017-10-26,8.0,2017-11-07,6770,,,MISSING(未上市，首筆 2020-12-09);缺adj,,2017-10-25,,0,TWSE(FMTQIK),complete
tx10-2017-10-25-call,call,2017-10-25,2017-10-25,2017-10-26,9.0,2017-11-08,6770,,,MISSING(未上市，首筆 2020-12-09);缺adj,,2017-10-25,,0,TWSE(FMTQIK),complete
tx10-2017-10-25-call,call,2017-10-25,2017-10-25,2017-10-26,10.0,2017-11-09,6770,,,MISSING(未上市，首筆 2020-12-09);缺adj,,2017-10-25,,0,TWSE(FMTQIK),complete
tx10-2017-10-25-call,call,2017-10-25,2017-10-25,2017-10-26,11.0,2017-11-10,6770,,,MISSING(未上市，首筆 2020-12-09);缺adj,,2017-10-25,,0,TWSE(FMTQIK),complete
tx10-2017-10-25-call,call,2017-10-25,2017-10-25,2017-10-26,12.0,2017-11-13,6770,,,MISSING(未上市，首筆 2020-12-09);缺adj,,2017-10-25,,0,TWSE(FMTQIK),complete
tx10-2017-10-25-call,call,2017-10-25,2017-10-25,2017-10-26,13.0,2017-11-14,6770,,,MISSING(未上市，首筆 2020-12-09);缺adj,,2017-10-25,,0,TWSE(FMTQIK),complete
tx10-2017-10-25-call,call,2017-10-25,2017-10-25,2017-10-26,14.0,2017-11-15,6770,,,MISSING(未上市，首筆 2020-12-09);缺adj,,2017-10-25,,0,TWSE(FMTQIK),complete
tx10-2017-10-25-call,call,2017-10-25,2017-10-25,2017-10-26,15.0,2017-11-16,6770,,,MISSING(未上市，首筆 2020-12-09);缺adj,,2017-10-25,,0,TWSE(FMTQIK),complete
tx10-2017-10-25-call,call,2017-10-25,2017-10-25,2017-10-26,16.0,2017-11-17,6770,,,MISSING(未上市，首筆 2020-12-09);缺adj,,2017-10-25,,0,TWSE(FMTQIK),complete
tx10-2017-10-25-call,call,2017-10-25,2017-10-25,2017-10-26,17.0,2017-11-20,6770,,,MISSING(未上市，首筆 2020-12-09);缺adj,,2017-10-25,,0,TWSE(FMTQIK),complete
tx10-2017-10-25-call,call,2017-10-25,2017-10-25,2017-10-26,18.0,2017-11-21,6770,,,MISSING(未上市，首筆 2020-12-09);缺adj,,2017-10-25,,0,TWSE(FMTQIK),complete
tx10-2017-10-25-call,call,2017-10-25,2017-10-25,2017-10-26,19.0,2017-11-22,6770,,,MISSING(未上市，首筆 2020-12-09);缺adj,,2017-10-25,,0,TWSE(FMTQIK),complete
tx10-2017-10-25-call,call,2017-10-25,2017-10-25,2017-10-26,20.0,2017-11-23,6770,,,MISSING(未上市，首筆 2020-12-09);缺adj,,2017-10-25,,0,TWSE(FMTQIK),complete
tx10-2017-10-25-call,call,2017-10-25,2017-10-25,2017-10-26,0.0,2017-10-26,3711,,,MISSING(未上市，首筆 2018-04-30);缺adj,,2017-10-25,,0,TWSE(FMTQIK),complete
tx10-2017-10-25-call,call,2017-10-25,2017-10-25,2017-10-26,1.0,2017-10-27,3711,,,MISSING(未上市，首筆 2018-04-30);缺adj,,2017-10-25,,0,TWSE(FMTQIK),complete
tx10-2017-10-25-call,call,2017-10-25,2017-10-25,2017-10-26,2.0,2017-10-30,3711,,,MISSING(未上市，首筆 2018-04-30);缺adj,,2017-10-25,,0,TWSE(FMTQIK),complete
tx10-2017-10-25-call,call,2017-10-25,2017-10-25,2017-10-26,3.0,2017-10-31,3711,,,MISSING(未上市，首筆 2018-04-30);缺adj,,2017-10-25,,0,TWSE(FMTQIK),complete
tx10-2017-10-25-call,call,2017-10-25,2017-10-25,2017-10-26,4.0,2017-11-01,3711,,,MISSING(未上市，首筆 2018-04-30);缺adj,,2017-10-25,,0,TWSE(FMTQIK),complete
tx10-2017-10-25-call,call,2017-10-25,2017-10-25,2017-10-26,5.0,2017-11-02,3711,,,MISSING(未上市，首筆 2018-04-30);缺adj,,2017-10-25,,0,TWSE(FMTQIK),complete
tx10-2017-10-25-call,call,2017-10-25,2017-10-25,2017-10-26,6.0,2017-11-03,3711,,,MISSING(未上市，首筆 2018-04-30);缺adj,,2017-10-25,,0,TWSE(FMTQIK),complete
tx10-2017-10-25-call,call,2017-10-25,2017-10-25,2017-10-26,7.0,2017-11-06,3711,,,MISSING(未上市，首筆 2018-04-30);缺adj,,2017-10-25,,0,TWSE(FMTQIK),complete
tx10-2017-10-25-call,call,2017-10-25,2017-10-25,2017-10-26,8.0,2017-11-07,3711,,,MISSING(未上市，首筆 2018-04-30);缺adj,,2017-10-25,,0,TWSE(FMTQIK),complete
tx10-2017-10-25-call,call,2017-10-25,2017-10-25,2017-10-26,9.0,2017-11-08,3711,,,MISSING(未上市，首筆 2018-04-30);缺adj,,2017-10-25,,0,TWSE(FMTQIK),complete
tx10-2017-10-25-call,call,2017-10-25,2017-10-25,2017-10-26,10.0,2017-11-09,3711,,,MISSING(未上市，首筆 2018-04-30);缺adj,,2017-10-25,,0,TWSE(FMTQIK),complete
tx10-2017-10-25-call,call,2017-10-25,2017-10-25,2017-10-26,11.0,2017-11-10,3711,,,MISSING(未上市，首筆 2018-04-30);缺adj,,2017-10-25,,0,TWSE(FMTQIK),complete
tx10-2017-10-25-call,call,2017-10-25,2017-10-25,2017-10-26,12.0,2017-11-13,3711,,,MISSING(未上市，首筆 2018-04-30);缺adj,,2017-10-25,,0,TWSE(FMTQIK),complete
tx10-2017-10-25-call,call,2017-10-25,2017-10-25,2017-10-26,13.0,2017-11-14,3711,,,MISSING(未上市，首筆 2018-04-30);缺adj,,2017-10-25,,0,TWSE(FMTQIK),complete
tx10-2017-10-25-call,call,2017-10-25,2017-10-25,2017-10-26,14.0,2017-11-15,3711,,,MISSING(未上市，首筆 2018-04-30);缺adj,,2017-10-25,,0,TWSE(FMTQIK),complete
tx10-2017-10-25-call,call,2017-10-25,2017-10-25,2017-10-26,15.0,2017-11-16,3711,,,MISSING(未上市，首筆 2018-04-30);缺adj,,2017-10-25,,0,TWSE(FMTQIK),complete
tx10-2017-10-25-call,call,2017-10-25,2017-10-25,2017-10-26,16.0,2017-11-17,3711,,,MISSING(未上市，首筆 2018-04-30);缺adj,,2017-10-25,,0,TWSE(FMTQIK),complete
tx10-2017-10-25-call,call,2017-10-25,2017-10-25,2017-10-26,17.0,2017-11-20,3711,,,MISSING(未上市，首筆 2018-04-30);缺adj,,2017-10-25,,0,TWSE(FMTQIK),complete
tx10-2017-10-25-call,call,2017-10-25,2017-10-25,2017-10-26,18.0,2017-11-21,3711,,,MISSING(未上市，首筆 2018-04-30);缺adj,,2017-10-25,,0,TWSE(FMTQIK),complete
tx10-2017-10-25-call,call,2017-10-25,2017-10-25,2017-10-26,19.0,2017-11-22,3711,,,MISSING(未上市，首筆 2018-04-30);缺adj,,2017-10-25,,0,TWSE(FMTQIK),complete
tx10-2017-10-25-call,call,2017-10-25,2017-10-25,2017-10-26,20.0,2017-11-23,3711,,,MISSING(未上市，首筆 2018-04-30);缺adj,,2017-10-25,,0,TWSE(FMTQIK),complete
tx10-2017-10-25-call,call,2017-10-25,2017-10-25,2017-10-26,0.0,2017-10-26,EW_TW,,0.007910943028567343,n=9/11;缺adj,9.0,2017-10-25,,21,TWSE(FMTQIK),complete
tx10-2017-10-25-call,call,2017-10-25,2017-10-25,2017-10-26,1.0,2017-10-27,EW_TW,,-0.011014430767316638,n=9/11;缺adj,9.0,2017-10-25,,21,TWSE(FMTQIK),complete
tx10-2017-10-25-call,call,2017-10-25,2017-10-25,2017-10-26,2.0,2017-10-30,EW_TW,,-0.020142647519582932,n=9/11;缺adj,9.0,2017-10-25,,21,TWSE(FMTQIK),complete
tx10-2017-10-25-call,call,2017-10-25,2017-10-25,2017-10-26,3.0,2017-10-31,EW_TW,,-0.005425913730645517,n=9/11;缺adj,9.0,2017-10-25,,21,TWSE(FMTQIK),complete
tx10-2017-10-25-call,call,2017-10-25,2017-10-25,2017-10-26,4.0,2017-11-01,EW_TW,,0.020937246606057384,n=9/11;缺adj,9.0,2017-10-25,,21,TWSE(FMTQIK),complete
tx10-2017-10-25-call,call,2017-10-25,2017-10-25,2017-10-26,5.0,2017-11-02,EW_TW,,0.0009164875161481456,n=9/11;缺adj,9.0,2017-10-25,,21,TWSE(FMTQIK),complete
tx10-2017-10-25-call,call,2017-10-25,2017-10-25,2017-10-26,6.0,2017-11-03,EW_TW,,0.004803531352099013,n=9/11;缺adj,9.0,2017-10-25,,21,TWSE(FMTQIK),complete
tx10-2017-10-25-call,call,2017-10-25,2017-10-25,2017-10-26,7.0,2017-11-06,EW_TW,,0.007621393901979023,n=9/11;缺adj,9.0,2017-10-25,,21,TWSE(FMTQIK),complete
tx10-2017-10-25-call,call,2017-10-25,2017-10-25,2017-10-26,8.0,2017-11-07,EW_TW,,0.018199722491520614,n=9/11;缺adj,9.0,2017-10-25,,21,TWSE(FMTQIK),complete
tx10-2017-10-25-call,call,2017-10-25,2017-10-25,2017-10-26,9.0,2017-11-08,EW_TW,,0.02407299338646882,n=9/11;缺adj,9.0,2017-10-25,,21,TWSE(FMTQIK),complete
tx10-2017-10-25-call,call,2017-10-25,2017-10-25,2017-10-26,10.0,2017-11-09,EW_TW,,0.00014031487058042814,n=9/11;缺adj,9.0,2017-10-25,,21,TWSE(FMTQIK),complete
tx10-2017-10-25-call,call,2017-10-25,2017-10-25,2017-10-26,11.0,2017-11-10,EW_TW,,0.0039007345707261867,n=9/11;缺adj,9.0,2017-10-25,,21,TWSE(FMTQIK),complete
tx10-2017-10-25-call,call,2017-10-25,2017-10-25,2017-10-26,12.0,2017-11-13,EW_TW,,-0.021654559506109134,n=9/11;缺adj,9.0,2017-10-25,,21,TWSE(FMTQIK),complete
tx10-2017-10-25-call,call,2017-10-25,2017-10-25,2017-10-26,13.0,2017-11-14,EW_TW,,-0.019683314397196443,n=9/11;缺adj,9.0,2017-10-25,,21,TWSE(FMTQIK),complete
tx10-2017-10-25-call,call,2017-10-25,2017-10-25,2017-10-26,14.0,2017-11-15,EW_TW,,-0.0337734063076478,n=9/11;缺adj,9.0,2017-10-25,,21,TWSE(FMTQIK),complete
tx10-2017-10-25-call,call,2017-10-25,2017-10-25,2017-10-26,15.0,2017-11-16,EW_TW,,-0.034663662018045396,n=9/11;缺adj,9.0,2017-10-25,,21,TWSE(FMTQIK),complete
tx10-2017-10-25-call,call,2017-10-25,2017-10-25,2017-10-26,16.0,2017-11-17,EW_TW,,-0.020510191346428827,n=9/11;缺adj,9.0,2017-10-25,,21,TWSE(FMTQIK),complete
tx10-2017-10-25-call,call,2017-10-25,2017-10-25,2017-10-26,17.0,2017-11-20,EW_TW,,-0.014483401473989866,n=9/11;缺adj,9.0,2017-10-25,,21,TWSE(FMTQIK),complete
tx10-2017-10-25-call,call,2017-10-25,2017-10-25,2017-10-26,18.0,2017-11-21,EW_TW,,-0.011791629702902904,n=9/11;缺adj,9.0,2017-10-25,,21,TWSE(FMTQIK),complete
tx10-2017-10-25-call,call,2017-10-25,2017-10-25,2017-10-26,19.0,2017-11-22,EW_TW,,-0.008990021431674242,n=9/11;缺adj,9.0,2017-10-25,,21,TWSE(FMTQIK),complete
tx10-2017-10-25-call,call,2017-10-25,2017-10-25,2017-10-26,20.0,2017-11-23,EW_TW,,0.0017832539804427672,n=9/11;缺adj,9.0,2017-10-25,,21,TWSE(FMTQIK),complete
tx10-2017-10-25-call,call,2017-10-25,2017-10-25,缺,,缺,NET,,,MISSING(未上市，首筆 2019-09-13),,缺,,0,US(own bars),complete
tx12-2017-11-29-call,call,2017-11-29,2017-11-29,2017-11-30,0.0,2017-11-30,TAIEX,10560.44,-0.014291247999029144,缺adj,,2017-11-29,10713.55,21,TWSE(FMTQIK),complete
tx12-2017-11-29-call,call,2017-11-29,2017-11-29,2017-11-30,1.0,2017-12-01,TAIEX,10600.37,-0.010564192074522305,缺adj,,2017-11-29,10713.55,21,TWSE(FMTQIK),complete
tx12-2017-11-29-call,call,2017-11-29,2017-11-29,2017-11-30,2.0,2017-12-04,TAIEX,10651.11,-0.005828133531835755,缺adj,,2017-11-29,10713.55,21,TWSE(FMTQIK),complete
tx12-2017-11-29-call,call,2017-11-29,2017-11-29,2017-11-30,3.0,2017-12-05,TAIEX,10566.85,-0.013692940248563601,缺adj,,2017-11-29,10713.55,21,TWSE(FMTQIK),complete
tx12-2017-11-29-call,call,2017-11-29,2017-11-29,2017-11-30,4.0,2017-12-06,TAIEX,10393.92,-0.029834181947160254,缺adj,,2017-11-29,10713.55,21,TWSE(FMTQIK),complete
tx12-2017-11-29-call,call,2017-11-29,2017-11-29,2017-11-30,5.0,2017-12-07,TAIEX,10355.76,-0.03339602652715479,缺adj,,2017-11-29,10713.55,21,TWSE(FMTQIK),complete
tx12-2017-11-29-call,call,2017-11-29,2017-11-29,2017-11-30,6.0,2017-12-08,TAIEX,10398.62,-0.02939548515664725,缺adj,,2017-11-29,10713.55,21,TWSE(FMTQIK),complete
tx12-2017-11-29-call,call,2017-11-29,2017-11-29,2017-11-30,7.0,2017-12-11,TAIEX,10473.09,-0.022444474520583624,缺adj,,2017-11-29,10713.55,21,TWSE(FMTQIK),complete
tx12-2017-11-29-call,call,2017-11-29,2017-11-29,2017-11-30,8.0,2017-12-12,TAIEX,10443.28,-0.02522693224934769,缺adj,,2017-11-29,10713.55,21,TWSE(FMTQIK),complete
tx12-2017-11-29-call,call,2017-11-29,2017-11-29,2017-11-30,9.0,2017-12-13,TAIEX,10470.7,-0.022667556505546527,缺adj,,2017-11-29,10713.55,21,TWSE(FMTQIK),complete
tx12-2017-11-29-call,call,2017-11-29,2017-11-29,2017-11-30,10.0,2017-12-14,TAIEX,10538.01,-0.01638485842694526,缺adj,,2017-11-29,10713.55,21,TWSE(FMTQIK),complete
tx12-2017-11-29-call,call,2017-11-29,2017-11-29,2017-11-30,11.0,2017-12-15,TAIEX,10491.44,-0.020731690242729917,缺adj,,2017-11-29,10713.55,21,TWSE(FMTQIK),complete
tx12-2017-11-29-call,call,2017-11-29,2017-11-29,2017-11-30,12.0,2017-12-18,TAIEX,10506.52,-0.019324126923381924,缺adj,,2017-11-29,10713.55,21,TWSE(FMTQIK),complete
tx12-2017-11-29-call,call,2017-11-29,2017-11-29,2017-11-30,13.0,2017-12-19,TAIEX,10467.34,-0.02298117804089206,缺adj,,2017-11-29,10713.55,21,TWSE(FMTQIK),complete
tx12-2017-11-29-call,call,2017-11-29,2017-11-29,2017-11-30,14.0,2017-12-20,TAIEX,10504.52,-0.019510806408706616,缺adj,,2017-11-29,10713.55,21,TWSE(FMTQIK),complete
tx12-2017-11-29-call,call,2017-11-29,2017-11-29,2017-11-30,15.0,2017-12-21,TAIEX,10488.97,-0.020962239407105954,缺adj,,2017-11-29,10713.55,21,TWSE(FMTQIK),complete
tx12-2017-11-29-call,call,2017-11-29,2017-11-29,2017-11-30,16.0,2017-12-22,TAIEX,10537.27,-0.01645392983651528,缺adj,,2017-11-29,10713.55,21,TWSE(FMTQIK),complete
tx12-2017-11-29-call,call,2017-11-29,2017-11-29,2017-11-30,17.0,2017-12-25,TAIEX,10522.49,-0.017833491233064658,缺adj,,2017-11-29,10713.55,21,TWSE(FMTQIK),complete
tx12-2017-11-29-call,call,2017-11-29,2017-11-29,2017-11-30,18.0,2017-12-26,TAIEX,10421.91,-0.02722160255004169,缺adj,,2017-11-29,10713.55,21,TWSE(FMTQIK),complete
tx12-2017-11-29-call,call,2017-11-29,2017-11-29,2017-11-30,19.0,2017-12-27,TAIEX,10486.67,-0.02117692081522926,缺adj,,2017-11-29,10713.55,21,TWSE(FMTQIK),complete
tx12-2017-11-29-call,call,2017-11-29,2017-11-29,2017-11-30,20.0,2017-12-28,TAIEX,10567.64,-0.013619201851860496,缺adj,,2017-11-29,10713.55,21,TWSE(FMTQIK),complete
tx12-2017-11-29-call,call,2017-11-29,2017-11-29,2017-11-30,0.0,2017-11-30,3037,15.6,0.009708737864077666,缺adj,,2017-11-29,15.45,21,TWSE(FMTQIK),complete
tx12-2017-11-29-call,call,2017-11-29,2017-11-29,2017-11-30,1.0,2017-12-01,3037,15.2,-0.016181229773462813,缺adj,,2017-11-29,15.45,21,TWSE(FMTQIK),complete
tx12-2017-11-29-call,call,2017-11-29,2017-11-29,2017-11-30,2.0,2017-12-04,3037,15.4,-0.003236245954692518,缺adj,,2017-11-29,15.45,21,TWSE(FMTQIK),complete
tx12-2017-11-29-call,call,2017-11-29,2017-11-29,2017-11-30,3.0,2017-12-05,3037,15.05,-0.025889967637540368,缺adj,,2017-11-29,15.45,21,TWSE(FMTQIK),complete
tx12-2017-11-29-call,call,2017-11-29,2017-11-29,2017-11-30,4.0,2017-12-06,3037,15.8,0.02265372168284796,缺adj,,2017-11-29,15.45,21,TWSE(FMTQIK),complete
tx12-2017-11-29-call,call,2017-11-29,2017-11-29,2017-11-30,5.0,2017-12-07,3037,16.45,0.06472491909385103,缺adj,,2017-11-29,15.45,21,TWSE(FMTQIK),complete
tx12-2017-11-29-call,call,2017-11-29,2017-11-29,2017-11-30,6.0,2017-12-08,3037,15.65,0.012944983818770295,缺adj,,2017-11-29,15.45,21,TWSE(FMTQIK),complete
tx12-2017-11-29-call,call,2017-11-29,2017-11-29,2017-11-30,7.0,2017-12-11,3037,15.65,0.012944983818770295,缺adj,,2017-11-29,15.45,21,TWSE(FMTQIK),complete
tx12-2017-11-29-call,call,2017-11-29,2017-11-29,2017-11-30,8.0,2017-12-12,3037,17.1,0.10679611650485454,缺adj,,2017-11-29,15.45,21,TWSE(FMTQIK),complete
tx12-2017-11-29-call,call,2017-11-29,2017-11-29,2017-11-30,9.0,2017-12-13,3037,17.8,0.15210355987055024,缺adj,,2017-11-29,15.45,21,TWSE(FMTQIK),complete
tx12-2017-11-29-call,call,2017-11-29,2017-11-29,2017-11-30,10.0,2017-12-14,3037,17.9,0.15857605177993528,缺adj,,2017-11-29,15.45,21,TWSE(FMTQIK),complete
tx12-2017-11-29-call,call,2017-11-29,2017-11-29,2017-11-30,11.0,2017-12-15,3037,17.55,0.13592233009708754,缺adj,,2017-11-29,15.45,21,TWSE(FMTQIK),complete
tx12-2017-11-29-call,call,2017-11-29,2017-11-29,2017-11-30,12.0,2017-12-18,3037,17.45,0.12944983818770228,缺adj,,2017-11-29,15.45,21,TWSE(FMTQIK),complete
tx12-2017-11-29-call,call,2017-11-29,2017-11-29,2017-11-30,13.0,2017-12-19,3037,17.05,0.10355987055016191,缺adj,,2017-11-29,15.45,21,TWSE(FMTQIK),complete
tx12-2017-11-29-call,call,2017-11-29,2017-11-29,2017-11-30,14.0,2017-12-20,3037,17.65,0.14239482200647235,缺adj,,2017-11-29,15.45,21,TWSE(FMTQIK),complete
tx12-2017-11-29-call,call,2017-11-29,2017-11-29,2017-11-30,15.0,2017-12-21,3037,17.3,0.11974110032362462,缺adj,,2017-11-29,15.45,21,TWSE(FMTQIK),complete
tx12-2017-11-29-call,call,2017-11-29,2017-11-29,2017-11-30,16.0,2017-12-22,3037,17.35,0.12297734627831725,缺adj,,2017-11-29,15.45,21,TWSE(FMTQIK),complete
tx12-2017-11-29-call,call,2017-11-29,2017-11-29,2017-11-30,17.0,2017-12-25,3037,17.25,0.11650485436893199,缺adj,,2017-11-29,15.45,21,TWSE(FMTQIK),complete
tx12-2017-11-29-call,call,2017-11-29,2017-11-29,2017-11-30,18.0,2017-12-26,3037,16.75,0.08414239482200658,缺adj,,2017-11-29,15.45,21,TWSE(FMTQIK),complete
tx12-2017-11-29-call,call,2017-11-29,2017-11-29,2017-11-30,19.0,2017-12-27,3037,16.75,0.08414239482200658,缺adj,,2017-11-29,15.45,21,TWSE(FMTQIK),complete
tx12-2017-11-29-call,call,2017-11-29,2017-11-29,2017-11-30,20.0,2017-12-28,3037,16.55,0.07119741100323629,缺adj,,2017-11-29,15.45,21,TWSE(FMTQIK),complete
tx12-2017-11-29-call,call,2017-11-29,2017-11-29,2017-11-30,0.0,2017-11-30,8046,25.35,-0.015533980582524198,缺adj,,2017-11-29,25.75,21,TWSE(FMTQIK),complete
tx12-2017-11-29-call,call,2017-11-29,2017-11-29,2017-11-30,1.0,2017-12-01,8046,25.6,-0.005825242718446533,缺adj,,2017-11-29,25.75,21,TWSE(FMTQIK),complete
tx12-2017-11-29-call,call,2017-11-29,2017-11-29,2017-11-30,2.0,2017-12-04,8046,26.1,0.013592233009708687,缺adj,,2017-11-29,25.75,21,TWSE(FMTQIK),complete
tx12-2017-11-29-call,call,2017-11-29,2017-11-29,2017-11-30,3.0,2017-12-05,8046,26.2,0.01747572815533971,缺adj,,2017-11-29,25.75,21,TWSE(FMTQIK),complete
tx12-2017-11-29-call,call,2017-11-29,2017-11-29,2017-11-30,4.0,2017-12-06,8046,26.2,0.01747572815533971,缺adj,,2017-11-29,25.75,21,TWSE(FMTQIK),complete
tx12-2017-11-29-call,call,2017-11-29,2017-11-29,2017-11-30,5.0,2017-12-07,8046,26.2,0.01747572815533971,缺adj,,2017-11-29,25.75,21,TWSE(FMTQIK),complete
tx12-2017-11-29-call,call,2017-11-29,2017-11-29,2017-11-30,6.0,2017-12-08,8046,25.6,-0.005825242718446533,缺adj,,2017-11-29,25.75,21,TWSE(FMTQIK),complete
tx12-2017-11-29-call,call,2017-11-29,2017-11-29,2017-11-30,7.0,2017-12-11,8046,25.6,-0.005825242718446533,缺adj,,2017-11-29,25.75,21,TWSE(FMTQIK),complete
tx12-2017-11-29-call,call,2017-11-29,2017-11-29,2017-11-30,8.0,2017-12-12,8046,25.65,-0.003883495145631133,缺adj,,2017-11-29,25.75,21,TWSE(FMTQIK),complete
tx12-2017-11-29-call,call,2017-11-29,2017-11-29,2017-11-30,9.0,2017-12-13,8046,26.0,0.009708737864077666,缺adj,,2017-11-29,25.75,21,TWSE(FMTQIK),complete
tx12-2017-11-29-call,call,2017-11-29,2017-11-29,2017-11-30,10.0,2017-12-14,8046,26.2,0.01747572815533971,缺adj,,2017-11-29,25.75,21,TWSE(FMTQIK),complete
tx12-2017-11-29-call,call,2017-11-29,2017-11-29,2017-11-30,11.0,2017-12-15,8046,26.4,0.025242718446601975,缺adj,,2017-11-29,25.75,21,TWSE(FMTQIK),complete
tx12-2017-11-29-call,call,2017-11-29,2017-11-29,2017-11-30,12.0,2017-12-18,8046,26.5,0.029126213592232997,缺adj,,2017-11-29,25.75,21,TWSE(FMTQIK),complete
tx12-2017-11-29-call,call,2017-11-29,2017-11-29,2017-11-30,13.0,2017-12-19,8046,26.4,0.025242718446601975,缺adj,,2017-11-29,25.75,21,TWSE(FMTQIK),complete
tx12-2017-11-29-call,call,2017-11-29,2017-11-29,2017-11-30,14.0,2017-12-20,8046,26.2,0.01747572815533971,缺adj,,2017-11-29,25.75,21,TWSE(FMTQIK),complete
tx12-2017-11-29-call,call,2017-11-29,2017-11-29,2017-11-30,15.0,2017-12-21,8046,26.3,0.021359223300970953,缺adj,,2017-11-29,25.75,21,TWSE(FMTQIK),complete
tx12-2017-11-29-call,call,2017-11-29,2017-11-29,2017-11-30,16.0,2017-12-22,8046,26.0,0.009708737864077666,缺adj,,2017-11-29,25.75,21,TWSE(FMTQIK),complete
tx12-2017-11-29-call,call,2017-11-29,2017-11-29,2017-11-30,17.0,2017-12-25,8046,26.5,0.029126213592232997,缺adj,,2017-11-29,25.75,21,TWSE(FMTQIK),complete
tx12-2017-11-29-call,call,2017-11-29,2017-11-29,2017-11-30,18.0,2017-12-26,8046,26.05,0.011650485436893288,缺adj,,2017-11-29,25.75,21,TWSE(FMTQIK),complete
tx12-2017-11-29-call,call,2017-11-29,2017-11-29,2017-11-30,19.0,2017-12-27,8046,25.85,0.003883495145631022,缺adj,,2017-11-29,25.75,21,TWSE(FMTQIK),complete
tx12-2017-11-29-call,call,2017-11-29,2017-11-29,2017-11-30,20.0,2017-12-28,8046,26.15,0.01553398058252431,缺adj,,2017-11-29,25.75,21,TWSE(FMTQIK),complete
tx12-2017-11-29-call,call,2017-11-29,2017-11-29,2017-11-30,0.0,2017-11-30,3189,71.7,-0.015109890109890056,缺adj,,2017-11-29,72.8,21,TWSE(FMTQIK),complete
tx12-2017-11-29-call,call,2017-11-29,2017-11-29,2017-11-30,1.0,2017-12-01,3189,72.8,0.0,缺adj,,2017-11-29,72.8,21,TWSE(FMTQIK),complete
tx12-2017-11-29-call,call,2017-11-29,2017-11-29,2017-11-30,2.0,2017-12-04,3189,65.6,-0.098901098901099,缺adj,,2017-11-29,72.8,21,TWSE(FMTQIK),complete
tx12-2017-11-29-call,call,2017-11-29,2017-11-29,2017-11-30,3.0,2017-12-05,3189,64.0,-0.1208791208791209,缺adj,,2017-11-29,72.8,21,TWSE(FMTQIK),complete
tx12-2017-11-29-call,call,2017-11-29,2017-11-29,2017-11-30,4.0,2017-12-06,3189,59.6,-0.18131868131868123,缺adj,,2017-11-29,72.8,21,TWSE(FMTQIK),complete
tx12-2017-11-29-call,call,2017-11-29,2017-11-29,2017-11-30,5.0,2017-12-07,3189,57.7,-0.20741758241758235,缺adj,,2017-11-29,72.8,21,TWSE(FMTQIK),complete
tx12-2017-11-29-call,call,2017-11-29,2017-11-29,2017-11-30,6.0,2017-12-08,3189,56.6,-0.22252747252747251,缺adj,,2017-11-29,72.8,21,TWSE(FMTQIK),complete
tx12-2017-11-29-call,call,2017-11-29,2017-11-29,2017-11-30,7.0,2017-12-11,3189,57.4,-0.21153846153846156,缺adj,,2017-11-29,72.8,21,TWSE(FMTQIK),complete
tx12-2017-11-29-call,call,2017-11-29,2017-11-29,2017-11-30,8.0,2017-12-12,3189,55.3,-0.24038461538461542,缺adj,,2017-11-29,72.8,21,TWSE(FMTQIK),complete
tx12-2017-11-29-call,call,2017-11-29,2017-11-29,2017-11-30,9.0,2017-12-13,3189,54.2,-0.2554945054945055,缺adj,,2017-11-29,72.8,21,TWSE(FMTQIK),complete
tx12-2017-11-29-call,call,2017-11-29,2017-11-29,2017-11-30,10.0,2017-12-14,3189,54.3,-0.2541208791208791,缺adj,,2017-11-29,72.8,21,TWSE(FMTQIK),complete
tx12-2017-11-29-call,call,2017-11-29,2017-11-29,2017-11-30,11.0,2017-12-15,3189,54.6,-0.25,缺adj,,2017-11-29,72.8,21,TWSE(FMTQIK),complete
tx12-2017-11-29-call,call,2017-11-29,2017-11-29,2017-11-30,12.0,2017-12-18,3189,55.3,-0.24038461538461542,缺adj,,2017-11-29,72.8,21,TWSE(FMTQIK),complete
tx12-2017-11-29-call,call,2017-11-29,2017-11-29,2017-11-30,13.0,2017-12-19,3189,54.5,-0.25137362637362637,缺adj,,2017-11-29,72.8,21,TWSE(FMTQIK),complete
tx12-2017-11-29-call,call,2017-11-29,2017-11-29,2017-11-30,14.0,2017-12-20,3189,56.2,-0.228021978021978,缺adj,,2017-11-29,72.8,21,TWSE(FMTQIK),complete
tx12-2017-11-29-call,call,2017-11-29,2017-11-29,2017-11-30,15.0,2017-12-21,3189,55.1,-0.24313186813186805,缺adj,,2017-11-29,72.8,21,TWSE(FMTQIK),complete
tx12-2017-11-29-call,call,2017-11-29,2017-11-29,2017-11-30,16.0,2017-12-22,3189,55.5,-0.23763736263736257,缺adj,,2017-11-29,72.8,21,TWSE(FMTQIK),complete
tx12-2017-11-29-call,call,2017-11-29,2017-11-29,2017-11-30,17.0,2017-12-25,3189,56.1,-0.22939560439560436,缺adj,,2017-11-29,72.8,21,TWSE(FMTQIK),complete
tx12-2017-11-29-call,call,2017-11-29,2017-11-29,2017-11-30,18.0,2017-12-26,3189,57.0,-0.21703296703296704,缺adj,,2017-11-29,72.8,21,TWSE(FMTQIK),complete
tx12-2017-11-29-call,call,2017-11-29,2017-11-29,2017-11-30,19.0,2017-12-27,3189,53.6,-0.2637362637362637,缺adj,,2017-11-29,72.8,21,TWSE(FMTQIK),complete
tx12-2017-11-29-call,call,2017-11-29,2017-11-29,2017-11-30,20.0,2017-12-28,3189,53.9,-0.2596153846153846,缺adj,,2017-11-29,72.8,21,TWSE(FMTQIK),complete
tx12-2017-11-29-call,call,2017-11-29,2017-11-29,2017-11-30,0.0,2017-11-30,2368,10.25,-0.009661835748792202,缺adj,,2017-11-29,10.35,21,TWSE(FMTQIK),complete
tx12-2017-11-29-call,call,2017-11-29,2017-11-29,2017-11-30,1.0,2017-12-01,2368,10.0,-0.033816425120772875,缺adj,,2017-11-29,10.35,21,TWSE(FMTQIK),complete
tx12-2017-11-29-call,call,2017-11-29,2017-11-29,2017-11-30,2.0,2017-12-04,2368,10.4,0.004830917874396157,缺adj,,2017-11-29,10.35,21,TWSE(FMTQIK),complete
tx12-2017-11-29-call,call,2017-11-29,2017-11-29,2017-11-30,3.0,2017-12-05,2368,10.3,-0.004830917874396046,缺adj,,2017-11-29,10.35,21,TWSE(FMTQIK),complete
tx12-2017-11-29-call,call,2017-11-29,2017-11-29,2017-11-30,4.0,2017-12-06,2368,10.2,-0.01449275362318847,缺adj,,2017-11-29,10.35,21,TWSE(FMTQIK),complete
tx12-2017-11-29-call,call,2017-11-29,2017-11-29,2017-11-30,5.0,2017-12-07,2368,10.1,-0.024154589371980673,缺adj,,2017-11-29,10.35,21,TWSE(FMTQIK),complete
tx12-2017-11-29-call,call,2017-11-29,2017-11-29,2017-11-30,6.0,2017-12-08,2368,10.1,-0.024154589371980673,缺adj,,2017-11-29,10.35,21,TWSE(FMTQIK),complete
tx12-2017-11-29-call,call,2017-11-29,2017-11-29,2017-11-30,7.0,2017-12-11,2368,10.3,-0.004830917874396046,缺adj,,2017-11-29,10.35,21,TWSE(FMTQIK),complete
tx12-2017-11-29-call,call,2017-11-29,2017-11-29,2017-11-30,8.0,2017-12-12,2368,10.5,0.01449275362318847,缺adj,,2017-11-29,10.35,21,TWSE(FMTQIK),complete
tx12-2017-11-29-call,call,2017-11-29,2017-11-29,2017-11-30,9.0,2017-12-13,2368,10.5,0.01449275362318847,缺adj,,2017-11-29,10.35,21,TWSE(FMTQIK),complete
tx12-2017-11-29-call,call,2017-11-29,2017-11-29,2017-11-30,10.0,2017-12-14,2368,10.5,0.01449275362318847,缺adj,,2017-11-29,10.35,21,TWSE(FMTQIK),complete
tx12-2017-11-29-call,call,2017-11-29,2017-11-29,2017-11-30,11.0,2017-12-15,2368,10.4,0.004830917874396157,缺adj,,2017-11-29,10.35,21,TWSE(FMTQIK),complete
tx12-2017-11-29-call,call,2017-11-29,2017-11-29,2017-11-30,12.0,2017-12-18,2368,10.45,0.009661835748792313,缺adj,,2017-11-29,10.35,21,TWSE(FMTQIK),complete
tx12-2017-11-29-call,call,2017-11-29,2017-11-29,2017-11-30,13.0,2017-12-19,2368,10.35,0.0,缺adj,,2017-11-29,10.35,21,TWSE(FMTQIK),complete
tx12-2017-11-29-call,call,2017-11-29,2017-11-29,2017-11-30,14.0,2017-12-20,2368,10.8,0.04347826086956541,缺adj,,2017-11-29,10.35,21,TWSE(FMTQIK),complete
tx12-2017-11-29-call,call,2017-11-29,2017-11-29,2017-11-30,15.0,2017-12-21,2368,10.8,0.04347826086956541,缺adj,,2017-11-29,10.35,21,TWSE(FMTQIK),complete
tx12-2017-11-29-call,call,2017-11-29,2017-11-29,2017-11-30,16.0,2017-12-22,2368,10.75,0.03864734299516903,缺adj,,2017-11-29,10.35,21,TWSE(FMTQIK),complete
tx12-2017-11-29-call,call,2017-11-29,2017-11-29,2017-11-30,17.0,2017-12-25,2368,10.8,0.04347826086956541,缺adj,,2017-11-29,10.35,21,TWSE(FMTQIK),complete
tx12-2017-11-29-call,call,2017-11-29,2017-11-29,2017-11-30,18.0,2017-12-26,2368,10.65,0.02898550724637694,缺adj,,2017-11-29,10.35,21,TWSE(FMTQIK),complete
tx12-2017-11-29-call,call,2017-11-29,2017-11-29,2017-11-30,19.0,2017-12-27,2368,10.65,0.02898550724637694,缺adj,,2017-11-29,10.35,21,TWSE(FMTQIK),complete
tx12-2017-11-29-call,call,2017-11-29,2017-11-29,2017-11-30,20.0,2017-12-28,2368,10.55,0.019323671497584627,缺adj,,2017-11-29,10.35,21,TWSE(FMTQIK),complete
tx12-2017-11-29-call,call,2017-11-29,2017-11-29,2017-11-30,0.0,2017-11-30,2383,114.0,-0.029787234042553234,缺adj,,2017-11-29,117.5,21,TWSE(FMTQIK),complete
tx12-2017-11-29-call,call,2017-11-29,2017-11-29,2017-11-30,1.0,2017-12-01,2383,109.0,-0.07234042553191489,缺adj,,2017-11-29,117.5,21,TWSE(FMTQIK),complete
tx12-2017-11-29-call,call,2017-11-29,2017-11-29,2017-11-30,2.0,2017-12-04,2383,111.0,-0.05531914893617018,缺adj,,2017-11-29,117.5,21,TWSE(FMTQIK),complete
tx12-2017-11-29-call,call,2017-11-29,2017-11-29,2017-11-30,3.0,2017-12-05,2383,108.5,-0.07659574468085106,缺adj,,2017-11-29,117.5,21,TWSE(FMTQIK),complete
tx12-2017-11-29-call,call,2017-11-29,2017-11-29,2017-11-30,4.0,2017-12-06,2383,97.7,-0.16851063829787227,缺adj,,2017-11-29,117.5,21,TWSE(FMTQIK),complete
tx12-2017-11-29-call,call,2017-11-29,2017-11-29,2017-11-30,5.0,2017-12-07,2383,98.3,-0.16340425531914893,缺adj,,2017-11-29,117.5,21,TWSE(FMTQIK),complete
tx12-2017-11-29-call,call,2017-11-29,2017-11-29,2017-11-30,6.0,2017-12-08,2383,96.2,-0.1812765957446808,缺adj,,2017-11-29,117.5,21,TWSE(FMTQIK),complete
tx12-2017-11-29-call,call,2017-11-29,2017-11-29,2017-11-30,7.0,2017-12-11,2383,94.0,-0.19999999999999996,缺adj,,2017-11-29,117.5,21,TWSE(FMTQIK),complete
tx12-2017-11-29-call,call,2017-11-29,2017-11-29,2017-11-30,8.0,2017-12-12,2383,91.5,-0.22127659574468084,缺adj,,2017-11-29,117.5,21,TWSE(FMTQIK),complete
tx12-2017-11-29-call,call,2017-11-29,2017-11-29,2017-11-30,9.0,2017-12-13,2383,92.7,-0.21106382978723404,缺adj,,2017-11-29,117.5,21,TWSE(FMTQIK),complete
tx12-2017-11-29-call,call,2017-11-29,2017-11-29,2017-11-30,10.0,2017-12-14,2383,94.0,-0.19999999999999996,缺adj,,2017-11-29,117.5,21,TWSE(FMTQIK),complete
tx12-2017-11-29-call,call,2017-11-29,2017-11-29,2017-11-30,11.0,2017-12-15,2383,94.3,-0.19744680851063834,缺adj,,2017-11-29,117.5,21,TWSE(FMTQIK),complete
tx12-2017-11-29-call,call,2017-11-29,2017-11-29,2017-11-30,12.0,2017-12-18,2383,94.5,-0.19574468085106378,缺adj,,2017-11-29,117.5,21,TWSE(FMTQIK),complete
tx12-2017-11-29-call,call,2017-11-29,2017-11-29,2017-11-30,13.0,2017-12-19,2383,94.5,-0.19574468085106378,缺adj,,2017-11-29,117.5,21,TWSE(FMTQIK),complete
tx12-2017-11-29-call,call,2017-11-29,2017-11-29,2017-11-30,14.0,2017-12-20,2383,103.5,-0.11914893617021272,缺adj,,2017-11-29,117.5,21,TWSE(FMTQIK),complete
tx12-2017-11-29-call,call,2017-11-29,2017-11-29,2017-11-30,15.0,2017-12-21,2383,100.5,-0.14468085106382977,缺adj,,2017-11-29,117.5,21,TWSE(FMTQIK),complete
tx12-2017-11-29-call,call,2017-11-29,2017-11-29,2017-11-30,16.0,2017-12-22,2383,98.1,-0.1651063829787235,缺adj,,2017-11-29,117.5,21,TWSE(FMTQIK),complete
tx12-2017-11-29-call,call,2017-11-29,2017-11-29,2017-11-30,17.0,2017-12-25,2383,96.6,-0.17787234042553202,缺adj,,2017-11-29,117.5,21,TWSE(FMTQIK),complete
tx12-2017-11-29-call,call,2017-11-29,2017-11-29,2017-11-30,18.0,2017-12-26,2383,92.4,-0.21361702127659565,缺adj,,2017-11-29,117.5,21,TWSE(FMTQIK),complete
tx12-2017-11-29-call,call,2017-11-29,2017-11-29,2017-11-30,19.0,2017-12-27,2383,94.9,-0.19234042553191488,缺adj,,2017-11-29,117.5,21,TWSE(FMTQIK),complete
tx12-2017-11-29-call,call,2017-11-29,2017-11-29,2017-11-30,20.0,2017-12-28,2383,97.0,-0.174468085106383,缺adj,,2017-11-29,117.5,21,TWSE(FMTQIK),complete
tx12-2017-11-29-call,call,2017-11-29,2017-11-29,2017-11-30,0.0,2017-11-30,6213,65.6,-0.016491754122938684,缺adj,,2017-11-29,66.7,21,TWSE(FMTQIK),complete
tx12-2017-11-29-call,call,2017-11-29,2017-11-29,2017-11-30,1.0,2017-12-01,6213,64.5,-0.03298350824587715,缺adj,,2017-11-29,66.7,21,TWSE(FMTQIK),complete
tx12-2017-11-29-call,call,2017-11-29,2017-11-29,2017-11-30,2.0,2017-12-04,6213,66.8,0.0014992503748125774,缺adj,,2017-11-29,66.7,21,TWSE(FMTQIK),complete
tx12-2017-11-29-call,call,2017-11-29,2017-11-29,2017-11-30,3.0,2017-12-05,6213,65.2,-0.022488755622188883,缺adj,,2017-11-29,66.7,21,TWSE(FMTQIK),complete
tx12-2017-11-29-call,call,2017-11-29,2017-11-29,2017-11-30,4.0,2017-12-06,6213,63.7,-0.044977511244377766,缺adj,,2017-11-29,66.7,21,TWSE(FMTQIK),complete
tx12-2017-11-29-call,call,2017-11-29,2017-11-29,2017-11-30,5.0,2017-12-07,6213,64.0,-0.040479760119940034,缺adj,,2017-11-29,66.7,21,TWSE(FMTQIK),complete
tx12-2017-11-29-call,call,2017-11-29,2017-11-29,2017-11-30,6.0,2017-12-08,6213,63.3,-0.0509745127436283,缺adj,,2017-11-29,66.7,21,TWSE(FMTQIK),complete
tx12-2017-11-29-call,call,2017-11-29,2017-11-29,2017-11-30,7.0,2017-12-11,6213,67.3,0.008995502248875464,缺adj,,2017-11-29,66.7,21,TWSE(FMTQIK),complete
tx12-2017-11-29-call,call,2017-11-29,2017-11-29,2017-11-30,8.0,2017-12-12,6213,66.6,-0.0014992503748126884,缺adj,,2017-11-29,66.7,21,TWSE(FMTQIK),complete
tx12-2017-11-29-call,call,2017-11-29,2017-11-29,2017-11-30,9.0,2017-12-13,6213,66.1,-0.008995502248875686,缺adj,,2017-11-29,66.7,21,TWSE(FMTQIK),complete
tx12-2017-11-29-call,call,2017-11-29,2017-11-29,2017-11-30,10.0,2017-12-14,6213,64.5,-0.03298350824587715,缺adj,,2017-11-29,66.7,21,TWSE(FMTQIK),complete
tx12-2017-11-29-call,call,2017-11-29,2017-11-29,2017-11-30,11.0,2017-12-15,6213,63.0,-0.05547226386806603,缺adj,,2017-11-29,66.7,21,TWSE(FMTQIK),complete
tx12-2017-11-29-call,call,2017-11-29,2017-11-29,2017-11-30,12.0,2017-12-18,6213,64.8,-0.028485757121439415,缺adj,,2017-11-29,66.7,21,TWSE(FMTQIK),complete
tx12-2017-11-29-call,call,2017-11-29,2017-11-29,2017-11-30,13.0,2017-12-19,6213,65.5,-0.01799100449775115,缺adj,,2017-11-29,66.7,21,TWSE(FMTQIK),complete
tx12-2017-11-29-call,call,2017-11-29,2017-11-29,2017-11-30,14.0,2017-12-20,6213,64.5,-0.03298350824587715,缺adj,,2017-11-29,66.7,21,TWSE(FMTQIK),complete
tx12-2017-11-29-call,call,2017-11-29,2017-11-29,2017-11-30,15.0,2017-12-21,6213,64.4,-0.03448275862068961,缺adj,,2017-11-29,66.7,21,TWSE(FMTQIK),complete
tx12-2017-11-29-call,call,2017-11-29,2017-11-29,2017-11-30,16.0,2017-12-22,6213,64.3,-0.0359820089955023,缺adj,,2017-11-29,66.7,21,TWSE(FMTQIK),complete
tx12-2017-11-29-call,call,2017-11-29,2017-11-29,2017-11-30,17.0,2017-12-25,6213,62.6,-0.06146926536731634,缺adj,,2017-11-29,66.7,21,TWSE(FMTQIK),complete
tx12-2017-11-29-call,call,2017-11-29,2017-11-29,2017-11-30,18.0,2017-12-26,6213,60.1,-0.09895052473763122,缺adj,,2017-11-29,66.7,21,TWSE(FMTQIK),complete
tx12-2017-11-29-call,call,2017-11-29,2017-11-29,2017-11-30,19.0,2017-12-27,6213,61.8,-0.07346326836581718,缺adj,,2017-11-29,66.7,21,TWSE(FMTQIK),complete
tx12-2017-11-29-call,call,2017-11-29,2017-11-29,2017-11-30,20.0,2017-12-28,6213,62.1,-0.06896551724137934,缺adj,,2017-11-29,66.7,21,TWSE(FMTQIK),complete
tx12-2017-11-29-call,call,2017-11-29,2017-11-29,2017-11-30,0.0,2017-11-30,6274,86.0,0.033653846153846034,缺adj,,2017-11-29,83.2,21,TWSE(FMTQIK),complete
tx12-2017-11-29-call,call,2017-11-29,2017-11-29,2017-11-30,1.0,2017-12-01,6274,83.1,-0.0012019230769231282,缺adj,,2017-11-29,83.2,21,TWSE(FMTQIK),complete
tx12-2017-11-29-call,call,2017-11-29,2017-11-29,2017-11-30,2.0,2017-12-04,6274,80.0,-0.03846153846153855,缺adj,,2017-11-29,83.2,21,TWSE(FMTQIK),complete
tx12-2017-11-29-call,call,2017-11-29,2017-11-29,2017-11-30,3.0,2017-12-05,6274,78.8,-0.05288461538461542,缺adj,,2017-11-29,83.2,21,TWSE(FMTQIK),complete
tx12-2017-11-29-call,call,2017-11-29,2017-11-29,2017-11-30,4.0,2017-12-06,6274,74.2,-0.10817307692307687,缺adj,,2017-11-29,83.2,21,TWSE(FMTQIK),complete
tx12-2017-11-29-call,call,2017-11-29,2017-11-29,2017-11-30,5.0,2017-12-07,6274,74.7,-0.10216346153846156,缺adj,,2017-11-29,83.2,21,TWSE(FMTQIK),complete
tx12-2017-11-29-call,call,2017-11-29,2017-11-29,2017-11-30,6.0,2017-12-08,6274,75.4,-0.09375,缺adj,,2017-11-29,83.2,21,TWSE(FMTQIK),complete
tx12-2017-11-29-call,call,2017-11-29,2017-11-29,2017-11-30,7.0,2017-12-11,6274,77.7,-0.06610576923076927,缺adj,,2017-11-29,83.2,21,TWSE(FMTQIK),complete
tx12-2017-11-29-call,call,2017-11-29,2017-11-29,2017-11-30,8.0,2017-12-12,6274,78.7,-0.054086538461538436,缺adj,,2017-11-29,83.2,21,TWSE(FMTQIK),complete
tx12-2017-11-29-call,call,2017-11-29,2017-11-29,2017-11-30,9.0,2017-12-13,6274,78.1,-0.06129807692307698,缺adj,,2017-11-29,83.2,21,TWSE(FMTQIK),complete
tx12-2017-11-29-call,call,2017-11-29,2017-11-29,2017-11-30,10.0,2017-12-14,6274,76.8,-0.07692307692307698,缺adj,,2017-11-29,83.2,21,TWSE(FMTQIK),complete
tx12-2017-11-29-call,call,2017-11-29,2017-11-29,2017-11-30,11.0,2017-12-15,6274,75.3,-0.09495192307692313,缺adj,,2017-11-29,83.2,21,TWSE(FMTQIK),complete
tx12-2017-11-29-call,call,2017-11-29,2017-11-29,2017-11-30,12.0,2017-12-18,6274,74.0,-0.11057692307692313,缺adj,,2017-11-29,83.2,21,TWSE(FMTQIK),complete
tx12-2017-11-29-call,call,2017-11-29,2017-11-29,2017-11-30,13.0,2017-12-19,6274,74.0,-0.11057692307692313,缺adj,,2017-11-29,83.2,21,TWSE(FMTQIK),complete
tx12-2017-11-29-call,call,2017-11-29,2017-11-29,2017-11-30,14.0,2017-12-20,6274,75.6,-0.09134615384615397,缺adj,,2017-11-29,83.2,21,TWSE(FMTQIK),complete
tx12-2017-11-29-call,call,2017-11-29,2017-11-29,2017-11-30,15.0,2017-12-21,6274,76.8,-0.07692307692307698,缺adj,,2017-11-29,83.2,21,TWSE(FMTQIK),complete
tx12-2017-11-29-call,call,2017-11-29,2017-11-29,2017-11-30,16.0,2017-12-22,6274,75.7,-0.09014423076923073,缺adj,,2017-11-29,83.2,21,TWSE(FMTQIK),complete
tx12-2017-11-29-call,call,2017-11-29,2017-11-29,2017-11-30,17.0,2017-12-25,6274,76.1,-0.08533653846153855,缺adj,,2017-11-29,83.2,21,TWSE(FMTQIK),complete
tx12-2017-11-29-call,call,2017-11-29,2017-11-29,2017-11-30,18.0,2017-12-26,6274,74.6,-0.10336538461538469,缺adj,,2017-11-29,83.2,21,TWSE(FMTQIK),complete
tx12-2017-11-29-call,call,2017-11-29,2017-11-29,2017-11-30,19.0,2017-12-27,6274,78.5,-0.05649038461538469,缺adj,,2017-11-29,83.2,21,TWSE(FMTQIK),complete
tx12-2017-11-29-call,call,2017-11-29,2017-11-29,2017-11-30,20.0,2017-12-28,6274,82.0,-0.014423076923076983,缺adj,,2017-11-29,83.2,21,TWSE(FMTQIK),complete
tx12-2017-11-29-call,call,2017-11-29,2017-11-29,2017-11-30,0.0,2017-11-30,2408,77.8,-0.05582524271844669,缺adj,,2017-11-29,82.4,21,TWSE(FMTQIK),complete
tx12-2017-11-29-call,call,2017-11-29,2017-11-29,2017-11-30,1.0,2017-12-01,2408,75.6,-0.08252427184466038,缺adj,,2017-11-29,82.4,21,TWSE(FMTQIK),complete
tx12-2017-11-29-call,call,2017-11-29,2017-11-29,2017-11-30,2.0,2017-12-04,2408,73.2,-0.11165048543689327,缺adj,,2017-11-29,82.4,21,TWSE(FMTQIK),complete
tx12-2017-11-29-call,call,2017-11-29,2017-11-29,2017-11-30,3.0,2017-12-05,2408,73.8,-0.10436893203883502,缺adj,,2017-11-29,82.4,21,TWSE(FMTQIK),complete
tx12-2017-11-29-call,call,2017-11-29,2017-11-29,2017-11-30,4.0,2017-12-06,2408,73.4,-0.10922330097087374,缺adj,,2017-11-29,82.4,21,TWSE(FMTQIK),complete
tx12-2017-11-29-call,call,2017-11-29,2017-11-29,2017-11-30,5.0,2017-12-07,2408,73.8,-0.10436893203883502,缺adj,,2017-11-29,82.4,21,TWSE(FMTQIK),complete
tx12-2017-11-29-call,call,2017-11-29,2017-11-29,2017-11-30,6.0,2017-12-08,2408,77.3,-0.061893203883495285,缺adj,,2017-11-29,82.4,21,TWSE(FMTQIK),complete
tx12-2017-11-29-call,call,2017-11-29,2017-11-29,2017-11-30,7.0,2017-12-11,2408,78.0,-0.05339805825242727,缺adj,,2017-11-29,82.4,21,TWSE(FMTQIK),complete
tx12-2017-11-29-call,call,2017-11-29,2017-11-29,2017-11-30,8.0,2017-12-12,2408,76.9,-0.066747572815534,缺adj,,2017-11-29,82.4,21,TWSE(FMTQIK),complete
tx12-2017-11-29-call,call,2017-11-29,2017-11-29,2017-11-30,9.0,2017-12-13,2408,77.2,-0.06310679611650494,缺adj,,2017-11-29,82.4,21,TWSE(FMTQIK),complete
tx12-2017-11-29-call,call,2017-11-29,2017-11-29,2017-11-30,10.0,2017-12-14,2408,77.8,-0.05582524271844669,缺adj,,2017-11-29,82.4,21,TWSE(FMTQIK),complete
tx12-2017-11-29-call,call,2017-11-29,2017-11-29,2017-11-30,11.0,2017-12-15,2408,78.2,-0.050970873786407744,缺adj,,2017-11-29,82.4,21,TWSE(FMTQIK),complete
tx12-2017-11-29-call,call,2017-11-29,2017-11-29,2017-11-30,12.0,2017-12-18,2408,78.7,-0.04490291262135926,缺adj,,2017-11-29,82.4,21,TWSE(FMTQIK),complete
tx12-2017-11-29-call,call,2017-11-29,2017-11-29,2017-11-30,13.0,2017-12-19,2408,79.6,-0.03398058252427194,缺adj,,2017-11-29,82.4,21,TWSE(FMTQIK),complete
tx12-2017-11-29-call,call,2017-11-29,2017-11-29,2017-11-30,14.0,2017-12-20,2408,80.9,-0.01820388349514568,缺adj,,2017-11-29,82.4,21,TWSE(FMTQIK),complete
tx12-2017-11-29-call,call,2017-11-29,2017-11-29,2017-11-30,15.0,2017-12-21,2408,78.9,-0.04247572815533984,缺adj,,2017-11-29,82.4,21,TWSE(FMTQIK),complete
tx12-2017-11-29-call,call,2017-11-29,2017-11-29,2017-11-30,16.0,2017-12-22,2408,77.8,-0.05582524271844669,缺adj,,2017-11-29,82.4,21,TWSE(FMTQIK),complete
tx12-2017-11-29-call,call,2017-11-29,2017-11-29,2017-11-30,17.0,2017-12-25,2408,76.2,-0.07524271844660202,缺adj,,2017-11-29,82.4,21,TWSE(FMTQIK),complete
tx12-2017-11-29-call,call,2017-11-29,2017-11-29,2017-11-30,18.0,2017-12-26,2408,74.1,-0.10072815533980595,缺adj,,2017-11-29,82.4,21,TWSE(FMTQIK),complete
tx12-2017-11-29-call,call,2017-11-29,2017-11-29,2017-11-30,19.0,2017-12-27,2408,74.0,-0.1019417475728156,缺adj,,2017-11-29,82.4,21,TWSE(FMTQIK),complete
tx12-2017-11-29-call,call,2017-11-29,2017-11-29,2017-11-30,20.0,2017-12-28,2408,76.3,-0.07402912621359237,缺adj,,2017-11-29,82.4,21,TWSE(FMTQIK),complete
tx12-2017-11-29-call,call,2017-11-29,2017-11-29,2017-11-30,0.0,2017-11-30,2344,28.6,0.04954128440366978,缺adj,,2017-11-29,27.25,21,TWSE(FMTQIK),complete
tx12-2017-11-29-call,call,2017-11-29,2017-11-29,2017-11-30,1.0,2017-12-01,2344,26.9,-0.012844036697247763,缺adj,,2017-11-29,27.25,21,TWSE(FMTQIK),complete
tx12-2017-11-29-call,call,2017-11-29,2017-11-29,2017-11-30,2.0,2017-12-04,2344,25.8,-0.053211009174311874,缺adj,,2017-11-29,27.25,21,TWSE(FMTQIK),complete
tx12-2017-11-29-call,call,2017-11-29,2017-11-29,2017-11-30,3.0,2017-12-05,2344,25.4,-0.0678899082568808,缺adj,,2017-11-29,27.25,21,TWSE(FMTQIK),complete
tx12-2017-11-29-call,call,2017-11-29,2017-11-29,2017-11-30,4.0,2017-12-06,2344,24.5,-0.1009174311926605,缺adj,,2017-11-29,27.25,21,TWSE(FMTQIK),complete
tx12-2017-11-29-call,call,2017-11-29,2017-11-29,2017-11-30,5.0,2017-12-07,2344,24.45,-0.10275229357798166,缺adj,,2017-11-29,27.25,21,TWSE(FMTQIK),complete
tx12-2017-11-29-call,call,2017-11-29,2017-11-29,2017-11-30,6.0,2017-12-08,2344,24.75,-0.09174311926605505,缺adj,,2017-11-29,27.25,21,TWSE(FMTQIK),complete
tx12-2017-11-29-call,call,2017-11-29,2017-11-29,2017-11-30,7.0,2017-12-11,2344,25.0,-0.08256880733944949,缺adj,,2017-11-29,27.25,21,TWSE(FMTQIK),complete
tx12-2017-11-29-call,call,2017-11-29,2017-11-29,2017-11-30,8.0,2017-12-12,2344,24.45,-0.10275229357798166,缺adj,,2017-11-29,27.25,21,TWSE(FMTQIK),complete
tx12-2017-11-29-call,call,2017-11-29,2017-11-29,2017-11-30,9.0,2017-12-13,2344,24.5,-0.1009174311926605,缺adj,,2017-11-29,27.25,21,TWSE(FMTQIK),complete
tx12-2017-11-29-call,call,2017-11-29,2017-11-29,2017-11-30,10.0,2017-12-14,2344,25.05,-0.08073394495412844,缺adj,,2017-11-29,27.25,21,TWSE(FMTQIK),complete
tx12-2017-11-29-call,call,2017-11-29,2017-11-29,2017-11-30,11.0,2017-12-15,2344,25.1,-0.07889908256880729,缺adj,,2017-11-29,27.25,21,TWSE(FMTQIK),complete
tx12-2017-11-29-call,call,2017-11-29,2017-11-29,2017-11-30,12.0,2017-12-18,2344,24.65,-0.09541284403669725,缺adj,,2017-11-29,27.25,21,TWSE(FMTQIK),complete
tx12-2017-11-29-call,call,2017-11-29,2017-11-29,2017-11-30,13.0,2017-12-19,2344,24.7,-0.09357798165137621,缺adj,,2017-11-29,27.25,21,TWSE(FMTQIK),complete
tx12-2017-11-29-call,call,2017-11-29,2017-11-29,2017-11-30,14.0,2017-12-20,2344,24.7,-0.09357798165137621,缺adj,,2017-11-29,27.25,21,TWSE(FMTQIK),complete
tx12-2017-11-29-call,call,2017-11-29,2017-11-29,2017-11-30,15.0,2017-12-21,2344,24.4,-0.10458715596330281,缺adj,,2017-11-29,27.25,21,TWSE(FMTQIK),complete
tx12-2017-11-29-call,call,2017-11-29,2017-11-29,2017-11-30,16.0,2017-12-22,2344,23.5,-0.13761467889908252,缺adj,,2017-11-29,27.25,21,TWSE(FMTQIK),complete
tx12-2017-11-29-call,call,2017-11-29,2017-11-29,2017-11-30,17.0,2017-12-25,2344,23.75,-0.12844036697247707,缺adj,,2017-11-29,27.25,21,TWSE(FMTQIK),complete
tx12-2017-11-29-call,call,2017-11-29,2017-11-29,2017-11-30,18.0,2017-12-26,2344,23.1,-0.15229357798165133,缺adj,,2017-11-29,27.25,21,TWSE(FMTQIK),complete
tx12-2017-11-29-call,call,2017-11-29,2017-11-29,2017-11-30,19.0,2017-12-27,2344,23.0,-0.15596330275229353,缺adj,,2017-11-29,27.25,21,TWSE(FMTQIK),complete
tx12-2017-11-29-call,call,2017-11-29,2017-11-29,2017-11-30,20.0,2017-12-28,2344,23.35,-0.14311926605504577,缺adj,,2017-11-29,27.25,21,TWSE(FMTQIK),complete
tx12-2017-11-29-call,call,2017-11-29,2017-11-29,2017-11-30,0.0,2017-11-30,6770,,,MISSING(未上市，首筆 2020-12-09);缺adj,,2017-11-29,,0,TWSE(FMTQIK),complete
tx12-2017-11-29-call,call,2017-11-29,2017-11-29,2017-11-30,1.0,2017-12-01,6770,,,MISSING(未上市，首筆 2020-12-09);缺adj,,2017-11-29,,0,TWSE(FMTQIK),complete
tx12-2017-11-29-call,call,2017-11-29,2017-11-29,2017-11-30,2.0,2017-12-04,6770,,,MISSING(未上市，首筆 2020-12-09);缺adj,,2017-11-29,,0,TWSE(FMTQIK),complete
tx12-2017-11-29-call,call,2017-11-29,2017-11-29,2017-11-30,3.0,2017-12-05,6770,,,MISSING(未上市，首筆 2020-12-09);缺adj,,2017-11-29,,0,TWSE(FMTQIK),complete
tx12-2017-11-29-call,call,2017-11-29,2017-11-29,2017-11-30,4.0,2017-12-06,6770,,,MISSING(未上市，首筆 2020-12-09);缺adj,,2017-11-29,,0,TWSE(FMTQIK),complete
tx12-2017-11-29-call,call,2017-11-29,2017-11-29,2017-11-30,5.0,2017-12-07,6770,,,MISSING(未上市，首筆 2020-12-09);缺adj,,2017-11-29,,0,TWSE(FMTQIK),complete
tx12-2017-11-29-call,call,2017-11-29,2017-11-29,2017-11-30,6.0,2017-12-08,6770,,,MISSING(未上市，首筆 2020-12-09);缺adj,,2017-11-29,,0,TWSE(FMTQIK),complete
tx12-2017-11-29-call,call,2017-11-29,2017-11-29,2017-11-30,7.0,2017-12-11,6770,,,MISSING(未上市，首筆 2020-12-09);缺adj,,2017-11-29,,0,TWSE(FMTQIK),complete
tx12-2017-11-29-call,call,2017-11-29,2017-11-29,2017-11-30,8.0,2017-12-12,6770,,,MISSING(未上市，首筆 2020-12-09);缺adj,,2017-11-29,,0,TWSE(FMTQIK),complete
tx12-2017-11-29-call,call,2017-11-29,2017-11-29,2017-11-30,9.0,2017-12-13,6770,,,MISSING(未上市，首筆 2020-12-09);缺adj,,2017-11-29,,0,TWSE(FMTQIK),complete
tx12-2017-11-29-call,call,2017-11-29,2017-11-29,2017-11-30,10.0,2017-12-14,6770,,,MISSING(未上市，首筆 2020-12-09);缺adj,,2017-11-29,,0,TWSE(FMTQIK),complete
tx12-2017-11-29-call,call,2017-11-29,2017-11-29,2017-11-30,11.0,2017-12-15,6770,,,MISSING(未上市，首筆 2020-12-09);缺adj,,2017-11-29,,0,TWSE(FMTQIK),complete
tx12-2017-11-29-call,call,2017-11-29,2017-11-29,2017-11-30,12.0,2017-12-18,6770,,,MISSING(未上市，首筆 2020-12-09);缺adj,,2017-11-29,,0,TWSE(FMTQIK),complete
tx12-2017-11-29-call,call,2017-11-29,2017-11-29,2017-11-30,13.0,2017-12-19,6770,,,MISSING(未上市，首筆 2020-12-09);缺adj,,2017-11-29,,0,TWSE(FMTQIK),complete
tx12-2017-11-29-call,call,2017-11-29,2017-11-29,2017-11-30,14.0,2017-12-20,6770,,,MISSING(未上市，首筆 2020-12-09);缺adj,,2017-11-29,,0,TWSE(FMTQIK),complete
tx12-2017-11-29-call,call,2017-11-29,2017-11-29,2017-11-30,15.0,2017-12-21,6770,,,MISSING(未上市，首筆 2020-12-09);缺adj,,2017-11-29,,0,TWSE(FMTQIK),complete
tx12-2017-11-29-call,call,2017-11-29,2017-11-29,2017-11-30,16.0,2017-12-22,6770,,,MISSING(未上市，首筆 2020-12-09);缺adj,,2017-11-29,,0,TWSE(FMTQIK),complete
tx12-2017-11-29-call,call,2017-11-29,2017-11-29,2017-11-30,17.0,2017-12-25,6770,,,MISSING(未上市，首筆 2020-12-09);缺adj,,2017-11-29,,0,TWSE(FMTQIK),complete
tx12-2017-11-29-call,call,2017-11-29,2017-11-29,2017-11-30,18.0,2017-12-26,6770,,,MISSING(未上市，首筆 2020-12-09);缺adj,,2017-11-29,,0,TWSE(FMTQIK),complete
tx12-2017-11-29-call,call,2017-11-29,2017-11-29,2017-11-30,19.0,2017-12-27,6770,,,MISSING(未上市，首筆 2020-12-09);缺adj,,2017-11-29,,0,TWSE(FMTQIK),complete
tx12-2017-11-29-call,call,2017-11-29,2017-11-29,2017-11-30,20.0,2017-12-28,6770,,,MISSING(未上市，首筆 2020-12-09);缺adj,,2017-11-29,,0,TWSE(FMTQIK),complete
tx12-2017-11-29-call,call,2017-11-29,2017-11-29,2017-11-30,0.0,2017-11-30,3711,,,MISSING(未上市，首筆 2018-04-30);缺adj,,2017-11-29,,0,TWSE(FMTQIK),complete
tx12-2017-11-29-call,call,2017-11-29,2017-11-29,2017-11-30,1.0,2017-12-01,3711,,,MISSING(未上市，首筆 2018-04-30);缺adj,,2017-11-29,,0,TWSE(FMTQIK),complete
tx12-2017-11-29-call,call,2017-11-29,2017-11-29,2017-11-30,2.0,2017-12-04,3711,,,MISSING(未上市，首筆 2018-04-30);缺adj,,2017-11-29,,0,TWSE(FMTQIK),complete
tx12-2017-11-29-call,call,2017-11-29,2017-11-29,2017-11-30,3.0,2017-12-05,3711,,,MISSING(未上市，首筆 2018-04-30);缺adj,,2017-11-29,,0,TWSE(FMTQIK),complete
tx12-2017-11-29-call,call,2017-11-29,2017-11-29,2017-11-30,4.0,2017-12-06,3711,,,MISSING(未上市，首筆 2018-04-30);缺adj,,2017-11-29,,0,TWSE(FMTQIK),complete
tx12-2017-11-29-call,call,2017-11-29,2017-11-29,2017-11-30,5.0,2017-12-07,3711,,,MISSING(未上市，首筆 2018-04-30);缺adj,,2017-11-29,,0,TWSE(FMTQIK),complete
tx12-2017-11-29-call,call,2017-11-29,2017-11-29,2017-11-30,6.0,2017-12-08,3711,,,MISSING(未上市，首筆 2018-04-30);缺adj,,2017-11-29,,0,TWSE(FMTQIK),complete
tx12-2017-11-29-call,call,2017-11-29,2017-11-29,2017-11-30,7.0,2017-12-11,3711,,,MISSING(未上市，首筆 2018-04-30);缺adj,,2017-11-29,,0,TWSE(FMTQIK),complete
tx12-2017-11-29-call,call,2017-11-29,2017-11-29,2017-11-30,8.0,2017-12-12,3711,,,MISSING(未上市，首筆 2018-04-30);缺adj,,2017-11-29,,0,TWSE(FMTQIK),complete
tx12-2017-11-29-call,call,2017-11-29,2017-11-29,2017-11-30,9.0,2017-12-13,3711,,,MISSING(未上市，首筆 2018-04-30);缺adj,,2017-11-29,,0,TWSE(FMTQIK),complete
tx12-2017-11-29-call,call,2017-11-29,2017-11-29,2017-11-30,10.0,2017-12-14,3711,,,MISSING(未上市，首筆 2018-04-30);缺adj,,2017-11-29,,0,TWSE(FMTQIK),complete
tx12-2017-11-29-call,call,2017-11-29,2017-11-29,2017-11-30,11.0,2017-12-15,3711,,,MISSING(未上市，首筆 2018-04-30);缺adj,,2017-11-29,,0,TWSE(FMTQIK),complete
tx12-2017-11-29-call,call,2017-11-29,2017-11-29,2017-11-30,12.0,2017-12-18,3711,,,MISSING(未上市，首筆 2018-04-30);缺adj,,2017-11-29,,0,TWSE(FMTQIK),complete
tx12-2017-11-29-call,call,2017-11-29,2017-11-29,2017-11-30,13.0,2017-12-19,3711,,,MISSING(未上市，首筆 2018-04-30);缺adj,,2017-11-29,,0,TWSE(FMTQIK),complete
tx12-2017-11-29-call,call,2017-11-29,2017-11-29,2017-11-30,14.0,2017-12-20,3711,,,MISSING(未上市，首筆 2018-04-30);缺adj,,2017-11-29,,0,TWSE(FMTQIK),complete
tx12-2017-11-29-call,call,2017-11-29,2017-11-29,2017-11-30,15.0,2017-12-21,3711,,,MISSING(未上市，首筆 2018-04-30);缺adj,,2017-11-29,,0,TWSE(FMTQIK),complete
tx12-2017-11-29-call,call,2017-11-29,2017-11-29,2017-11-30,16.0,2017-12-22,3711,,,MISSING(未上市，首筆 2018-04-30);缺adj,,2017-11-29,,0,TWSE(FMTQIK),complete
tx12-2017-11-29-call,call,2017-11-29,2017-11-29,2017-11-30,17.0,2017-12-25,3711,,,MISSING(未上市，首筆 2018-04-30);缺adj,,2017-11-29,,0,TWSE(FMTQIK),complete
tx12-2017-11-29-call,call,2017-11-29,2017-11-29,2017-11-30,18.0,2017-12-26,3711,,,MISSING(未上市，首筆 2018-04-30);缺adj,,2017-11-29,,0,TWSE(FMTQIK),complete
tx12-2017-11-29-call,call,2017-11-29,2017-11-29,2017-11-30,19.0,2017-12-27,3711,,,MISSING(未上市，首筆 2018-04-30);缺adj,,2017-11-29,,0,TWSE(FMTQIK),complete
tx12-2017-11-29-call,call,2017-11-29,2017-11-29,2017-11-30,20.0,2017-12-28,3711,,,MISSING(未上市，首筆 2018-04-30);缺adj,,2017-11-29,,0,TWSE(FMTQIK),complete
tx12-2017-11-29-call,call,2017-11-29,2017-11-29,2017-11-30,0.0,2017-11-30,EW_TW,,-0.005500674322616843,n=9/11;缺adj,9.0,2017-11-29,,21,TWSE(FMTQIK),complete
tx12-2017-11-29-call,call,2017-11-29,2017-11-29,2017-11-30,1.0,2017-12-01,EW_TW,,-0.02863522922325617,n=9/11;缺adj,9.0,2017-11-29,,21,TWSE(FMTQIK),complete
tx12-2017-11-29-call,call,2017-11-29,2017-11-29,2017-11-30,2.0,2017-12-04,EW_TW,,-0.03787301395619866,n=9/11;缺adj,9.0,2017-11-29,,21,TWSE(FMTQIK),complete
tx12-2017-11-29-call,call,2017-11-29,2017-11-29,2017-11-30,3.0,2017-12-05,EW_TW,,-0.050928026024343195,n=9/11;缺adj,9.0,2017-11-29,,21,TWSE(FMTQIK),complete
tx12-2017-11-29-call,call,2017-11-29,2017-11-29,2017-11-30,4.0,2017-12-06,EW_TW,,-0.07638710485917147,n=9/11;缺adj,9.0,2017-11-29,,21,TWSE(FMTQIK),complete
tx12-2017-11-29-call,call,2017-11-29,2017-11-29,2017-11-30,5.0,2017-12-07,EW_TW,,-0.07361558079274882,n=9/11;缺adj,9.0,2017-11-29,,21,TWSE(FMTQIK),complete
tx12-2017-11-29-call,call,2017-11-29,2017-11-29,2017-11-30,6.0,2017-12-08,EW_TW,,-0.07991108360410987,n=9/11;缺adj,9.0,2017-11-29,,21,TWSE(FMTQIK),complete
tx12-2017-11-29-call,call,2017-11-29,2017-11-29,2017-11-30,7.0,2017-12-11,EW_TW,,-0.06692519676514493,n=9/11;缺adj,9.0,2017-11-29,,21,TWSE(FMTQIK),complete
tx12-2017-11-29-call,call,2017-11-29,2017-11-29,2017-11-30,8.0,2017-12-12,EW_TW,,-0.06326016570852791,n=9/11;缺adj,9.0,2017-11-29,,21,TWSE(FMTQIK),complete
tx12-2017-11-29-call,call,2017-11-29,2017-11-29,2017-11-30,9.0,2017-12-13,EW_TW,,-0.05828567671167125,n=9/11;缺adj,9.0,2017-11-29,,21,TWSE(FMTQIK),complete
tx12-2017-11-29-call,call,2017-11-29,2017-11-29,2017-11-30,10.0,2017-12-14,EW_TW,,-0.05667134648932721,n=9/11;缺adj,9.0,2017-11-29,,21,TWSE(FMTQIK),complete
tx12-2017-11-29-call,call,2017-11-29,2017-11-29,2017-11-30,11.0,2017-12-15,EW_TW,,-0.0624161094880841,n=9/11;缺adj,9.0,2017-11-29,,21,TWSE(FMTQIK),complete
tx12-2017-11-29-call,call,2017-11-29,2017-11-29,2017-11-30,12.0,2017-12-18,EW_TW,,-0.060807760618152296,n=9/11;缺adj,9.0,2017-11-29,,21,TWSE(FMTQIK),complete
tx12-2017-11-29-call,call,2017-11-29,2017-11-29,2017-11-30,13.0,2017-12-19,EW_TW,,-0.06382691221980541,n=9/11;缺adj,9.0,2017-11-29,,21,TWSE(FMTQIK),complete
tx12-2017-11-29-call,call,2017-11-29,2017-11-29,2017-11-30,14.0,2017-12-20,EW_TW,,-0.042214847822151805,n=9/11;缺adj,9.0,2017-11-29,,21,TWSE(FMTQIK),complete
tx12-2017-11-29-call,call,2017-11-29,2017-11-29,2017-11-30,15.0,2017-12-21,EW_TW,,-0.05130031715154956,n=9/11;缺adj,9.0,2017-11-29,,21,TWSE(FMTQIK),complete
tx12-2017-11-29-call,call,2017-11-29,2017-11-29,2017-11-30,16.0,2017-12-22,EW_TW,,-0.061219608873420484,n=9/11;缺adj,9.0,2017-11-29,,21,TWSE(FMTQIK),complete
tx12-2017-11-29-call,call,2017-11-29,2017-11-29,2017-11-30,17.0,2017-12-25,EW_TW,,-0.06318305613759333,n=9/11;缺adj,9.0,2017-11-29,,21,TWSE(FMTQIK),complete
tx12-2017-11-29-call,call,2017-11-29,2017-11-29,2017-11-30,18.0,2017-12-26,EW_TW,,-0.08457880483097323,n=9/11;缺adj,9.0,2017-11-29,,21,TWSE(FMTQIK),complete
tx12-2017-11-29-call,call,2017-11-29,2017-11-29,2017-11-30,19.0,2017-12-27,EW_TW,,-0.08076933281783055,n=9/11;缺adj,9.0,2017-11-29,,21,TWSE(FMTQIK),complete
tx12-2017-11-29-call,call,2017-11-29,2017-11-29,2017-11-30,20.0,2017-12-28,EW_TW,,-0.06984059923016854,n=9/11;缺adj,9.0,2017-11-29,,21,TWSE(FMTQIK),complete
tx12-2017-11-29-call,call,2017-11-29,2017-11-29,缺,,缺,NET,,,MISSING(未上市，首筆 2019-09-13),,缺,,0,US(own bars),complete
tx13-2018-01-15-call,call,2018-01-15,2018-01-16,2018-01-17,0.0,2018-01-17,TAIEX,11004.8,0.0017012391101125512,缺adj,,2018-01-16,10986.11,21,TWSE(FMTQIK),complete
tx13-2018-01-15-call,call,2018-01-15,2018-01-16,2018-01-17,1.0,2018-01-18,TAIEX,11071.57,0.0077789135553893995,缺adj,,2018-01-16,10986.11,21,TWSE(FMTQIK),complete
tx13-2018-01-15-call,call,2018-01-15,2018-01-16,2018-01-17,2.0,2018-01-19,TAIEX,11150.85,0.014995298608879715,缺adj,,2018-01-16,10986.11,21,TWSE(FMTQIK),complete
tx13-2018-01-15-call,call,2018-01-15,2018-01-16,2018-01-17,3.0,2018-01-22,TAIEX,11231.46,0.022332745621516548,缺adj,,2018-01-16,10986.11,21,TWSE(FMTQIK),complete
tx13-2018-01-15-call,call,2018-01-15,2018-01-16,2018-01-17,4.0,2018-01-23,TAIEX,11253.11,0.02430341585875251,缺adj,,2018-01-16,10986.11,21,TWSE(FMTQIK),complete
tx13-2018-01-15-call,call,2018-01-15,2018-01-16,2018-01-17,5.0,2018-01-24,TAIEX,11152.16,0.015114540087437511,缺adj,,2018-01-16,10986.11,21,TWSE(FMTQIK),complete
tx13-2018-01-15-call,call,2018-01-15,2018-01-16,2018-01-17,6.0,2018-01-25,TAIEX,11165.95,0.016369761453326026,缺adj,,2018-01-16,10986.11,21,TWSE(FMTQIK),complete
tx13-2018-01-15-call,call,2018-01-15,2018-01-16,2018-01-17,7.0,2018-01-26,TAIEX,11147.1,0.014653958498503927,缺adj,,2018-01-16,10986.11,21,TWSE(FMTQIK),complete
tx13-2018-01-15-call,call,2018-01-15,2018-01-16,2018-01-17,8.0,2018-01-29,TAIEX,11221.81,0.021454363737482884,缺adj,,2018-01-16,10986.11,21,TWSE(FMTQIK),complete
tx13-2018-01-15-call,call,2018-01-15,2018-01-16,2018-01-17,9.0,2018-01-30,TAIEX,11076.78,0.008253148748738282,缺adj,,2018-01-16,10986.11,21,TWSE(FMTQIK),complete
tx13-2018-01-15-call,call,2018-01-15,2018-01-16,2018-01-17,10.0,2018-01-31,TAIEX,11103.79,0.010711707783737756,缺adj,,2018-01-16,10986.11,21,TWSE(FMTQIK),complete
tx13-2018-01-15-call,call,2018-01-15,2018-01-16,2018-01-17,11.0,2018-02-01,TAIEX,11160.25,0.015850924485554918,缺adj,,2018-01-16,10986.11,21,TWSE(FMTQIK),complete
tx13-2018-01-15-call,call,2018-01-15,2018-01-16,2018-01-17,12.0,2018-02-02,TAIEX,11126.23,0.012754287004226095,缺adj,,2018-01-16,10986.11,21,TWSE(FMTQIK),complete
tx13-2018-01-15-call,call,2018-01-15,2018-01-16,2018-01-17,13.0,2018-02-05,TAIEX,10946.25,-0.0036282178132205356,缺adj,,2018-01-16,10986.11,21,TWSE(FMTQIK),complete
tx13-2018-01-15-call,call,2018-01-15,2018-01-16,2018-01-17,14.0,2018-02-06,TAIEX,10404.0,-0.052985997773552285,缺adj,,2018-01-16,10986.11,21,TWSE(FMTQIK),complete
tx13-2018-01-15-call,call,2018-01-15,2018-01-16,2018-01-17,15.0,2018-02-07,TAIEX,10551.54,-0.03955631247092917,缺adj,,2018-01-16,10986.11,21,TWSE(FMTQIK),complete
tx13-2018-01-15-call,call,2018-01-15,2018-01-16,2018-01-17,16.0,2018-02-08,TAIEX,10528.52,-0.04165168562848909,缺adj,,2018-01-16,10986.11,21,TWSE(FMTQIK),complete
tx13-2018-01-15-call,call,2018-01-15,2018-01-16,2018-01-17,17.0,2018-02-09,TAIEX,10371.75,-0.05592152272278361,缺adj,,2018-01-16,10986.11,21,TWSE(FMTQIK),complete
tx13-2018-01-15-call,call,2018-01-15,2018-01-16,2018-01-17,18.0,2018-02-12,TAIEX,10421.09,-0.05143039711053321,缺adj,,2018-01-16,10986.11,21,TWSE(FMTQIK),complete
tx13-2018-01-15-call,call,2018-01-15,2018-01-16,2018-01-17,19.0,2018-02-21,TAIEX,10714.44,-0.02472849807620714,缺adj,,2018-01-16,10986.11,21,TWSE(FMTQIK),complete
tx13-2018-01-15-call,call,2018-01-15,2018-01-16,2018-01-17,20.0,2018-02-22,TAIEX,10662.38,-0.02946720904851685,缺adj,,2018-01-16,10986.11,21,TWSE(FMTQIK),complete
tx13-2018-01-15-call,call,2018-01-15,2018-01-16,2018-01-17,0.0,2018-01-17,3037,17.9,0.019943019943019724,缺adj,,2018-01-16,17.55,21,TWSE(FMTQIK),complete
tx13-2018-01-15-call,call,2018-01-15,2018-01-16,2018-01-17,1.0,2018-01-18,3037,17.85,0.017094017094017033,缺adj,,2018-01-16,17.55,21,TWSE(FMTQIK),complete
tx13-2018-01-15-call,call,2018-01-15,2018-01-16,2018-01-17,2.0,2018-01-19,3037,17.85,0.017094017094017033,缺adj,,2018-01-16,17.55,21,TWSE(FMTQIK),complete
tx13-2018-01-15-call,call,2018-01-15,2018-01-16,2018-01-17,3.0,2018-01-22,3037,17.15,-0.02279202279202286,缺adj,,2018-01-16,17.55,21,TWSE(FMTQIK),complete
tx13-2018-01-15-call,call,2018-01-15,2018-01-16,2018-01-17,4.0,2018-01-23,3037,17.7,0.008547008547008517,缺adj,,2018-01-16,17.55,21,TWSE(FMTQIK),complete
tx13-2018-01-15-call,call,2018-01-15,2018-01-16,2018-01-17,5.0,2018-01-24,3037,17.3,-0.014245014245014231,缺adj,,2018-01-16,17.55,21,TWSE(FMTQIK),complete
tx13-2018-01-15-call,call,2018-01-15,2018-01-16,2018-01-17,6.0,2018-01-25,3037,18.6,0.05982905982905984,缺adj,,2018-01-16,17.55,21,TWSE(FMTQIK),complete
tx13-2018-01-15-call,call,2018-01-15,2018-01-16,2018-01-17,7.0,2018-01-26,3037,18.55,0.056980056980056926,缺adj,,2018-01-16,17.55,21,TWSE(FMTQIK),complete
tx13-2018-01-15-call,call,2018-01-15,2018-01-16,2018-01-17,8.0,2018-01-29,3037,19.8,0.1282051282051282,缺adj,,2018-01-16,17.55,21,TWSE(FMTQIK),complete
tx13-2018-01-15-call,call,2018-01-15,2018-01-16,2018-01-17,9.0,2018-01-30,3037,19.6,0.11680911680911676,缺adj,,2018-01-16,17.55,21,TWSE(FMTQIK),complete
tx13-2018-01-15-call,call,2018-01-15,2018-01-16,2018-01-17,10.0,2018-01-31,3037,21.2,0.20797720797720798,缺adj,,2018-01-16,17.55,21,TWSE(FMTQIK),complete
tx13-2018-01-15-call,call,2018-01-15,2018-01-16,2018-01-17,11.0,2018-02-01,3037,21.1,0.20227920227920237,缺adj,,2018-01-16,17.55,21,TWSE(FMTQIK),complete
tx13-2018-01-15-call,call,2018-01-15,2018-01-16,2018-01-17,12.0,2018-02-02,3037,20.9,0.19088319088319072,缺adj,,2018-01-16,17.55,21,TWSE(FMTQIK),complete
tx13-2018-01-15-call,call,2018-01-15,2018-01-16,2018-01-17,13.0,2018-02-05,3037,21.0,0.19658119658119655,缺adj,,2018-01-16,17.55,21,TWSE(FMTQIK),complete
tx13-2018-01-15-call,call,2018-01-15,2018-01-16,2018-01-17,14.0,2018-02-06,3037,19.05,0.08547008547008539,缺adj,,2018-01-16,17.55,21,TWSE(FMTQIK),complete
tx13-2018-01-15-call,call,2018-01-15,2018-01-16,2018-01-17,15.0,2018-02-07,3037,19.35,0.10256410256410264,缺adj,,2018-01-16,17.55,21,TWSE(FMTQIK),complete
tx13-2018-01-15-call,call,2018-01-15,2018-01-16,2018-01-17,16.0,2018-02-08,3037,18.7,0.06552706552706544,缺adj,,2018-01-16,17.55,21,TWSE(FMTQIK),complete
tx13-2018-01-15-call,call,2018-01-15,2018-01-16,2018-01-17,17.0,2018-02-09,3037,19.0,0.08262108262108248,缺adj,,2018-01-16,17.55,21,TWSE(FMTQIK),complete
tx13-2018-01-15-call,call,2018-01-15,2018-01-16,2018-01-17,18.0,2018-02-12,3037,18.5,0.05413105413105401,缺adj,,2018-01-16,17.55,21,TWSE(FMTQIK),complete
tx13-2018-01-15-call,call,2018-01-15,2018-01-16,2018-01-17,19.0,2018-02-21,3037,19.9,0.1339031339031338,缺adj,,2018-01-16,17.55,21,TWSE(FMTQIK),complete
tx13-2018-01-15-call,call,2018-01-15,2018-01-16,2018-01-17,20.0,2018-02-22,3037,20.6,0.1737891737891739,缺adj,,2018-01-16,17.55,21,TWSE(FMTQIK),complete
tx13-2018-01-15-call,call,2018-01-15,2018-01-16,2018-01-17,0.0,2018-01-17,8046,27.05,-0.005514705882352922,缺adj,,2018-01-16,27.2,21,TWSE(FMTQIK),complete
tx13-2018-01-15-call,call,2018-01-15,2018-01-16,2018-01-17,1.0,2018-01-18,8046,26.7,-0.018382352941176516,缺adj,,2018-01-16,27.2,21,TWSE(FMTQIK),complete
tx13-2018-01-15-call,call,2018-01-15,2018-01-16,2018-01-17,2.0,2018-01-19,8046,26.4,-0.02941176470588236,缺adj,,2018-01-16,27.2,21,TWSE(FMTQIK),complete
tx13-2018-01-15-call,call,2018-01-15,2018-01-16,2018-01-17,3.0,2018-01-22,8046,26.4,-0.02941176470588236,缺adj,,2018-01-16,27.2,21,TWSE(FMTQIK),complete
tx13-2018-01-15-call,call,2018-01-15,2018-01-16,2018-01-17,4.0,2018-01-23,8046,26.1,-0.0404411764705882,缺adj,,2018-01-16,27.2,21,TWSE(FMTQIK),complete
tx13-2018-01-15-call,call,2018-01-15,2018-01-16,2018-01-17,5.0,2018-01-24,8046,26.0,-0.044117647058823484,缺adj,,2018-01-16,27.2,21,TWSE(FMTQIK),complete
tx13-2018-01-15-call,call,2018-01-15,2018-01-16,2018-01-17,6.0,2018-01-25,8046,25.9,-0.047794117647058876,缺adj,,2018-01-16,27.2,21,TWSE(FMTQIK),complete
tx13-2018-01-15-call,call,2018-01-15,2018-01-16,2018-01-17,7.0,2018-01-26,8046,26.05,-0.04227941176470584,缺adj,,2018-01-16,27.2,21,TWSE(FMTQIK),complete
tx13-2018-01-15-call,call,2018-01-15,2018-01-16,2018-01-17,8.0,2018-01-29,8046,26.4,-0.02941176470588236,缺adj,,2018-01-16,27.2,21,TWSE(FMTQIK),complete
tx13-2018-01-15-call,call,2018-01-15,2018-01-16,2018-01-17,9.0,2018-01-30,8046,26.45,-0.02757352941176472,缺adj,,2018-01-16,27.2,21,TWSE(FMTQIK),complete
tx13-2018-01-15-call,call,2018-01-15,2018-01-16,2018-01-17,10.0,2018-01-31,8046,26.2,-0.03676470588235292,缺adj,,2018-01-16,27.2,21,TWSE(FMTQIK),complete
tx13-2018-01-15-call,call,2018-01-15,2018-01-16,2018-01-17,11.0,2018-02-01,8046,26.8,-0.014705882352941124,缺adj,,2018-01-16,27.2,21,TWSE(FMTQIK),complete
tx13-2018-01-15-call,call,2018-01-15,2018-01-16,2018-01-17,12.0,2018-02-02,8046,26.8,-0.014705882352941124,缺adj,,2018-01-16,27.2,21,TWSE(FMTQIK),complete
tx13-2018-01-15-call,call,2018-01-15,2018-01-16,2018-01-17,13.0,2018-02-05,8046,26.6,-0.022058823529411686,缺adj,,2018-01-16,27.2,21,TWSE(FMTQIK),complete
tx13-2018-01-15-call,call,2018-01-15,2018-01-16,2018-01-17,14.0,2018-02-06,8046,25.4,-0.06617647058823528,缺adj,,2018-01-16,27.2,21,TWSE(FMTQIK),complete
tx13-2018-01-15-call,call,2018-01-15,2018-01-16,2018-01-17,15.0,2018-02-07,8046,25.55,-0.06066176470588225,缺adj,,2018-01-16,27.2,21,TWSE(FMTQIK),complete
tx13-2018-01-15-call,call,2018-01-15,2018-01-16,2018-01-17,16.0,2018-02-08,8046,25.65,-0.05698529411764708,缺adj,,2018-01-16,27.2,21,TWSE(FMTQIK),complete
tx13-2018-01-15-call,call,2018-01-15,2018-01-16,2018-01-17,17.0,2018-02-09,8046,25.1,-0.07720588235294112,缺adj,,2018-01-16,27.2,21,TWSE(FMTQIK),complete
tx13-2018-01-15-call,call,2018-01-15,2018-01-16,2018-01-17,18.0,2018-02-12,8046,25.35,-0.06801470588235281,缺adj,,2018-01-16,27.2,21,TWSE(FMTQIK),complete
tx13-2018-01-15-call,call,2018-01-15,2018-01-16,2018-01-17,19.0,2018-02-21,8046,26.2,-0.03676470588235292,缺adj,,2018-01-16,27.2,21,TWSE(FMTQIK),complete
tx13-2018-01-15-call,call,2018-01-15,2018-01-16,2018-01-17,20.0,2018-02-22,8046,26.75,-0.016544117647058765,缺adj,,2018-01-16,27.2,21,TWSE(FMTQIK),complete
tx13-2018-01-15-call,call,2018-01-15,2018-01-16,2018-01-17,0.0,2018-01-17,3189,51.9,0.013671875,缺adj,,2018-01-16,51.2,21,TWSE(FMTQIK),complete
tx13-2018-01-15-call,call,2018-01-15,2018-01-16,2018-01-17,1.0,2018-01-18,3189,52.6,0.02734375,缺adj,,2018-01-16,51.2,21,TWSE(FMTQIK),complete
tx13-2018-01-15-call,call,2018-01-15,2018-01-16,2018-01-17,2.0,2018-01-19,3189,52.1,0.017578125,缺adj,,2018-01-16,51.2,21,TWSE(FMTQIK),complete
tx13-2018-01-15-call,call,2018-01-15,2018-01-16,2018-01-17,3.0,2018-01-22,3189,52.3,0.021484374999999778,缺adj,,2018-01-16,51.2,21,TWSE(FMTQIK),complete
tx13-2018-01-15-call,call,2018-01-15,2018-01-16,2018-01-17,4.0,2018-01-23,3189,52.3,0.021484374999999778,缺adj,,2018-01-16,51.2,21,TWSE(FMTQIK),complete
tx13-2018-01-15-call,call,2018-01-15,2018-01-16,2018-01-17,5.0,2018-01-24,3189,53.5,0.044921875,缺adj,,2018-01-16,51.2,21,TWSE(FMTQIK),complete
tx13-2018-01-15-call,call,2018-01-15,2018-01-16,2018-01-17,6.0,2018-01-25,3189,53.0,0.03515625,缺adj,,2018-01-16,51.2,21,TWSE(FMTQIK),complete
tx13-2018-01-15-call,call,2018-01-15,2018-01-16,2018-01-17,7.0,2018-01-26,3189,52.9,0.033203125,缺adj,,2018-01-16,51.2,21,TWSE(FMTQIK),complete
tx13-2018-01-15-call,call,2018-01-15,2018-01-16,2018-01-17,8.0,2018-01-29,3189,51.8,0.011718749999999778,缺adj,,2018-01-16,51.2,21,TWSE(FMTQIK),complete
tx13-2018-01-15-call,call,2018-01-15,2018-01-16,2018-01-17,9.0,2018-01-30,3189,52.4,0.0234375,缺adj,,2018-01-16,51.2,21,TWSE(FMTQIK),complete
tx13-2018-01-15-call,call,2018-01-15,2018-01-16,2018-01-17,10.0,2018-01-31,3189,50.4,-0.01562500000000011,缺adj,,2018-01-16,51.2,21,TWSE(FMTQIK),complete
tx13-2018-01-15-call,call,2018-01-15,2018-01-16,2018-01-17,11.0,2018-02-01,3189,50.1,-0.021484375,缺adj,,2018-01-16,51.2,21,TWSE(FMTQIK),complete
tx13-2018-01-15-call,call,2018-01-15,2018-01-16,2018-01-17,12.0,2018-02-02,3189,49.85,-0.0263671875,缺adj,,2018-01-16,51.2,21,TWSE(FMTQIK),complete
tx13-2018-01-15-call,call,2018-01-15,2018-01-16,2018-01-17,13.0,2018-02-05,3189,49.8,-0.02734375000000011,缺adj,,2018-01-16,51.2,21,TWSE(FMTQIK),complete
tx13-2018-01-15-call,call,2018-01-15,2018-01-16,2018-01-17,14.0,2018-02-06,3189,46.05,-0.10058593750000011,缺adj,,2018-01-16,51.2,21,TWSE(FMTQIK),complete
tx13-2018-01-15-call,call,2018-01-15,2018-01-16,2018-01-17,15.0,2018-02-07,3189,48.6,-0.05078125,缺adj,,2018-01-16,51.2,21,TWSE(FMTQIK),complete
tx13-2018-01-15-call,call,2018-01-15,2018-01-16,2018-01-17,16.0,2018-02-08,3189,47.65,-0.06933593750000011,缺adj,,2018-01-16,51.2,21,TWSE(FMTQIK),complete
tx13-2018-01-15-call,call,2018-01-15,2018-01-16,2018-01-17,17.0,2018-02-09,3189,46.65,-0.08886718750000011,缺adj,,2018-01-16,51.2,21,TWSE(FMTQIK),complete
tx13-2018-01-15-call,call,2018-01-15,2018-01-16,2018-01-17,18.0,2018-02-12,3189,46.9,-0.08398437500000011,缺adj,,2018-01-16,51.2,21,TWSE(FMTQIK),complete
tx13-2018-01-15-call,call,2018-01-15,2018-01-16,2018-01-17,19.0,2018-02-21,3189,49.1,-0.041015625,缺adj,,2018-01-16,51.2,21,TWSE(FMTQIK),complete
tx13-2018-01-15-call,call,2018-01-15,2018-01-16,2018-01-17,20.0,2018-02-22,3189,49.55,-0.03222656250000011,缺adj,,2018-01-16,51.2,21,TWSE(FMTQIK),complete
tx13-2018-01-15-call,call,2018-01-15,2018-01-16,2018-01-17,0.0,2018-01-17,2368,10.45,-0.009478672985782088,缺adj,,2018-01-16,10.55,21,TWSE(FMTQIK),complete
tx13-2018-01-15-call,call,2018-01-15,2018-01-16,2018-01-17,1.0,2018-01-18,2368,10.35,-0.018957345971564066,缺adj,,2018-01-16,10.55,21,TWSE(FMTQIK),complete
tx13-2018-01-15-call,call,2018-01-15,2018-01-16,2018-01-17,2.0,2018-01-19,2368,10.35,-0.018957345971564066,缺adj,,2018-01-16,10.55,21,TWSE(FMTQIK),complete
tx13-2018-01-15-call,call,2018-01-15,2018-01-16,2018-01-17,3.0,2018-01-22,2368,10.2,-0.03317535545023709,缺adj,,2018-01-16,10.55,21,TWSE(FMTQIK),complete
tx13-2018-01-15-call,call,2018-01-15,2018-01-16,2018-01-17,4.0,2018-01-23,2368,10.15,-0.03791469194312802,缺adj,,2018-01-16,10.55,21,TWSE(FMTQIK),complete
tx13-2018-01-15-call,call,2018-01-15,2018-01-16,2018-01-17,5.0,2018-01-24,2368,10.15,-0.03791469194312802,缺adj,,2018-01-16,10.55,21,TWSE(FMTQIK),complete
tx13-2018-01-15-call,call,2018-01-15,2018-01-16,2018-01-17,6.0,2018-01-25,2368,10.2,-0.03317535545023709,缺adj,,2018-01-16,10.55,21,TWSE(FMTQIK),complete
tx13-2018-01-15-call,call,2018-01-15,2018-01-16,2018-01-17,7.0,2018-01-26,2368,10.2,-0.03317535545023709,缺adj,,2018-01-16,10.55,21,TWSE(FMTQIK),complete
tx13-2018-01-15-call,call,2018-01-15,2018-01-16,2018-01-17,8.0,2018-01-29,2368,10.2,-0.03317535545023709,缺adj,,2018-01-16,10.55,21,TWSE(FMTQIK),complete
tx13-2018-01-15-call,call,2018-01-15,2018-01-16,2018-01-17,9.0,2018-01-30,2368,10.4,-0.014218009478673022,缺adj,,2018-01-16,10.55,21,TWSE(FMTQIK),complete
tx13-2018-01-15-call,call,2018-01-15,2018-01-16,2018-01-17,10.0,2018-01-31,2368,10.25,-0.028436018957346043,缺adj,,2018-01-16,10.55,21,TWSE(FMTQIK),complete
tx13-2018-01-15-call,call,2018-01-15,2018-01-16,2018-01-17,11.0,2018-02-01,2368,10.25,-0.028436018957346043,缺adj,,2018-01-16,10.55,21,TWSE(FMTQIK),complete
tx13-2018-01-15-call,call,2018-01-15,2018-01-16,2018-01-17,12.0,2018-02-02,2368,10.25,-0.028436018957346043,缺adj,,2018-01-16,10.55,21,TWSE(FMTQIK),complete
tx13-2018-01-15-call,call,2018-01-15,2018-01-16,2018-01-17,13.0,2018-02-05,2368,10.0,-0.05213270142180104,缺adj,,2018-01-16,10.55,21,TWSE(FMTQIK),complete
tx13-2018-01-15-call,call,2018-01-15,2018-01-16,2018-01-17,14.0,2018-02-06,2368,9.05,-0.14218009478672988,缺adj,,2018-01-16,10.55,21,TWSE(FMTQIK),complete
tx13-2018-01-15-call,call,2018-01-15,2018-01-16,2018-01-17,15.0,2018-02-07,2368,9.2,-0.12796208530805697,缺adj,,2018-01-16,10.55,21,TWSE(FMTQIK),complete
tx13-2018-01-15-call,call,2018-01-15,2018-01-16,2018-01-17,16.0,2018-02-08,2368,9.02,-0.1450236966824645,缺adj,,2018-01-16,10.55,21,TWSE(FMTQIK),complete
tx13-2018-01-15-call,call,2018-01-15,2018-01-16,2018-01-17,17.0,2018-02-09,2368,8.6,-0.18483412322274895,缺adj,,2018-01-16,10.55,21,TWSE(FMTQIK),complete
tx13-2018-01-15-call,call,2018-01-15,2018-01-16,2018-01-17,18.0,2018-02-12,2368,9.06,-0.14123222748815167,缺adj,,2018-01-16,10.55,21,TWSE(FMTQIK),complete
tx13-2018-01-15-call,call,2018-01-15,2018-01-16,2018-01-17,19.0,2018-02-21,2368,9.32,-0.11658767772511847,缺adj,,2018-01-16,10.55,21,TWSE(FMTQIK),complete
tx13-2018-01-15-call,call,2018-01-15,2018-01-16,2018-01-17,20.0,2018-02-22,2368,9.38,-0.11090047393364932,缺adj,,2018-01-16,10.55,21,TWSE(FMTQIK),complete
tx13-2018-01-15-call,call,2018-01-15,2018-01-16,2018-01-17,0.0,2018-01-17,2383,103.0,-0.0636363636363636,缺adj,,2018-01-16,110.0,21,TWSE(FMTQIK),complete
tx13-2018-01-15-call,call,2018-01-15,2018-01-16,2018-01-17,1.0,2018-01-18,2383,103.5,-0.05909090909090908,缺adj,,2018-01-16,110.0,21,TWSE(FMTQIK),complete
tx13-2018-01-15-call,call,2018-01-15,2018-01-16,2018-01-17,2.0,2018-01-19,2383,99.1,-0.09909090909090912,缺adj,,2018-01-16,110.0,21,TWSE(FMTQIK),complete
tx13-2018-01-15-call,call,2018-01-15,2018-01-16,2018-01-17,3.0,2018-01-22,2383,101.5,-0.07727272727272727,缺adj,,2018-01-16,110.0,21,TWSE(FMTQIK),complete
tx13-2018-01-15-call,call,2018-01-15,2018-01-16,2018-01-17,4.0,2018-01-23,2383,100.5,-0.08636363636363631,缺adj,,2018-01-16,110.0,21,TWSE(FMTQIK),complete
tx13-2018-01-15-call,call,2018-01-15,2018-01-16,2018-01-17,5.0,2018-01-24,2383,101.5,-0.07727272727272727,缺adj,,2018-01-16,110.0,21,TWSE(FMTQIK),complete
tx13-2018-01-15-call,call,2018-01-15,2018-01-16,2018-01-17,6.0,2018-01-25,2383,99.5,-0.09545454545454546,缺adj,,2018-01-16,110.0,21,TWSE(FMTQIK),complete
tx13-2018-01-15-call,call,2018-01-15,2018-01-16,2018-01-17,7.0,2018-01-26,2383,99.7,-0.09363636363636363,缺adj,,2018-01-16,110.0,21,TWSE(FMTQIK),complete
tx13-2018-01-15-call,call,2018-01-15,2018-01-16,2018-01-17,8.0,2018-01-29,2383,106.5,-0.03181818181818186,缺adj,,2018-01-16,110.0,21,TWSE(FMTQIK),complete
tx13-2018-01-15-call,call,2018-01-15,2018-01-16,2018-01-17,9.0,2018-01-30,2383,103.0,-0.0636363636363636,缺adj,,2018-01-16,110.0,21,TWSE(FMTQIK),complete
tx13-2018-01-15-call,call,2018-01-15,2018-01-16,2018-01-17,10.0,2018-01-31,2383,102.5,-0.06818181818181823,缺adj,,2018-01-16,110.0,21,TWSE(FMTQIK),complete
tx13-2018-01-15-call,call,2018-01-15,2018-01-16,2018-01-17,11.0,2018-02-01,2383,107.5,-0.022727272727272707,缺adj,,2018-01-16,110.0,21,TWSE(FMTQIK),complete
tx13-2018-01-15-call,call,2018-01-15,2018-01-16,2018-01-17,12.0,2018-02-02,2383,105.0,-0.045454545454545414,缺adj,,2018-01-16,110.0,21,TWSE(FMTQIK),complete
tx13-2018-01-15-call,call,2018-01-15,2018-01-16,2018-01-17,13.0,2018-02-05,2383,100.5,-0.08636363636363631,缺adj,,2018-01-16,110.0,21,TWSE(FMTQIK),complete
tx13-2018-01-15-call,call,2018-01-15,2018-01-16,2018-01-17,14.0,2018-02-06,2383,95.4,-0.1327272727272727,缺adj,,2018-01-16,110.0,21,TWSE(FMTQIK),complete
tx13-2018-01-15-call,call,2018-01-15,2018-01-16,2018-01-17,15.0,2018-02-07,2383,98.1,-0.10818181818181827,缺adj,,2018-01-16,110.0,21,TWSE(FMTQIK),complete
tx13-2018-01-15-call,call,2018-01-15,2018-01-16,2018-01-17,16.0,2018-02-08,2383,99.3,-0.09727272727272729,缺adj,,2018-01-16,110.0,21,TWSE(FMTQIK),complete
tx13-2018-01-15-call,call,2018-01-15,2018-01-16,2018-01-17,17.0,2018-02-09,2383,101.0,-0.08181818181818179,缺adj,,2018-01-16,110.0,21,TWSE(FMTQIK),complete
tx13-2018-01-15-call,call,2018-01-15,2018-01-16,2018-01-17,18.0,2018-02-12,2383,102.0,-0.07272727272727275,缺adj,,2018-01-16,110.0,21,TWSE(FMTQIK),complete
tx13-2018-01-15-call,call,2018-01-15,2018-01-16,2018-01-17,19.0,2018-02-21,2383,106.5,-0.03181818181818186,缺adj,,2018-01-16,110.0,21,TWSE(FMTQIK),complete
tx13-2018-01-15-call,call,2018-01-15,2018-01-16,2018-01-17,20.0,2018-02-22,2383,107.0,-0.027272727272727226,缺adj,,2018-01-16,110.0,21,TWSE(FMTQIK),complete
tx13-2018-01-15-call,call,2018-01-15,2018-01-16,2018-01-17,0.0,2018-01-17,6213,66.8,-0.023391812865497186,缺adj,,2018-01-16,68.4,21,TWSE(FMTQIK),complete
tx13-2018-01-15-call,call,2018-01-15,2018-01-16,2018-01-17,1.0,2018-01-18,6213,66.0,-0.03508771929824572,缺adj,,2018-01-16,68.4,21,TWSE(FMTQIK),complete
tx13-2018-01-15-call,call,2018-01-15,2018-01-16,2018-01-17,2.0,2018-01-19,6213,64.1,-0.06286549707602351,缺adj,,2018-01-16,68.4,21,TWSE(FMTQIK),complete
tx13-2018-01-15-call,call,2018-01-15,2018-01-16,2018-01-17,3.0,2018-01-22,6213,65.2,-0.04678362573099415,缺adj,,2018-01-16,68.4,21,TWSE(FMTQIK),complete
tx13-2018-01-15-call,call,2018-01-15,2018-01-16,2018-01-17,4.0,2018-01-23,6213,64.3,-0.05994152046783641,缺adj,,2018-01-16,68.4,21,TWSE(FMTQIK),complete
tx13-2018-01-15-call,call,2018-01-15,2018-01-16,2018-01-17,5.0,2018-01-24,6213,63.2,-0.07602339181286555,缺adj,,2018-01-16,68.4,21,TWSE(FMTQIK),complete
tx13-2018-01-15-call,call,2018-01-15,2018-01-16,2018-01-17,6.0,2018-01-25,6213,64.0,-0.06432748538011701,缺adj,,2018-01-16,68.4,21,TWSE(FMTQIK),complete
tx13-2018-01-15-call,call,2018-01-15,2018-01-16,2018-01-17,7.0,2018-01-26,6213,63.1,-0.07748538011695916,缺adj,,2018-01-16,68.4,21,TWSE(FMTQIK),complete
tx13-2018-01-15-call,call,2018-01-15,2018-01-16,2018-01-17,8.0,2018-01-29,6213,64.8,-0.052631578947368585,缺adj,,2018-01-16,68.4,21,TWSE(FMTQIK),complete
tx13-2018-01-15-call,call,2018-01-15,2018-01-16,2018-01-17,9.0,2018-01-30,6213,62.9,-0.08040935672514626,缺adj,,2018-01-16,68.4,21,TWSE(FMTQIK),complete
tx13-2018-01-15-call,call,2018-01-15,2018-01-16,2018-01-17,10.0,2018-01-31,6213,62.2,-0.09064327485380119,缺adj,,2018-01-16,68.4,21,TWSE(FMTQIK),complete
tx13-2018-01-15-call,call,2018-01-15,2018-01-16,2018-01-17,11.0,2018-02-01,6213,63.2,-0.07602339181286555,缺adj,,2018-01-16,68.4,21,TWSE(FMTQIK),complete
tx13-2018-01-15-call,call,2018-01-15,2018-01-16,2018-01-17,12.0,2018-02-02,6213,63.2,-0.07602339181286555,缺adj,,2018-01-16,68.4,21,TWSE(FMTQIK),complete
tx13-2018-01-15-call,call,2018-01-15,2018-01-16,2018-01-17,13.0,2018-02-05,6213,63.1,-0.07748538011695916,缺adj,,2018-01-16,68.4,21,TWSE(FMTQIK),complete
tx13-2018-01-15-call,call,2018-01-15,2018-01-16,2018-01-17,14.0,2018-02-06,6213,63.1,-0.07748538011695916,缺adj,,2018-01-16,68.4,21,TWSE(FMTQIK),complete
tx13-2018-01-15-call,call,2018-01-15,2018-01-16,2018-01-17,15.0,2018-02-07,6213,64.5,-0.05701754385964919,缺adj,,2018-01-16,68.4,21,TWSE(FMTQIK),complete
tx13-2018-01-15-call,call,2018-01-15,2018-01-16,2018-01-17,16.0,2018-02-08,6213,67.5,-0.013157894736842146,缺adj,,2018-01-16,68.4,21,TWSE(FMTQIK),complete
tx13-2018-01-15-call,call,2018-01-15,2018-01-16,2018-01-17,17.0,2018-02-09,6213,67.4,-0.014619883040935644,缺adj,,2018-01-16,68.4,21,TWSE(FMTQIK),complete
tx13-2018-01-15-call,call,2018-01-15,2018-01-16,2018-01-17,18.0,2018-02-12,6213,69.7,0.01900584795321625,缺adj,,2018-01-16,68.4,21,TWSE(FMTQIK),complete
tx13-2018-01-15-call,call,2018-01-15,2018-01-16,2018-01-17,19.0,2018-02-21,6213,72.1,0.05409356725146175,缺adj,,2018-01-16,68.4,21,TWSE(FMTQIK),complete
tx13-2018-01-15-call,call,2018-01-15,2018-01-16,2018-01-17,20.0,2018-02-22,6213,71.5,0.04532163742690054,缺adj,,2018-01-16,68.4,21,TWSE(FMTQIK),complete
tx13-2018-01-15-call,call,2018-01-15,2018-01-16,2018-01-17,0.0,2018-01-17,6274,93.0,0.01196953210010876,缺adj,,2018-01-16,91.9,21,TWSE(FMTQIK),complete
tx13-2018-01-15-call,call,2018-01-15,2018-01-16,2018-01-17,1.0,2018-01-18,6274,91.5,-0.0043525571273123065,缺adj,,2018-01-16,91.9,21,TWSE(FMTQIK),complete
tx13-2018-01-15-call,call,2018-01-15,2018-01-16,2018-01-17,2.0,2018-01-19,6274,90.0,-0.020674646354733484,缺adj,,2018-01-16,91.9,21,TWSE(FMTQIK),complete
tx13-2018-01-15-call,call,2018-01-15,2018-01-16,2018-01-17,3.0,2018-01-22,6274,90.0,-0.020674646354733484,缺adj,,2018-01-16,91.9,21,TWSE(FMTQIK),complete
tx13-2018-01-15-call,call,2018-01-15,2018-01-16,2018-01-17,4.0,2018-01-23,6274,92.3,0.0043525571273121955,缺adj,,2018-01-16,91.9,21,TWSE(FMTQIK),complete
tx13-2018-01-15-call,call,2018-01-15,2018-01-16,2018-01-17,5.0,2018-01-24,6274,93.1,0.013057671381936808,缺adj,,2018-01-16,91.9,21,TWSE(FMTQIK),complete
tx13-2018-01-15-call,call,2018-01-15,2018-01-16,2018-01-17,6.0,2018-01-25,6274,90.0,-0.020674646354733484,缺adj,,2018-01-16,91.9,21,TWSE(FMTQIK),complete
tx13-2018-01-15-call,call,2018-01-15,2018-01-16,2018-01-17,7.0,2018-01-26,6274,90.4,-0.016322089227421066,缺adj,,2018-01-16,91.9,21,TWSE(FMTQIK),complete
tx13-2018-01-15-call,call,2018-01-15,2018-01-16,2018-01-17,8.0,2018-01-29,6274,90.5,-0.015233949945593128,缺adj,,2018-01-16,91.9,21,TWSE(FMTQIK),complete
tx13-2018-01-15-call,call,2018-01-15,2018-01-16,2018-01-17,9.0,2018-01-30,6274,89.2,-0.029379760609357986,缺adj,,2018-01-16,91.9,21,TWSE(FMTQIK),complete
tx13-2018-01-15-call,call,2018-01-15,2018-01-16,2018-01-17,10.0,2018-01-31,6274,90.4,-0.016322089227421066,缺adj,,2018-01-16,91.9,21,TWSE(FMTQIK),complete
tx13-2018-01-15-call,call,2018-01-15,2018-01-16,2018-01-17,11.0,2018-02-01,6274,87.6,-0.04678998911860732,缺adj,,2018-01-16,91.9,21,TWSE(FMTQIK),complete
tx13-2018-01-15-call,call,2018-01-15,2018-01-16,2018-01-17,12.0,2018-02-02,6274,88.0,-0.042437431991294905,缺adj,,2018-01-16,91.9,21,TWSE(FMTQIK),complete
tx13-2018-01-15-call,call,2018-01-15,2018-01-16,2018-01-17,13.0,2018-02-05,6274,88.5,-0.03699673558215455,缺adj,,2018-01-16,91.9,21,TWSE(FMTQIK),complete
tx13-2018-01-15-call,call,2018-01-15,2018-01-16,2018-01-17,14.0,2018-02-06,6274,86.1,-0.06311207834602839,缺adj,,2018-01-16,91.9,21,TWSE(FMTQIK),complete
tx13-2018-01-15-call,call,2018-01-15,2018-01-16,2018-01-17,15.0,2018-02-07,6274,87.6,-0.04678998911860732,缺adj,,2018-01-16,91.9,21,TWSE(FMTQIK),complete
tx13-2018-01-15-call,call,2018-01-15,2018-01-16,2018-01-17,16.0,2018-02-08,6274,88.0,-0.042437431991294905,缺adj,,2018-01-16,91.9,21,TWSE(FMTQIK),complete
tx13-2018-01-15-call,call,2018-01-15,2018-01-16,2018-01-17,17.0,2018-02-09,6274,86.0,-0.06420021762785644,缺adj,,2018-01-16,91.9,21,TWSE(FMTQIK),complete
tx13-2018-01-15-call,call,2018-01-15,2018-01-16,2018-01-17,18.0,2018-02-12,6274,86.9,-0.054406964091403665,缺adj,,2018-01-16,91.9,21,TWSE(FMTQIK),complete
tx13-2018-01-15-call,call,2018-01-15,2018-01-16,2018-01-17,19.0,2018-02-21,6274,89.9,-0.021762785636561532,缺adj,,2018-01-16,91.9,21,TWSE(FMTQIK),complete
tx13-2018-01-15-call,call,2018-01-15,2018-01-16,2018-01-17,20.0,2018-02-22,6274,87.9,-0.043525571273122954,缺adj,,2018-01-16,91.9,21,TWSE(FMTQIK),complete
tx13-2018-01-15-call,call,2018-01-15,2018-01-16,2018-01-17,0.0,2018-01-17,2408,81.0,-0.04705882352941182,缺adj,,2018-01-16,85.0,21,TWSE(FMTQIK),complete
tx13-2018-01-15-call,call,2018-01-15,2018-01-16,2018-01-17,1.0,2018-01-18,2408,82.0,-0.03529411764705881,缺adj,,2018-01-16,85.0,21,TWSE(FMTQIK),complete
tx13-2018-01-15-call,call,2018-01-15,2018-01-16,2018-01-17,2.0,2018-01-19,2408,80.6,-0.051764705882353046,缺adj,,2018-01-16,85.0,21,TWSE(FMTQIK),complete
tx13-2018-01-15-call,call,2018-01-15,2018-01-16,2018-01-17,3.0,2018-01-22,2408,80.5,-0.05294117647058827,缺adj,,2018-01-16,85.0,21,TWSE(FMTQIK),complete
tx13-2018-01-15-call,call,2018-01-15,2018-01-16,2018-01-17,4.0,2018-01-23,2408,80.2,-0.05647058823529405,缺adj,,2018-01-16,85.0,21,TWSE(FMTQIK),complete
tx13-2018-01-15-call,call,2018-01-15,2018-01-16,2018-01-17,5.0,2018-01-24,2408,80.5,-0.05294117647058827,缺adj,,2018-01-16,85.0,21,TWSE(FMTQIK),complete
tx13-2018-01-15-call,call,2018-01-15,2018-01-16,2018-01-17,6.0,2018-01-25,2408,78.5,-0.07647058823529407,缺adj,,2018-01-16,85.0,21,TWSE(FMTQIK),complete
tx13-2018-01-15-call,call,2018-01-15,2018-01-16,2018-01-17,7.0,2018-01-26,2408,79.4,-0.06588235294117639,缺adj,,2018-01-16,85.0,21,TWSE(FMTQIK),complete
tx13-2018-01-15-call,call,2018-01-15,2018-01-16,2018-01-17,8.0,2018-01-29,2408,78.8,-0.07294117647058829,缺adj,,2018-01-16,85.0,21,TWSE(FMTQIK),complete
tx13-2018-01-15-call,call,2018-01-15,2018-01-16,2018-01-17,9.0,2018-01-30,2408,78.4,-0.07764705882352929,缺adj,,2018-01-16,85.0,21,TWSE(FMTQIK),complete
tx13-2018-01-15-call,call,2018-01-15,2018-01-16,2018-01-17,10.0,2018-01-31,2408,79.4,-0.06588235294117639,缺adj,,2018-01-16,85.0,21,TWSE(FMTQIK),complete
tx13-2018-01-15-call,call,2018-01-15,2018-01-16,2018-01-17,11.0,2018-02-01,2408,81.2,-0.04470588235294115,缺adj,,2018-01-16,85.0,21,TWSE(FMTQIK),complete
tx13-2018-01-15-call,call,2018-01-15,2018-01-16,2018-01-17,12.0,2018-02-02,2408,79.6,-0.06352941176470595,缺adj,,2018-01-16,85.0,21,TWSE(FMTQIK),complete
tx13-2018-01-15-call,call,2018-01-15,2018-01-16,2018-01-17,13.0,2018-02-05,2408,77.4,-0.0894117647058823,缺adj,,2018-01-16,85.0,21,TWSE(FMTQIK),complete
tx13-2018-01-15-call,call,2018-01-15,2018-01-16,2018-01-17,14.0,2018-02-06,2408,72.4,-0.14823529411764702,缺adj,,2018-01-16,85.0,21,TWSE(FMTQIK),complete
tx13-2018-01-15-call,call,2018-01-15,2018-01-16,2018-01-17,15.0,2018-02-07,2408,73.6,-0.13411764705882356,缺adj,,2018-01-16,85.0,21,TWSE(FMTQIK),complete
tx13-2018-01-15-call,call,2018-01-15,2018-01-16,2018-01-17,16.0,2018-02-08,2408,72.7,-0.14470588235294113,缺adj,,2018-01-16,85.0,21,TWSE(FMTQIK),complete
tx13-2018-01-15-call,call,2018-01-15,2018-01-16,2018-01-17,17.0,2018-02-09,2408,73.3,-0.13764705882352946,缺adj,,2018-01-16,85.0,21,TWSE(FMTQIK),complete
tx13-2018-01-15-call,call,2018-01-15,2018-01-16,2018-01-17,18.0,2018-02-12,2408,76.0,-0.10588235294117643,缺adj,,2018-01-16,85.0,21,TWSE(FMTQIK),complete
tx13-2018-01-15-call,call,2018-01-15,2018-01-16,2018-01-17,19.0,2018-02-21,2408,79.9,-0.05999999999999994,缺adj,,2018-01-16,85.0,21,TWSE(FMTQIK),complete
tx13-2018-01-15-call,call,2018-01-15,2018-01-16,2018-01-17,20.0,2018-02-22,2408,79.3,-0.06705882352941184,缺adj,,2018-01-16,85.0,21,TWSE(FMTQIK),complete
tx13-2018-01-15-call,call,2018-01-15,2018-01-16,2018-01-17,0.0,2018-01-17,2344,23.3,-0.029166666666666674,缺adj,,2018-01-16,24.0,21,TWSE(FMTQIK),complete
tx13-2018-01-15-call,call,2018-01-15,2018-01-16,2018-01-17,1.0,2018-01-18,2344,23.35,-0.027083333333333237,缺adj,,2018-01-16,24.0,21,TWSE(FMTQIK),complete
tx13-2018-01-15-call,call,2018-01-15,2018-01-16,2018-01-17,2.0,2018-01-19,2344,23.85,-0.006249999999999978,缺adj,,2018-01-16,24.0,21,TWSE(FMTQIK),complete
tx13-2018-01-15-call,call,2018-01-15,2018-01-16,2018-01-17,3.0,2018-01-22,2344,23.55,-0.018749999999999933,缺adj,,2018-01-16,24.0,21,TWSE(FMTQIK),complete
tx13-2018-01-15-call,call,2018-01-15,2018-01-16,2018-01-17,4.0,2018-01-23,2344,23.8,-0.008333333333333304,缺adj,,2018-01-16,24.0,21,TWSE(FMTQIK),complete
tx13-2018-01-15-call,call,2018-01-15,2018-01-16,2018-01-17,5.0,2018-01-24,2344,23.45,-0.022916666666666696,缺adj,,2018-01-16,24.0,21,TWSE(FMTQIK),complete
tx13-2018-01-15-call,call,2018-01-15,2018-01-16,2018-01-17,6.0,2018-01-25,2344,23.4,-0.025000000000000022,缺adj,,2018-01-16,24.0,21,TWSE(FMTQIK),complete
tx13-2018-01-15-call,call,2018-01-15,2018-01-16,2018-01-17,7.0,2018-01-26,2344,23.85,-0.006249999999999978,缺adj,,2018-01-16,24.0,21,TWSE(FMTQIK),complete
tx13-2018-01-15-call,call,2018-01-15,2018-01-16,2018-01-17,8.0,2018-01-29,2344,24.0,0.0,缺adj,,2018-01-16,24.0,21,TWSE(FMTQIK),complete
tx13-2018-01-15-call,call,2018-01-15,2018-01-16,2018-01-17,9.0,2018-01-30,2344,23.55,-0.018749999999999933,缺adj,,2018-01-16,24.0,21,TWSE(FMTQIK),complete
tx13-2018-01-15-call,call,2018-01-15,2018-01-16,2018-01-17,10.0,2018-01-31,2344,23.65,-0.014583333333333393,缺adj,,2018-01-16,24.0,21,TWSE(FMTQIK),complete
tx13-2018-01-15-call,call,2018-01-15,2018-01-16,2018-01-17,11.0,2018-02-01,2344,24.1,0.004166666666666652,缺adj,,2018-01-16,24.0,21,TWSE(FMTQIK),complete
tx13-2018-01-15-call,call,2018-01-15,2018-01-16,2018-01-17,12.0,2018-02-02,2344,23.4,-0.025000000000000022,缺adj,,2018-01-16,24.0,21,TWSE(FMTQIK),complete
tx13-2018-01-15-call,call,2018-01-15,2018-01-16,2018-01-17,13.0,2018-02-05,2344,22.25,-0.07291666666666663,缺adj,,2018-01-16,24.0,21,TWSE(FMTQIK),complete
tx13-2018-01-15-call,call,2018-01-15,2018-01-16,2018-01-17,14.0,2018-02-06,2344,20.1,-0.16249999999999998,缺adj,,2018-01-16,24.0,21,TWSE(FMTQIK),complete
tx13-2018-01-15-call,call,2018-01-15,2018-01-16,2018-01-17,15.0,2018-02-07,2344,19.9,-0.1708333333333334,缺adj,,2018-01-16,24.0,21,TWSE(FMTQIK),complete
tx13-2018-01-15-call,call,2018-01-15,2018-01-16,2018-01-17,16.0,2018-02-08,2344,19.0,-0.20833333333333337,缺adj,,2018-01-16,24.0,21,TWSE(FMTQIK),complete
tx13-2018-01-15-call,call,2018-01-15,2018-01-16,2018-01-17,17.0,2018-02-09,2344,18.55,-0.2270833333333333,缺adj,,2018-01-16,24.0,21,TWSE(FMTQIK),complete
tx13-2018-01-15-call,call,2018-01-15,2018-01-16,2018-01-17,18.0,2018-02-12,2344,18.2,-0.2416666666666667,缺adj,,2018-01-16,24.0,21,TWSE(FMTQIK),complete
tx13-2018-01-15-call,call,2018-01-15,2018-01-16,2018-01-17,19.0,2018-02-21,2344,19.1,-0.2041666666666666,缺adj,,2018-01-16,24.0,21,TWSE(FMTQIK),complete
tx13-2018-01-15-call,call,2018-01-15,2018-01-16,2018-01-17,20.0,2018-02-22,2344,18.65,-0.22291666666666676,缺adj,,2018-01-16,24.0,21,TWSE(FMTQIK),complete
tx13-2018-01-15-call,call,2018-01-15,2018-01-16,2018-01-17,0.0,2018-01-17,6770,,,MISSING(未上市，首筆 2020-12-09);缺adj,,2018-01-16,,0,TWSE(FMTQIK),complete
tx13-2018-01-15-call,call,2018-01-15,2018-01-16,2018-01-17,1.0,2018-01-18,6770,,,MISSING(未上市，首筆 2020-12-09);缺adj,,2018-01-16,,0,TWSE(FMTQIK),complete
tx13-2018-01-15-call,call,2018-01-15,2018-01-16,2018-01-17,2.0,2018-01-19,6770,,,MISSING(未上市，首筆 2020-12-09);缺adj,,2018-01-16,,0,TWSE(FMTQIK),complete
tx13-2018-01-15-call,call,2018-01-15,2018-01-16,2018-01-17,3.0,2018-01-22,6770,,,MISSING(未上市，首筆 2020-12-09);缺adj,,2018-01-16,,0,TWSE(FMTQIK),complete
tx13-2018-01-15-call,call,2018-01-15,2018-01-16,2018-01-17,4.0,2018-01-23,6770,,,MISSING(未上市，首筆 2020-12-09);缺adj,,2018-01-16,,0,TWSE(FMTQIK),complete
tx13-2018-01-15-call,call,2018-01-15,2018-01-16,2018-01-17,5.0,2018-01-24,6770,,,MISSING(未上市，首筆 2020-12-09);缺adj,,2018-01-16,,0,TWSE(FMTQIK),complete
tx13-2018-01-15-call,call,2018-01-15,2018-01-16,2018-01-17,6.0,2018-01-25,6770,,,MISSING(未上市，首筆 2020-12-09);缺adj,,2018-01-16,,0,TWSE(FMTQIK),complete
tx13-2018-01-15-call,call,2018-01-15,2018-01-16,2018-01-17,7.0,2018-01-26,6770,,,MISSING(未上市，首筆 2020-12-09);缺adj,,2018-01-16,,0,TWSE(FMTQIK),complete
tx13-2018-01-15-call,call,2018-01-15,2018-01-16,2018-01-17,8.0,2018-01-29,6770,,,MISSING(未上市，首筆 2020-12-09);缺adj,,2018-01-16,,0,TWSE(FMTQIK),complete
tx13-2018-01-15-call,call,2018-01-15,2018-01-16,2018-01-17,9.0,2018-01-30,6770,,,MISSING(未上市，首筆 2020-12-09);缺adj,,2018-01-16,,0,TWSE(FMTQIK),complete
tx13-2018-01-15-call,call,2018-01-15,2018-01-16,2018-01-17,10.0,2018-01-31,6770,,,MISSING(未上市，首筆 2020-12-09);缺adj,,2018-01-16,,0,TWSE(FMTQIK),complete
tx13-2018-01-15-call,call,2018-01-15,2018-01-16,2018-01-17,11.0,2018-02-01,6770,,,MISSING(未上市，首筆 2020-12-09);缺adj,,2018-01-16,,0,TWSE(FMTQIK),complete
tx13-2018-01-15-call,call,2018-01-15,2018-01-16,2018-01-17,12.0,2018-02-02,6770,,,MISSING(未上市，首筆 2020-12-09);缺adj,,2018-01-16,,0,TWSE(FMTQIK),complete
tx13-2018-01-15-call,call,2018-01-15,2018-01-16,2018-01-17,13.0,2018-02-05,6770,,,MISSING(未上市，首筆 2020-12-09);缺adj,,2018-01-16,,0,TWSE(FMTQIK),complete
tx13-2018-01-15-call,call,2018-01-15,2018-01-16,2018-01-17,14.0,2018-02-06,6770,,,MISSING(未上市，首筆 2020-12-09);缺adj,,2018-01-16,,0,TWSE(FMTQIK),complete
tx13-2018-01-15-call,call,2018-01-15,2018-01-16,2018-01-17,15.0,2018-02-07,6770,,,MISSING(未上市，首筆 2020-12-09);缺adj,,2018-01-16,,0,TWSE(FMTQIK),complete
tx13-2018-01-15-call,call,2018-01-15,2018-01-16,2018-01-17,16.0,2018-02-08,6770,,,MISSING(未上市，首筆 2020-12-09);缺adj,,2018-01-16,,0,TWSE(FMTQIK),complete
tx13-2018-01-15-call,call,2018-01-15,2018-01-16,2018-01-17,17.0,2018-02-09,6770,,,MISSING(未上市，首筆 2020-12-09);缺adj,,2018-01-16,,0,TWSE(FMTQIK),complete
tx13-2018-01-15-call,call,2018-01-15,2018-01-16,2018-01-17,18.0,2018-02-12,6770,,,MISSING(未上市，首筆 2020-12-09);缺adj,,2018-01-16,,0,TWSE(FMTQIK),complete
tx13-2018-01-15-call,call,2018-01-15,2018-01-16,2018-01-17,19.0,2018-02-21,6770,,,MISSING(未上市，首筆 2020-12-09);缺adj,,2018-01-16,,0,TWSE(FMTQIK),complete
tx13-2018-01-15-call,call,2018-01-15,2018-01-16,2018-01-17,20.0,2018-02-22,6770,,,MISSING(未上市，首筆 2020-12-09);缺adj,,2018-01-16,,0,TWSE(FMTQIK),complete
tx13-2018-01-15-call,call,2018-01-15,2018-01-16,2018-01-17,0.0,2018-01-17,3711,,,MISSING(未上市，首筆 2018-04-30);缺adj,,2018-01-16,,0,TWSE(FMTQIK),complete
tx13-2018-01-15-call,call,2018-01-15,2018-01-16,2018-01-17,1.0,2018-01-18,3711,,,MISSING(未上市，首筆 2018-04-30);缺adj,,2018-01-16,,0,TWSE(FMTQIK),complete
tx13-2018-01-15-call,call,2018-01-15,2018-01-16,2018-01-17,2.0,2018-01-19,3711,,,MISSING(未上市，首筆 2018-04-30);缺adj,,2018-01-16,,0,TWSE(FMTQIK),complete
tx13-2018-01-15-call,call,2018-01-15,2018-01-16,2018-01-17,3.0,2018-01-22,3711,,,MISSING(未上市，首筆 2018-04-30);缺adj,,2018-01-16,,0,TWSE(FMTQIK),complete
tx13-2018-01-15-call,call,2018-01-15,2018-01-16,2018-01-17,4.0,2018-01-23,3711,,,MISSING(未上市，首筆 2018-04-30);缺adj,,2018-01-16,,0,TWSE(FMTQIK),complete
tx13-2018-01-15-call,call,2018-01-15,2018-01-16,2018-01-17,5.0,2018-01-24,3711,,,MISSING(未上市，首筆 2018-04-30);缺adj,,2018-01-16,,0,TWSE(FMTQIK),complete
tx13-2018-01-15-call,call,2018-01-15,2018-01-16,2018-01-17,6.0,2018-01-25,3711,,,MISSING(未上市，首筆 2018-04-30);缺adj,,2018-01-16,,0,TWSE(FMTQIK),complete
tx13-2018-01-15-call,call,2018-01-15,2018-01-16,2018-01-17,7.0,2018-01-26,3711,,,MISSING(未上市，首筆 2018-04-30);缺adj,,2018-01-16,,0,TWSE(FMTQIK),complete
tx13-2018-01-15-call,call,2018-01-15,2018-01-16,2018-01-17,8.0,2018-01-29,3711,,,MISSING(未上市，首筆 2018-04-30);缺adj,,2018-01-16,,0,TWSE(FMTQIK),complete
tx13-2018-01-15-call,call,2018-01-15,2018-01-16,2018-01-17,9.0,2018-01-30,3711,,,MISSING(未上市，首筆 2018-04-30);缺adj,,2018-01-16,,0,TWSE(FMTQIK),complete
tx13-2018-01-15-call,call,2018-01-15,2018-01-16,2018-01-17,10.0,2018-01-31,3711,,,MISSING(未上市，首筆 2018-04-30);缺adj,,2018-01-16,,0,TWSE(FMTQIK),complete
tx13-2018-01-15-call,call,2018-01-15,2018-01-16,2018-01-17,11.0,2018-02-01,3711,,,MISSING(未上市，首筆 2018-04-30);缺adj,,2018-01-16,,0,TWSE(FMTQIK),complete
tx13-2018-01-15-call,call,2018-01-15,2018-01-16,2018-01-17,12.0,2018-02-02,3711,,,MISSING(未上市，首筆 2018-04-30);缺adj,,2018-01-16,,0,TWSE(FMTQIK),complete
tx13-2018-01-15-call,call,2018-01-15,2018-01-16,2018-01-17,13.0,2018-02-05,3711,,,MISSING(未上市，首筆 2018-04-30);缺adj,,2018-01-16,,0,TWSE(FMTQIK),complete
tx13-2018-01-15-call,call,2018-01-15,2018-01-16,2018-01-17,14.0,2018-02-06,3711,,,MISSING(未上市，首筆 2018-04-30);缺adj,,2018-01-16,,0,TWSE(FMTQIK),complete
tx13-2018-01-15-call,call,2018-01-15,2018-01-16,2018-01-17,15.0,2018-02-07,3711,,,MISSING(未上市，首筆 2018-04-30);缺adj,,2018-01-16,,0,TWSE(FMTQIK),complete
tx13-2018-01-15-call,call,2018-01-15,2018-01-16,2018-01-17,16.0,2018-02-08,3711,,,MISSING(未上市，首筆 2018-04-30);缺adj,,2018-01-16,,0,TWSE(FMTQIK),complete
tx13-2018-01-15-call,call,2018-01-15,2018-01-16,2018-01-17,17.0,2018-02-09,3711,,,MISSING(未上市，首筆 2018-04-30);缺adj,,2018-01-16,,0,TWSE(FMTQIK),complete
tx13-2018-01-15-call,call,2018-01-15,2018-01-16,2018-01-17,18.0,2018-02-12,3711,,,MISSING(未上市，首筆 2018-04-30);缺adj,,2018-01-16,,0,TWSE(FMTQIK),complete
tx13-2018-01-15-call,call,2018-01-15,2018-01-16,2018-01-17,19.0,2018-02-21,3711,,,MISSING(未上市，首筆 2018-04-30);缺adj,,2018-01-16,,0,TWSE(FMTQIK),complete
tx13-2018-01-15-call,call,2018-01-15,2018-01-16,2018-01-17,20.0,2018-02-22,3711,,,MISSING(未上市，首筆 2018-04-30);缺adj,,2018-01-16,,0,TWSE(FMTQIK),complete
tx13-2018-01-15-call,call,2018-01-15,2018-01-16,2018-01-17,0.0,2018-01-17,EW_TW,,-0.01474029094699398,n=9/11;缺adj,9.0,2018-01-16,,21,TWSE(FMTQIK),complete
tx13-2018-01-15-call,call,2018-01-15,2018-01-16,2018-01-17,1.0,2018-01-18,EW_TW,,-0.017090063146175855,n=9/11;缺adj,9.0,2018-01-16,,21,TWSE(FMTQIK),complete
tx13-2018-01-15-call,call,2018-01-15,2018-01-16,2018-01-17,2.0,2018-01-19,EW_TW,,-0.028260302998605394,n=9/11;缺adj,9.0,2018-01-16,,21,TWSE(FMTQIK),complete
tx13-2018-01-15-call,call,2018-01-15,2018-01-16,2018-01-17,3.0,2018-01-22,EW_TW,,-0.03114632708635396,n=9/11;缺adj,9.0,2018-01-16,,21,TWSE(FMTQIK),complete
tx13-2018-01-15-call,call,2018-01-15,2018-01-16,2018-01-17,4.0,2018-01-23,EW_TW,,-0.028342334015499532,n=9/11;缺adj,9.0,2018-01-16,,21,TWSE(FMTQIK),complete
tx13-2018-01-15-call,call,2018-01-15,2018-01-16,2018-01-17,5.0,2018-01-24,EW_TW,,-0.0297168632319863,n=9/11;缺adj,9.0,2018-01-16,,21,TWSE(FMTQIK),complete
tx13-2018-01-15-call,call,2018-01-15,2018-01-16,2018-01-17,6.0,2018-01-25,EW_TW,,-0.02976793652143624,n=9/11;缺adj,9.0,2018-01-16,,21,TWSE(FMTQIK),complete
tx13-2018-01-15-call,call,2018-01-15,2018-01-16,2018-01-17,7.0,2018-01-26,EW_TW,,-0.0272053079063118,n=9/11;缺adj,9.0,2018-01-16,,21,TWSE(FMTQIK),complete
tx13-2018-01-15-call,call,2018-01-15,2018-01-16,2018-01-17,8.0,2018-01-29,EW_TW,,-0.010587569903635926,n=9/11;缺adj,9.0,2018-01-16,,21,TWSE(FMTQIK),complete
tx13-2018-01-15-call,call,2018-01-15,2018-01-16,2018-01-17,9.0,2018-01-30,EW_TW,,-0.019040829097302005,n=9/11;缺adj,9.0,2018-01-16,,21,TWSE(FMTQIK),complete
tx13-2018-01-15-call,call,2018-01-15,2018-01-16,2018-01-17,10.0,2018-01-31,EW_TW,,-0.014273487266671263,n=9/11;缺adj,9.0,2018-01-16,,21,TWSE(FMTQIK),complete
tx13-2018-01-15-call,call,2018-01-15,2018-01-16,2018-01-17,11.0,2018-02-01,EW_TW,,-0.005380771486233875,n=9/11;缺adj,9.0,2018-01-16,,21,TWSE(FMTQIK),complete
tx13-2018-01-15-call,call,2018-01-15,2018-01-16,2018-01-17,12.0,2018-02-02,EW_TW,,-0.014563408772278697,n=9/11;缺adj,9.0,2018-01-16,,21,TWSE(FMTQIK),complete
tx13-2018-01-15-call,call,2018-01-15,2018-01-16,2018-01-17,13.0,2018-02-05,EW_TW,,-0.02979202908947947,n=9/11;缺adj,9.0,2018-01-16,,21,TWSE(FMTQIK),complete
tx13-2018-01-15-call,call,2018-01-15,2018-01-16,2018-01-17,14.0,2018-02-06,EW_TW,,-0.08972582696808745,n=9/11;缺adj,9.0,2018-01-16,,21,TWSE(FMTQIK),complete
tx13-2018-01-15-call,call,2018-01-15,2018-01-16,2018-01-17,15.0,2018-02-07,EW_TW,,-0.07264236988911871,n=9/11;缺adj,9.0,2018-01-16,,21,TWSE(FMTQIK),complete
tx13-2018-01-15-call,call,2018-01-15,2018-01-16,2018-01-17,16.0,2018-02-08,EW_TW,,-0.0790805702733539,n=9/11;缺adj,9.0,2018-01-16,,21,TWSE(FMTQIK),complete
tx13-2018-01-15-call,call,2018-01-15,2018-01-16,2018-01-17,17.0,2018-02-09,EW_TW,,-0.08818386501093826,n=9/11;缺adj,9.0,2018-01-16,,21,TWSE(FMTQIK),complete
tx13-2018-01-15-call,call,2018-01-15,2018-01-16,2018-01-17,18.0,2018-02-12,EW_TW,,-0.07719751807919488,n=9/11;缺adj,9.0,2018-01-16,,21,TWSE(FMTQIK),complete
tx13-2018-01-15-call,call,2018-01-15,2018-01-16,2018-01-17,19.0,2018-02-21,EW_TW,,-0.036013215730476195,n=9/11;缺adj,9.0,2018-01-16,,21,TWSE(FMTQIK),complete
tx13-2018-01-15-call,call,2018-01-15,2018-01-16,2018-01-17,20.0,2018-02-22,EW_TW,,-0.03348157017850695,n=9/11;缺adj,9.0,2018-01-16,,21,TWSE(FMTQIK),complete
tx13-2018-01-15-call,call,2018-01-15,2018-01-16,缺,,缺,NET,,,MISSING(未上市，首筆 2019-09-13),,缺,,0,US(own bars),complete
tx14-2018-03-09-call,call,2018-03-09,2018-03-09,2018-03-12,0.0,2018-03-12,TAIEX,11002.1,0.01263527605611503,缺adj,,2018-03-09,10864.82,21,TWSE(FMTQIK),complete
tx14-2018-03-09-call,call,2018-03-09,2018-03-09,2018-03-12,1.0,2018-03-13,TAIEX,11095.63,0.02124379419079192,缺adj,,2018-03-09,10864.82,21,TWSE(FMTQIK),complete
tx14-2018-03-09-call,call,2018-03-09,2018-03-09,2018-03-12,2.0,2018-03-14,TAIEX,11038.8,0.016013150701070122,缺adj,,2018-03-09,10864.82,21,TWSE(FMTQIK),complete
tx14-2018-03-09-call,call,2018-03-09,2018-03-09,2018-03-12,3.0,2018-03-15,TAIEX,11018.45,0.014140133016469658,缺adj,,2018-03-09,10864.82,21,TWSE(FMTQIK),complete
tx14-2018-03-09-call,call,2018-03-09,2018-03-09,2018-03-12,4.0,2018-03-16,TAIEX,11027.7,0.014991504691288071,缺adj,,2018-03-09,10864.82,21,TWSE(FMTQIK),complete
tx14-2018-03-09-call,call,2018-03-09,2018-03-09,2018-03-12,5.0,2018-03-19,TAIEX,11046.9,0.016758676167667685,缺adj,,2018-03-09,10864.82,21,TWSE(FMTQIK),complete
tx14-2018-03-09-call,call,2018-03-09,2018-03-09,2018-03-12,6.0,2018-03-20,TAIEX,11010.84,0.013439707238592113,缺adj,,2018-03-09,10864.82,21,TWSE(FMTQIK),complete
tx14-2018-03-09-call,call,2018-03-09,2018-03-09,2018-03-12,7.0,2018-03-21,TAIEX,11011.07,0.013460876480236195,缺adj,,2018-03-09,10864.82,21,TWSE(FMTQIK),complete
tx14-2018-03-09-call,call,2018-03-09,2018-03-09,2018-03-12,8.0,2018-03-22,TAIEX,11005.84,0.01297950633328493,缺adj,,2018-03-09,10864.82,21,TWSE(FMTQIK),complete
tx14-2018-03-09-call,call,2018-03-09,2018-03-09,2018-03-12,9.0,2018-03-23,TAIEX,10823.33,-0.0038187471122392846,缺adj,,2018-03-09,10864.82,21,TWSE(FMTQIK),complete
tx14-2018-03-09-call,call,2018-03-09,2018-03-09,2018-03-12,10.0,2018-03-26,TAIEX,10840.05,-0.0022798352848920622,缺adj,,2018-03-09,10864.82,21,TWSE(FMTQIK),complete
tx14-2018-03-09-call,call,2018-03-09,2018-03-09,2018-03-12,11.0,2018-03-27,TAIEX,10986.79,0.011226140884064373,缺adj,,2018-03-09,10864.82,21,TWSE(FMTQIK),complete
tx14-2018-03-09-call,call,2018-03-09,2018-03-09,2018-03-12,12.0,2018-03-28,TAIEX,10865.66,7.731375209152347e-05,缺adj,,2018-03-09,10864.82,21,TWSE(FMTQIK),complete
tx14-2018-03-09-call,call,2018-03-09,2018-03-09,2018-03-12,13.0,2018-03-29,TAIEX,10845.92,-0.0017395594220612765,缺adj,,2018-03-09,10864.82,21,TWSE(FMTQIK),complete
tx14-2018-03-09-call,call,2018-03-09,2018-03-09,2018-03-12,14.0,2018-03-30,TAIEX,10906.22,0.0038104634959437167,缺adj,,2018-03-09,10864.82,21,TWSE(FMTQIK),complete
tx14-2018-03-09-call,call,2018-03-09,2018-03-09,2018-03-12,15.0,2018-04-02,TAIEX,10888.27,0.002158342245890843,缺adj,,2018-03-09,10864.82,21,TWSE(FMTQIK),complete
tx14-2018-03-09-call,call,2018-03-09,2018-03-09,2018-03-12,16.0,2018-04-03,TAIEX,10821.53,-0.0039844194381498665,缺adj,,2018-03-09,10864.82,21,TWSE(FMTQIK),complete
tx14-2018-03-09-call,call,2018-03-09,2018-03-09,2018-03-12,17.0,2018-04-09,TAIEX,10893.53,0.0026424735982741865,缺adj,,2018-03-09,10864.82,21,TWSE(FMTQIK),complete
tx14-2018-03-09-call,call,2018-03-09,2018-03-09,2018-03-12,18.0,2018-04-10,TAIEX,10927.18,0.005739625690991623,缺adj,,2018-03-09,10864.82,21,TWSE(FMTQIK),complete
tx14-2018-03-09-call,call,2018-03-09,2018-03-09,2018-03-12,19.0,2018-04-11,TAIEX,10974.02,0.01005078777190982,缺adj,,2018-03-09,10864.82,21,TWSE(FMTQIK),complete
tx14-2018-03-09-call,call,2018-03-09,2018-03-09,2018-03-12,20.0,2018-04-12,TAIEX,10955.29,0.008326875180628912,缺adj,,2018-03-09,10864.82,21,TWSE(FMTQIK),complete
tx14-2018-03-09-call,call,2018-03-09,2018-03-09,2018-03-12,0.0,2018-03-12,3037,19.85,0.01534526854219953,缺adj,,2018-03-09,19.55,21,TWSE(FMTQIK),complete
tx14-2018-03-09-call,call,2018-03-09,2018-03-09,2018-03-12,1.0,2018-03-13,3037,20.15,0.03069053708439884,缺adj,,2018-03-09,19.55,21,TWSE(FMTQIK),complete
tx14-2018-03-09-call,call,2018-03-09,2018-03-09,2018-03-12,2.0,2018-03-14,3037,19.85,0.01534526854219953,缺adj,,2018-03-09,19.55,21,TWSE(FMTQIK),complete
tx14-2018-03-09-call,call,2018-03-09,2018-03-09,2018-03-12,3.0,2018-03-15,3037,20.05,0.025575447570332477,缺adj,,2018-03-09,19.55,21,TWSE(FMTQIK),complete
tx14-2018-03-09-call,call,2018-03-09,2018-03-09,2018-03-12,4.0,2018-03-16,3037,19.75,0.010230179028132946,缺adj,,2018-03-09,19.55,21,TWSE(FMTQIK),complete
tx14-2018-03-09-call,call,2018-03-09,2018-03-09,2018-03-12,5.0,2018-03-19,3037,19.8,0.01278772378516635,缺adj,,2018-03-09,19.55,21,TWSE(FMTQIK),complete
tx14-2018-03-09-call,call,2018-03-09,2018-03-09,2018-03-12,6.0,2018-03-20,3037,20.05,0.025575447570332477,缺adj,,2018-03-09,19.55,21,TWSE(FMTQIK),complete
tx14-2018-03-09-call,call,2018-03-09,2018-03-09,2018-03-12,7.0,2018-03-21,3037,19.95,0.020460358056265893,缺adj,,2018-03-09,19.55,21,TWSE(FMTQIK),complete
tx14-2018-03-09-call,call,2018-03-09,2018-03-09,2018-03-12,8.0,2018-03-22,3037,19.2,-0.017902813299232823,缺adj,,2018-03-09,19.55,21,TWSE(FMTQIK),complete
tx14-2018-03-09-call,call,2018-03-09,2018-03-09,2018-03-12,9.0,2018-03-23,3037,18.7,-0.0434782608695653,缺adj,,2018-03-09,19.55,21,TWSE(FMTQIK),complete
tx14-2018-03-09-call,call,2018-03-09,2018-03-09,2018-03-12,10.0,2018-03-26,3037,18.9,-0.03324808184143235,缺adj,,2018-03-09,19.55,21,TWSE(FMTQIK),complete
tx14-2018-03-09-call,call,2018-03-09,2018-03-09,2018-03-12,11.0,2018-03-27,3037,19.65,0.005115089514066362,缺adj,,2018-03-09,19.55,21,TWSE(FMTQIK),complete
tx14-2018-03-09-call,call,2018-03-09,2018-03-09,2018-03-12,12.0,2018-03-28,3037,19.2,-0.017902813299232823,缺adj,,2018-03-09,19.55,21,TWSE(FMTQIK),complete
tx14-2018-03-09-call,call,2018-03-09,2018-03-09,2018-03-12,13.0,2018-03-29,3037,18.85,-0.03580562659846542,缺adj,,2018-03-09,19.55,21,TWSE(FMTQIK),complete
tx14-2018-03-09-call,call,2018-03-09,2018-03-09,2018-03-12,14.0,2018-03-30,3037,18.85,-0.03580562659846542,缺adj,,2018-03-09,19.55,21,TWSE(FMTQIK),complete
tx14-2018-03-09-call,call,2018-03-09,2018-03-09,2018-03-12,15.0,2018-04-02,3037,18.75,-0.04092071611253201,缺adj,,2018-03-09,19.55,21,TWSE(FMTQIK),complete
tx14-2018-03-09-call,call,2018-03-09,2018-03-09,2018-03-12,16.0,2018-04-03,3037,18.55,-0.051150895140664954,缺adj,,2018-03-09,19.55,21,TWSE(FMTQIK),complete
tx14-2018-03-09-call,call,2018-03-09,2018-03-09,2018-03-12,17.0,2018-04-09,3037,18.15,-0.07161125319693107,缺adj,,2018-03-09,19.55,21,TWSE(FMTQIK),complete
tx14-2018-03-09-call,call,2018-03-09,2018-03-09,2018-03-12,18.0,2018-04-10,3037,18.1,-0.07416879795396414,缺adj,,2018-03-09,19.55,21,TWSE(FMTQIK),complete
tx14-2018-03-09-call,call,2018-03-09,2018-03-09,2018-03-12,19.0,2018-04-11,3037,18.0,-0.07928388746803072,缺adj,,2018-03-09,19.55,21,TWSE(FMTQIK),complete
tx14-2018-03-09-call,call,2018-03-09,2018-03-09,2018-03-12,20.0,2018-04-12,3037,18.65,-0.04603580562659859,缺adj,,2018-03-09,19.55,21,TWSE(FMTQIK),complete
tx14-2018-03-09-call,call,2018-03-09,2018-03-09,2018-03-12,0.0,2018-03-12,8046,34.5,0.0029069767441860517,缺adj,,2018-03-09,34.4,21,TWSE(FMTQIK),complete
tx14-2018-03-09-call,call,2018-03-09,2018-03-09,2018-03-12,1.0,2018-03-13,8046,33.9,-0.014534883720930258,缺adj,,2018-03-09,34.4,21,TWSE(FMTQIK),complete
tx14-2018-03-09-call,call,2018-03-09,2018-03-09,2018-03-12,2.0,2018-03-14,8046,33.0,-0.04069767441860461,缺adj,,2018-03-09,34.4,21,TWSE(FMTQIK),complete
tx14-2018-03-09-call,call,2018-03-09,2018-03-09,2018-03-12,3.0,2018-03-15,8046,32.95,-0.04215116279069753,缺adj,,2018-03-09,34.4,21,TWSE(FMTQIK),complete
tx14-2018-03-09-call,call,2018-03-09,2018-03-09,2018-03-12,4.0,2018-03-16,8046,31.5,-0.08430232558139528,缺adj,,2018-03-09,34.4,21,TWSE(FMTQIK),complete
tx14-2018-03-09-call,call,2018-03-09,2018-03-09,2018-03-12,5.0,2018-03-19,8046,31.5,-0.08430232558139528,缺adj,,2018-03-09,34.4,21,TWSE(FMTQIK),complete
tx14-2018-03-09-call,call,2018-03-09,2018-03-09,2018-03-12,6.0,2018-03-20,8046,31.7,-0.07848837209302328,缺adj,,2018-03-09,34.4,21,TWSE(FMTQIK),complete
tx14-2018-03-09-call,call,2018-03-09,2018-03-09,2018-03-12,7.0,2018-03-21,8046,32.35,-0.05959302325581384,缺adj,,2018-03-09,34.4,21,TWSE(FMTQIK),complete
tx14-2018-03-09-call,call,2018-03-09,2018-03-09,2018-03-12,8.0,2018-03-22,8046,32.0,-0.06976744186046513,缺adj,,2018-03-09,34.4,21,TWSE(FMTQIK),complete
tx14-2018-03-09-call,call,2018-03-09,2018-03-09,2018-03-12,9.0,2018-03-23,8046,30.65,-0.10901162790697672,缺adj,,2018-03-09,34.4,21,TWSE(FMTQIK),complete
tx14-2018-03-09-call,call,2018-03-09,2018-03-09,2018-03-12,10.0,2018-03-26,8046,31.0,-0.09883720930232553,缺adj,,2018-03-09,34.4,21,TWSE(FMTQIK),complete
tx14-2018-03-09-call,call,2018-03-09,2018-03-09,2018-03-12,11.0,2018-03-27,8046,32.7,-0.049418604651162656,缺adj,,2018-03-09,34.4,21,TWSE(FMTQIK),complete
tx14-2018-03-09-call,call,2018-03-09,2018-03-09,2018-03-12,12.0,2018-03-28,8046,32.6,-0.05232558139534871,缺adj,,2018-03-09,34.4,21,TWSE(FMTQIK),complete
tx14-2018-03-09-call,call,2018-03-09,2018-03-09,2018-03-12,13.0,2018-03-29,8046,35.7,0.03779069767441867,缺adj,,2018-03-09,34.4,21,TWSE(FMTQIK),complete
tx14-2018-03-09-call,call,2018-03-09,2018-03-09,2018-03-12,14.0,2018-03-30,8046,33.7,-0.02034883720930225,缺adj,,2018-03-09,34.4,21,TWSE(FMTQIK),complete
tx14-2018-03-09-call,call,2018-03-09,2018-03-09,2018-03-12,15.0,2018-04-02,8046,32.8,-0.04651162790697683,缺adj,,2018-03-09,34.4,21,TWSE(FMTQIK),complete
tx14-2018-03-09-call,call,2018-03-09,2018-03-09,2018-03-12,16.0,2018-04-03,8046,32.35,-0.05959302325581384,缺adj,,2018-03-09,34.4,21,TWSE(FMTQIK),complete
tx14-2018-03-09-call,call,2018-03-09,2018-03-09,2018-03-12,17.0,2018-04-09,8046,31.15,-0.09447674418604657,缺adj,,2018-03-09,34.4,21,TWSE(FMTQIK),complete
tx14-2018-03-09-call,call,2018-03-09,2018-03-09,2018-03-12,18.0,2018-04-10,8046,31.5,-0.08430232558139528,缺adj,,2018-03-09,34.4,21,TWSE(FMTQIK),complete
tx14-2018-03-09-call,call,2018-03-09,2018-03-09,2018-03-12,19.0,2018-04-11,8046,30.7,-0.10755813953488369,缺adj,,2018-03-09,34.4,21,TWSE(FMTQIK),complete
tx14-2018-03-09-call,call,2018-03-09,2018-03-09,2018-03-12,20.0,2018-04-12,8046,30.35,-0.11773255813953476,缺adj,,2018-03-09,34.4,21,TWSE(FMTQIK),complete
tx14-2018-03-09-call,call,2018-03-09,2018-03-09,2018-03-12,0.0,2018-03-12,3189,54.8,-0.0036363636363636598,缺adj,,2018-03-09,55.0,21,TWSE(FMTQIK),complete
tx14-2018-03-09-call,call,2018-03-09,2018-03-09,2018-03-12,1.0,2018-03-13,3189,54.3,-0.01272727272727281,缺adj,,2018-03-09,55.0,21,TWSE(FMTQIK),complete
tx14-2018-03-09-call,call,2018-03-09,2018-03-09,2018-03-12,2.0,2018-03-14,3189,57.1,0.03818181818181832,缺adj,,2018-03-09,55.0,21,TWSE(FMTQIK),complete
tx14-2018-03-09-call,call,2018-03-09,2018-03-09,2018-03-12,3.0,2018-03-15,3189,57.7,0.049090909090909074,缺adj,,2018-03-09,55.0,21,TWSE(FMTQIK),complete
tx14-2018-03-09-call,call,2018-03-09,2018-03-09,2018-03-12,4.0,2018-03-16,3189,56.1,0.020000000000000018,缺adj,,2018-03-09,55.0,21,TWSE(FMTQIK),complete
tx14-2018-03-09-call,call,2018-03-09,2018-03-09,2018-03-12,5.0,2018-03-19,3189,57.3,0.041818181818181754,缺adj,,2018-03-09,55.0,21,TWSE(FMTQIK),complete
tx14-2018-03-09-call,call,2018-03-09,2018-03-09,2018-03-12,6.0,2018-03-20,3189,56.4,0.025454545454545396,缺adj,,2018-03-09,55.0,21,TWSE(FMTQIK),complete
tx14-2018-03-09-call,call,2018-03-09,2018-03-09,2018-03-12,7.0,2018-03-21,3189,56.8,0.032727272727272716,缺adj,,2018-03-09,55.0,21,TWSE(FMTQIK),complete
tx14-2018-03-09-call,call,2018-03-09,2018-03-09,2018-03-12,8.0,2018-03-22,3189,55.4,0.0072727272727273196,缺adj,,2018-03-09,55.0,21,TWSE(FMTQIK),complete
tx14-2018-03-09-call,call,2018-03-09,2018-03-09,2018-03-12,9.0,2018-03-23,3189,54.1,-0.016363636363636358,缺adj,,2018-03-09,55.0,21,TWSE(FMTQIK),complete
tx14-2018-03-09-call,call,2018-03-09,2018-03-09,2018-03-12,10.0,2018-03-26,3189,54.3,-0.01272727272727281,缺adj,,2018-03-09,55.0,21,TWSE(FMTQIK),complete
tx14-2018-03-09-call,call,2018-03-09,2018-03-09,2018-03-12,11.0,2018-03-27,3189,55.6,0.01090909090909098,缺adj,,2018-03-09,55.0,21,TWSE(FMTQIK),complete
tx14-2018-03-09-call,call,2018-03-09,2018-03-09,2018-03-12,12.0,2018-03-28,3189,56.0,0.018181818181818077,缺adj,,2018-03-09,55.0,21,TWSE(FMTQIK),complete
tx14-2018-03-09-call,call,2018-03-09,2018-03-09,2018-03-12,13.0,2018-03-29,3189,55.8,0.014545454545454417,缺adj,,2018-03-09,55.0,21,TWSE(FMTQIK),complete
tx14-2018-03-09-call,call,2018-03-09,2018-03-09,2018-03-12,14.0,2018-03-30,3189,56.2,0.02181818181818196,缺adj,,2018-03-09,55.0,21,TWSE(FMTQIK),complete
tx14-2018-03-09-call,call,2018-03-09,2018-03-09,2018-03-12,15.0,2018-04-02,3189,54.6,-0.0072727272727272085,缺adj,,2018-03-09,55.0,21,TWSE(FMTQIK),complete
tx14-2018-03-09-call,call,2018-03-09,2018-03-09,2018-03-12,16.0,2018-04-03,3189,54.3,-0.01272727272727281,缺adj,,2018-03-09,55.0,21,TWSE(FMTQIK),complete
tx14-2018-03-09-call,call,2018-03-09,2018-03-09,2018-03-12,17.0,2018-04-09,3189,55.0,0.0,缺adj,,2018-03-09,55.0,21,TWSE(FMTQIK),complete
tx14-2018-03-09-call,call,2018-03-09,2018-03-09,2018-03-12,18.0,2018-04-10,3189,54.0,-0.018181818181818188,缺adj,,2018-03-09,55.0,21,TWSE(FMTQIK),complete
tx14-2018-03-09-call,call,2018-03-09,2018-03-09,2018-03-12,19.0,2018-04-11,3189,54.0,-0.018181818181818188,缺adj,,2018-03-09,55.0,21,TWSE(FMTQIK),complete
tx14-2018-03-09-call,call,2018-03-09,2018-03-09,2018-03-12,20.0,2018-04-12,3189,53.6,-0.025454545454545396,缺adj,,2018-03-09,55.0,21,TWSE(FMTQIK),complete
tx14-2018-03-09-call,call,2018-03-09,2018-03-09,2018-03-12,0.0,2018-03-12,2368,9.6,-0.004149377593361092,缺adj,,2018-03-09,9.64,21,TWSE(FMTQIK),complete
tx14-2018-03-09-call,call,2018-03-09,2018-03-09,2018-03-12,1.0,2018-03-13,2368,9.85,0.02178423236514515,缺adj,,2018-03-09,9.64,21,TWSE(FMTQIK),complete
tx14-2018-03-09-call,call,2018-03-09,2018-03-09,2018-03-12,2.0,2018-03-14,2368,9.86,0.022821576763485396,缺adj,,2018-03-09,9.64,21,TWSE(FMTQIK),complete
tx14-2018-03-09-call,call,2018-03-09,2018-03-09,2018-03-12,3.0,2018-03-15,2368,10.0,0.03734439834024883,缺adj,,2018-03-09,9.64,21,TWSE(FMTQIK),complete
tx14-2018-03-09-call,call,2018-03-09,2018-03-09,2018-03-12,4.0,2018-03-16,2368,9.86,0.022821576763485396,缺adj,,2018-03-09,9.64,21,TWSE(FMTQIK),complete
tx14-2018-03-09-call,call,2018-03-09,2018-03-09,2018-03-12,5.0,2018-03-19,2368,9.79,0.01556016597510368,缺adj,,2018-03-09,9.64,21,TWSE(FMTQIK),complete
tx14-2018-03-09-call,call,2018-03-09,2018-03-09,2018-03-12,6.0,2018-03-20,2368,9.69,0.005186721991701226,缺adj,,2018-03-09,9.64,21,TWSE(FMTQIK),complete
tx14-2018-03-09-call,call,2018-03-09,2018-03-09,2018-03-12,7.0,2018-03-21,2368,9.77,0.013485477178423189,缺adj,,2018-03-09,9.64,21,TWSE(FMTQIK),complete
tx14-2018-03-09-call,call,2018-03-09,2018-03-09,2018-03-12,8.0,2018-03-22,2368,9.62,-0.0020746887966806016,缺adj,,2018-03-09,9.64,21,TWSE(FMTQIK),complete
tx14-2018-03-09-call,call,2018-03-09,2018-03-09,2018-03-12,9.0,2018-03-23,2368,9.4,-0.024896265560165998,缺adj,,2018-03-09,9.64,21,TWSE(FMTQIK),complete
tx14-2018-03-09-call,call,2018-03-09,2018-03-09,2018-03-12,10.0,2018-03-26,2368,9.42,-0.022821576763485507,缺adj,,2018-03-09,9.64,21,TWSE(FMTQIK),complete
tx14-2018-03-09-call,call,2018-03-09,2018-03-09,2018-03-12,11.0,2018-03-27,2368,9.72,0.008298755186721962,缺adj,,2018-03-09,9.64,21,TWSE(FMTQIK),complete
tx14-2018-03-09-call,call,2018-03-09,2018-03-09,2018-03-12,12.0,2018-03-28,2368,9.7,0.006224066390041472,缺adj,,2018-03-09,9.64,21,TWSE(FMTQIK),complete
tx14-2018-03-09-call,call,2018-03-09,2018-03-09,2018-03-12,13.0,2018-03-29,2368,9.83,0.01970954356846466,缺adj,,2018-03-09,9.64,21,TWSE(FMTQIK),complete
tx14-2018-03-09-call,call,2018-03-09,2018-03-09,2018-03-12,14.0,2018-03-30,2368,9.8,0.016597510373443924,缺adj,,2018-03-09,9.64,21,TWSE(FMTQIK),complete
tx14-2018-03-09-call,call,2018-03-09,2018-03-09,2018-03-12,15.0,2018-04-02,2368,9.72,0.008298755186721962,缺adj,,2018-03-09,9.64,21,TWSE(FMTQIK),complete
tx14-2018-03-09-call,call,2018-03-09,2018-03-09,2018-03-12,16.0,2018-04-03,2368,9.7,0.006224066390041472,缺adj,,2018-03-09,9.64,21,TWSE(FMTQIK),complete
tx14-2018-03-09-call,call,2018-03-09,2018-03-09,2018-03-12,17.0,2018-04-09,2368,9.63,-0.0010373443983402453,缺adj,,2018-03-09,9.64,21,TWSE(FMTQIK),complete
tx14-2018-03-09-call,call,2018-03-09,2018-03-09,2018-03-12,18.0,2018-04-10,2368,9.6,-0.004149377593361092,缺adj,,2018-03-09,9.64,21,TWSE(FMTQIK),complete
tx14-2018-03-09-call,call,2018-03-09,2018-03-09,2018-03-12,19.0,2018-04-11,2368,9.72,0.008298755186721962,缺adj,,2018-03-09,9.64,21,TWSE(FMTQIK),complete
tx14-2018-03-09-call,call,2018-03-09,2018-03-09,2018-03-12,20.0,2018-04-12,2368,10.0,0.03734439834024883,缺adj,,2018-03-09,9.64,21,TWSE(FMTQIK),complete
tx14-2018-03-09-call,call,2018-03-09,2018-03-09,2018-03-12,0.0,2018-03-12,2383,102.0,-0.009708737864077666,缺adj,,2018-03-09,103.0,21,TWSE(FMTQIK),complete
tx14-2018-03-09-call,call,2018-03-09,2018-03-09,2018-03-12,1.0,2018-03-13,2383,105.0,0.01941747572815533,缺adj,,2018-03-09,103.0,21,TWSE(FMTQIK),complete
tx14-2018-03-09-call,call,2018-03-09,2018-03-09,2018-03-12,2.0,2018-03-14,2383,103.0,0.0,缺adj,,2018-03-09,103.0,21,TWSE(FMTQIK),complete
tx14-2018-03-09-call,call,2018-03-09,2018-03-09,2018-03-12,3.0,2018-03-15,2383,108.0,0.04854368932038833,缺adj,,2018-03-09,103.0,21,TWSE(FMTQIK),complete
tx14-2018-03-09-call,call,2018-03-09,2018-03-09,2018-03-12,4.0,2018-03-16,2383,110.0,0.06796116504854366,缺adj,,2018-03-09,103.0,21,TWSE(FMTQIK),complete
tx14-2018-03-09-call,call,2018-03-09,2018-03-09,2018-03-12,5.0,2018-03-19,2383,106.0,0.029126213592232997,缺adj,,2018-03-09,103.0,21,TWSE(FMTQIK),complete
tx14-2018-03-09-call,call,2018-03-09,2018-03-09,2018-03-12,6.0,2018-03-20,2383,105.0,0.01941747572815533,缺adj,,2018-03-09,103.0,21,TWSE(FMTQIK),complete
tx14-2018-03-09-call,call,2018-03-09,2018-03-09,2018-03-12,7.0,2018-03-21,2383,101.5,-0.014563106796116498,缺adj,,2018-03-09,103.0,21,TWSE(FMTQIK),complete
tx14-2018-03-09-call,call,2018-03-09,2018-03-09,2018-03-12,8.0,2018-03-22,2383,98.1,-0.04757281553398063,缺adj,,2018-03-09,103.0,21,TWSE(FMTQIK),complete
tx14-2018-03-09-call,call,2018-03-09,2018-03-09,2018-03-12,9.0,2018-03-23,2383,95.1,-0.07669902912621362,缺adj,,2018-03-09,103.0,21,TWSE(FMTQIK),complete
tx14-2018-03-09-call,call,2018-03-09,2018-03-09,2018-03-12,10.0,2018-03-26,2383,95.6,-0.07184466019417479,缺adj,,2018-03-09,103.0,21,TWSE(FMTQIK),complete
tx14-2018-03-09-call,call,2018-03-09,2018-03-09,2018-03-12,11.0,2018-03-27,2383,96.6,-0.062135922330097126,缺adj,,2018-03-09,103.0,21,TWSE(FMTQIK),complete
tx14-2018-03-09-call,call,2018-03-09,2018-03-09,2018-03-12,12.0,2018-03-28,2383,94.1,-0.08640776699029129,缺adj,,2018-03-09,103.0,21,TWSE(FMTQIK),complete
tx14-2018-03-09-call,call,2018-03-09,2018-03-09,2018-03-12,13.0,2018-03-29,2383,95.7,-0.07087378640776698,缺adj,,2018-03-09,103.0,21,TWSE(FMTQIK),complete
tx14-2018-03-09-call,call,2018-03-09,2018-03-09,2018-03-12,14.0,2018-03-30,2383,94.4,-0.08349514563106786,缺adj,,2018-03-09,103.0,21,TWSE(FMTQIK),complete
tx14-2018-03-09-call,call,2018-03-09,2018-03-09,2018-03-12,15.0,2018-04-02,2383,93.2,-0.09514563106796114,缺adj,,2018-03-09,103.0,21,TWSE(FMTQIK),complete
tx14-2018-03-09-call,call,2018-03-09,2018-03-09,2018-03-12,16.0,2018-04-03,2383,91.7,-0.10970873786407764,缺adj,,2018-03-09,103.0,21,TWSE(FMTQIK),complete
tx14-2018-03-09-call,call,2018-03-09,2018-03-09,2018-03-12,17.0,2018-04-09,2383,87.5,-0.15048543689320393,缺adj,,2018-03-09,103.0,21,TWSE(FMTQIK),complete
tx14-2018-03-09-call,call,2018-03-09,2018-03-09,2018-03-12,18.0,2018-04-10,2383,91.0,-0.11650485436893199,缺adj,,2018-03-09,103.0,21,TWSE(FMTQIK),complete
tx14-2018-03-09-call,call,2018-03-09,2018-03-09,2018-03-12,19.0,2018-04-11,2383,89.5,-0.1310679611650486,缺adj,,2018-03-09,103.0,21,TWSE(FMTQIK),complete
tx14-2018-03-09-call,call,2018-03-09,2018-03-09,2018-03-12,20.0,2018-04-12,2383,89.8,-0.12815533980582527,缺adj,,2018-03-09,103.0,21,TWSE(FMTQIK),complete
tx14-2018-03-09-call,call,2018-03-09,2018-03-09,2018-03-12,0.0,2018-03-12,6213,71.7,0.002797202797202747,缺adj,,2018-03-09,71.5,21,TWSE(FMTQIK),complete
tx14-2018-03-09-call,call,2018-03-09,2018-03-09,2018-03-12,1.0,2018-03-13,6213,72.4,0.012587412587412583,缺adj,,2018-03-09,71.5,21,TWSE(FMTQIK),complete
tx14-2018-03-09-call,call,2018-03-09,2018-03-09,2018-03-12,2.0,2018-03-14,6213,71.5,0.0,缺adj,,2018-03-09,71.5,21,TWSE(FMTQIK),complete
tx14-2018-03-09-call,call,2018-03-09,2018-03-09,2018-03-12,3.0,2018-03-15,6213,70.7,-0.011188811188811099,缺adj,,2018-03-09,71.5,21,TWSE(FMTQIK),complete
tx14-2018-03-09-call,call,2018-03-09,2018-03-09,2018-03-12,4.0,2018-03-16,6213,70.5,-0.013986013986013957,缺adj,,2018-03-09,71.5,21,TWSE(FMTQIK),complete
tx14-2018-03-09-call,call,2018-03-09,2018-03-09,2018-03-12,5.0,2018-03-19,6213,74.5,0.04195804195804187,缺adj,,2018-03-09,71.5,21,TWSE(FMTQIK),complete
tx14-2018-03-09-call,call,2018-03-09,2018-03-09,2018-03-12,6.0,2018-03-20,6213,73.0,0.020979020979021046,缺adj,,2018-03-09,71.5,21,TWSE(FMTQIK),complete
tx14-2018-03-09-call,call,2018-03-09,2018-03-09,2018-03-12,7.0,2018-03-21,6213,76.0,0.06293706293706292,缺adj,,2018-03-09,71.5,21,TWSE(FMTQIK),complete
tx14-2018-03-09-call,call,2018-03-09,2018-03-09,2018-03-12,8.0,2018-03-22,6213,71.9,0.005594405594405716,缺adj,,2018-03-09,71.5,21,TWSE(FMTQIK),complete
tx14-2018-03-09-call,call,2018-03-09,2018-03-09,2018-03-12,9.0,2018-03-23,6213,70.2,-0.018181818181818188,缺adj,,2018-03-09,71.5,21,TWSE(FMTQIK),complete
tx14-2018-03-09-call,call,2018-03-09,2018-03-09,2018-03-12,10.0,2018-03-26,6213,70.7,-0.011188811188811099,缺adj,,2018-03-09,71.5,21,TWSE(FMTQIK),complete
tx14-2018-03-09-call,call,2018-03-09,2018-03-09,2018-03-12,11.0,2018-03-27,6213,70.2,-0.018181818181818188,缺adj,,2018-03-09,71.5,21,TWSE(FMTQIK),complete
tx14-2018-03-09-call,call,2018-03-09,2018-03-09,2018-03-12,12.0,2018-03-28,6213,67.4,-0.05734265734265731,缺adj,,2018-03-09,71.5,21,TWSE(FMTQIK),complete
tx14-2018-03-09-call,call,2018-03-09,2018-03-09,2018-03-12,13.0,2018-03-29,6213,68.6,-0.04055944055944061,缺adj,,2018-03-09,71.5,21,TWSE(FMTQIK),complete
tx14-2018-03-09-call,call,2018-03-09,2018-03-09,2018-03-12,14.0,2018-03-30,6213,71.5,0.0,缺adj,,2018-03-09,71.5,21,TWSE(FMTQIK),complete
tx14-2018-03-09-call,call,2018-03-09,2018-03-09,2018-03-12,15.0,2018-04-02,6213,70.0,-0.020979020979020935,缺adj,,2018-03-09,71.5,21,TWSE(FMTQIK),complete
tx14-2018-03-09-call,call,2018-03-09,2018-03-09,2018-03-12,16.0,2018-04-03,6213,71.4,-0.0013986013986013734,缺adj,,2018-03-09,71.5,21,TWSE(FMTQIK),complete
tx14-2018-03-09-call,call,2018-03-09,2018-03-09,2018-03-12,17.0,2018-04-09,6213,69.5,-0.027972027972028024,缺adj,,2018-03-09,71.5,21,TWSE(FMTQIK),complete
tx14-2018-03-09-call,call,2018-03-09,2018-03-09,2018-03-12,18.0,2018-04-10,6213,70.5,-0.013986013986013957,缺adj,,2018-03-09,71.5,21,TWSE(FMTQIK),complete
tx14-2018-03-09-call,call,2018-03-09,2018-03-09,2018-03-12,19.0,2018-04-11,6213,71.2,-0.00419580419580412,缺adj,,2018-03-09,71.5,21,TWSE(FMTQIK),complete
tx14-2018-03-09-call,call,2018-03-09,2018-03-09,2018-03-12,20.0,2018-04-12,6213,72.5,0.013986013986013957,缺adj,,2018-03-09,71.5,21,TWSE(FMTQIK),complete
tx14-2018-03-09-call,call,2018-03-09,2018-03-09,2018-03-12,0.0,2018-03-12,6274,89.4,0.03472222222222232,缺adj,,2018-03-09,86.4,21,TWSE(FMTQIK),complete
tx14-2018-03-09-call,call,2018-03-09,2018-03-09,2018-03-12,1.0,2018-03-13,6274,91.5,0.05902777777777768,缺adj,,2018-03-09,86.4,21,TWSE(FMTQIK),complete
tx14-2018-03-09-call,call,2018-03-09,2018-03-09,2018-03-12,2.0,2018-03-14,6274,91.6,0.06018518518518512,缺adj,,2018-03-09,86.4,21,TWSE(FMTQIK),complete
tx14-2018-03-09-call,call,2018-03-09,2018-03-09,2018-03-12,3.0,2018-03-15,6274,90.2,0.0439814814814814,缺adj,,2018-03-09,86.4,21,TWSE(FMTQIK),complete
tx14-2018-03-09-call,call,2018-03-09,2018-03-09,2018-03-12,4.0,2018-03-16,6274,91.2,0.05555555555555558,缺adj,,2018-03-09,86.4,21,TWSE(FMTQIK),complete
tx14-2018-03-09-call,call,2018-03-09,2018-03-09,2018-03-12,5.0,2018-03-19,6274,93.0,0.07638888888888884,缺adj,,2018-03-09,86.4,21,TWSE(FMTQIK),complete
tx14-2018-03-09-call,call,2018-03-09,2018-03-09,2018-03-12,6.0,2018-03-20,6274,91.5,0.05902777777777768,缺adj,,2018-03-09,86.4,21,TWSE(FMTQIK),complete
tx14-2018-03-09-call,call,2018-03-09,2018-03-09,2018-03-12,7.0,2018-03-21,6274,91.2,0.05555555555555558,缺adj,,2018-03-09,86.4,21,TWSE(FMTQIK),complete
tx14-2018-03-09-call,call,2018-03-09,2018-03-09,2018-03-12,8.0,2018-03-22,6274,91.0,0.0532407407407407,缺adj,,2018-03-09,86.4,21,TWSE(FMTQIK),complete
tx14-2018-03-09-call,call,2018-03-09,2018-03-09,2018-03-12,9.0,2018-03-23,6274,89.0,0.03009259259259256,缺adj,,2018-03-09,86.4,21,TWSE(FMTQIK),complete
tx14-2018-03-09-call,call,2018-03-09,2018-03-09,2018-03-12,10.0,2018-03-26,6274,87.0,0.00694444444444442,缺adj,,2018-03-09,86.4,21,TWSE(FMTQIK),complete
tx14-2018-03-09-call,call,2018-03-09,2018-03-09,2018-03-12,11.0,2018-03-27,6274,88.0,0.01851851851851838,缺adj,,2018-03-09,86.4,21,TWSE(FMTQIK),complete
tx14-2018-03-09-call,call,2018-03-09,2018-03-09,2018-03-12,12.0,2018-03-28,6274,86.0,-0.00462962962962965,缺adj,,2018-03-09,86.4,21,TWSE(FMTQIK),complete
tx14-2018-03-09-call,call,2018-03-09,2018-03-09,2018-03-12,13.0,2018-03-29,6274,92.1,0.0659722222222221,缺adj,,2018-03-09,86.4,21,TWSE(FMTQIK),complete
tx14-2018-03-09-call,call,2018-03-09,2018-03-09,2018-03-12,14.0,2018-03-30,6274,99.0,0.14583333333333326,缺adj,,2018-03-09,86.4,21,TWSE(FMTQIK),complete
tx14-2018-03-09-call,call,2018-03-09,2018-03-09,2018-03-12,15.0,2018-04-02,6274,95.5,0.10532407407407396,缺adj,,2018-03-09,86.4,21,TWSE(FMTQIK),complete
tx14-2018-03-09-call,call,2018-03-09,2018-03-09,2018-03-12,16.0,2018-04-03,6274,96.5,0.11689814814814814,缺adj,,2018-03-09,86.4,21,TWSE(FMTQIK),complete
tx14-2018-03-09-call,call,2018-03-09,2018-03-09,2018-03-12,17.0,2018-04-09,6274,95.0,0.09953703703703698,缺adj,,2018-03-09,86.4,21,TWSE(FMTQIK),complete
tx14-2018-03-09-call,call,2018-03-09,2018-03-09,2018-03-12,18.0,2018-04-10,6274,93.9,0.08680555555555558,缺adj,,2018-03-09,86.4,21,TWSE(FMTQIK),complete
tx14-2018-03-09-call,call,2018-03-09,2018-03-09,2018-03-12,19.0,2018-04-11,6274,94.3,0.09143518518518512,缺adj,,2018-03-09,86.4,21,TWSE(FMTQIK),complete
tx14-2018-03-09-call,call,2018-03-09,2018-03-09,2018-03-12,20.0,2018-04-12,6274,93.9,0.08680555555555558,缺adj,,2018-03-09,86.4,21,TWSE(FMTQIK),complete
tx14-2018-03-09-call,call,2018-03-09,2018-03-09,2018-03-12,0.0,2018-03-12,2408,83.0,-0.0036014405762304635,缺adj,,2018-03-09,83.3,21,TWSE(FMTQIK),complete
tx14-2018-03-09-call,call,2018-03-09,2018-03-09,2018-03-12,1.0,2018-03-13,2408,89.9,0.07923169267707086,缺adj,,2018-03-09,83.3,21,TWSE(FMTQIK),complete
tx14-2018-03-09-call,call,2018-03-09,2018-03-09,2018-03-12,2.0,2018-03-14,2408,89.4,0.0732292917166868,缺adj,,2018-03-09,83.3,21,TWSE(FMTQIK),complete
tx14-2018-03-09-call,call,2018-03-09,2018-03-09,2018-03-12,3.0,2018-03-15,2408,91.0,0.09243697478991608,缺adj,,2018-03-09,83.3,21,TWSE(FMTQIK),complete
tx14-2018-03-09-call,call,2018-03-09,2018-03-09,2018-03-12,4.0,2018-03-16,2408,94.2,0.13085234093637466,缺adj,,2018-03-09,83.3,21,TWSE(FMTQIK),complete
tx14-2018-03-09-call,call,2018-03-09,2018-03-09,2018-03-12,5.0,2018-03-19,2408,97.0,0.1644657863145258,缺adj,,2018-03-09,83.3,21,TWSE(FMTQIK),complete
tx14-2018-03-09-call,call,2018-03-09,2018-03-09,2018-03-12,6.0,2018-03-20,2408,95.0,0.1404561824729893,缺adj,,2018-03-09,83.3,21,TWSE(FMTQIK),complete
tx14-2018-03-09-call,call,2018-03-09,2018-03-09,2018-03-12,7.0,2018-03-21,2408,99.0,0.18847539015606252,缺adj,,2018-03-09,83.3,21,TWSE(FMTQIK),complete
tx14-2018-03-09-call,call,2018-03-09,2018-03-09,2018-03-12,8.0,2018-03-22,2408,96.3,0.156062424969988,缺adj,,2018-03-09,83.3,21,TWSE(FMTQIK),complete
tx14-2018-03-09-call,call,2018-03-09,2018-03-09,2018-03-12,9.0,2018-03-23,2408,94.5,0.134453781512605,缺adj,,2018-03-09,83.3,21,TWSE(FMTQIK),complete
tx14-2018-03-09-call,call,2018-03-09,2018-03-09,2018-03-12,10.0,2018-03-26,2408,92.0,0.10444177671068422,缺adj,,2018-03-09,83.3,21,TWSE(FMTQIK),complete
tx14-2018-03-09-call,call,2018-03-09,2018-03-09,2018-03-12,11.0,2018-03-27,2408,95.4,0.14525810324129673,缺adj,,2018-03-09,83.3,21,TWSE(FMTQIK),complete
tx14-2018-03-09-call,call,2018-03-09,2018-03-09,2018-03-12,12.0,2018-03-28,2408,90.7,0.08883553421368551,缺adj,,2018-03-09,83.3,21,TWSE(FMTQIK),complete
tx14-2018-03-09-call,call,2018-03-09,2018-03-09,2018-03-12,13.0,2018-03-29,2408,92.3,0.1080432172869148,缺adj,,2018-03-09,83.3,21,TWSE(FMTQIK),complete
tx14-2018-03-09-call,call,2018-03-09,2018-03-09,2018-03-12,14.0,2018-03-30,2408,91.8,0.10204081632653073,缺adj,,2018-03-09,83.3,21,TWSE(FMTQIK),complete
tx14-2018-03-09-call,call,2018-03-09,2018-03-09,2018-03-12,15.0,2018-04-02,2408,91.7,0.10084033613445387,缺adj,,2018-03-09,83.3,21,TWSE(FMTQIK),complete
tx14-2018-03-09-call,call,2018-03-09,2018-03-09,2018-03-12,16.0,2018-04-03,2408,90.6,0.08763505402160865,缺adj,,2018-03-09,83.3,21,TWSE(FMTQIK),complete
tx14-2018-03-09-call,call,2018-03-09,2018-03-09,2018-03-12,17.0,2018-04-09,2408,88.5,0.062424969987995294,缺adj,,2018-03-09,83.3,21,TWSE(FMTQIK),complete
tx14-2018-03-09-call,call,2018-03-09,2018-03-09,2018-03-12,18.0,2018-04-10,2408,91.9,0.10324129651860758,缺adj,,2018-03-09,83.3,21,TWSE(FMTQIK),complete
tx14-2018-03-09-call,call,2018-03-09,2018-03-09,2018-03-12,19.0,2018-04-11,2408,91.2,0.0948379351740698,缺adj,,2018-03-09,83.3,21,TWSE(FMTQIK),complete
tx14-2018-03-09-call,call,2018-03-09,2018-03-09,2018-03-12,20.0,2018-04-12,2408,92.5,0.11044417767106851,缺adj,,2018-03-09,83.3,21,TWSE(FMTQIK),complete
tx14-2018-03-09-call,call,2018-03-09,2018-03-09,2018-03-12,0.0,2018-03-12,2344,19.85,-0.009975062344139585,缺adj,,2018-03-09,20.05,21,TWSE(FMTQIK),complete
tx14-2018-03-09-call,call,2018-03-09,2018-03-09,2018-03-12,1.0,2018-03-13,2344,21.15,0.05486284289276799,缺adj,,2018-03-09,20.05,21,TWSE(FMTQIK),complete
tx14-2018-03-09-call,call,2018-03-09,2018-03-09,2018-03-12,2.0,2018-03-14,2344,20.75,0.034912718204488824,缺adj,,2018-03-09,20.05,21,TWSE(FMTQIK),complete
tx14-2018-03-09-call,call,2018-03-09,2018-03-09,2018-03-12,3.0,2018-03-15,2344,21.1,0.052369077306733125,缺adj,,2018-03-09,20.05,21,TWSE(FMTQIK),complete
tx14-2018-03-09-call,call,2018-03-09,2018-03-09,2018-03-12,4.0,2018-03-16,2344,21.2,0.05735660847880286,缺adj,,2018-03-09,20.05,21,TWSE(FMTQIK),complete
tx14-2018-03-09-call,call,2018-03-09,2018-03-09,2018-03-12,5.0,2018-03-19,2344,21.0,0.04738154613466339,缺adj,,2018-03-09,20.05,21,TWSE(FMTQIK),complete
tx14-2018-03-09-call,call,2018-03-09,2018-03-09,2018-03-12,6.0,2018-03-20,2344,20.6,0.027431421446383997,缺adj,,2018-03-09,20.05,21,TWSE(FMTQIK),complete
tx14-2018-03-09-call,call,2018-03-09,2018-03-09,2018-03-12,7.0,2018-03-21,2344,20.8,0.03740648379052369,缺adj,,2018-03-09,20.05,21,TWSE(FMTQIK),complete
tx14-2018-03-09-call,call,2018-03-09,2018-03-09,2018-03-12,8.0,2018-03-22,2344,20.2,0.007481296758104605,缺adj,,2018-03-09,20.05,21,TWSE(FMTQIK),complete
tx14-2018-03-09-call,call,2018-03-09,2018-03-09,2018-03-12,9.0,2018-03-23,2344,19.9,-0.007481296758104827,缺adj,,2018-03-09,20.05,21,TWSE(FMTQIK),complete
tx14-2018-03-09-call,call,2018-03-09,2018-03-09,2018-03-12,10.0,2018-03-26,2344,19.85,-0.009975062344139585,缺adj,,2018-03-09,20.05,21,TWSE(FMTQIK),complete
tx14-2018-03-09-call,call,2018-03-09,2018-03-09,2018-03-12,11.0,2018-03-27,2344,20.2,0.007481296758104605,缺adj,,2018-03-09,20.05,21,TWSE(FMTQIK),complete
tx14-2018-03-09-call,call,2018-03-09,2018-03-09,2018-03-12,12.0,2018-03-28,2344,19.75,-0.014962593516209544,缺adj,,2018-03-09,20.05,21,TWSE(FMTQIK),complete
tx14-2018-03-09-call,call,2018-03-09,2018-03-09,2018-03-12,13.0,2018-03-29,2344,19.55,-0.02493765586034913,缺adj,,2018-03-09,20.05,21,TWSE(FMTQIK),complete
tx14-2018-03-09-call,call,2018-03-09,2018-03-09,2018-03-12,14.0,2018-03-30,2344,19.55,-0.02493765586034913,缺adj,,2018-03-09,20.05,21,TWSE(FMTQIK),complete
tx14-2018-03-09-call,call,2018-03-09,2018-03-09,2018-03-12,15.0,2018-04-02,2344,19.75,-0.014962593516209544,缺adj,,2018-03-09,20.05,21,TWSE(FMTQIK),complete
tx14-2018-03-09-call,call,2018-03-09,2018-03-09,2018-03-12,16.0,2018-04-03,2344,19.35,-0.03491271820448871,缺adj,,2018-03-09,20.05,21,TWSE(FMTQIK),complete
tx14-2018-03-09-call,call,2018-03-09,2018-03-09,2018-03-12,17.0,2018-04-09,2344,18.75,-0.0648379052369078,缺adj,,2018-03-09,20.05,21,TWSE(FMTQIK),complete
tx14-2018-03-09-call,call,2018-03-09,2018-03-09,2018-03-12,18.0,2018-04-10,2344,18.9,-0.057356608478803084,缺adj,,2018-03-09,20.05,21,TWSE(FMTQIK),complete
tx14-2018-03-09-call,call,2018-03-09,2018-03-09,2018-03-12,19.0,2018-04-11,2344,18.85,-0.05985037406483784,缺adj,,2018-03-09,20.05,21,TWSE(FMTQIK),complete
tx14-2018-03-09-call,call,2018-03-09,2018-03-09,2018-03-12,20.0,2018-04-12,2344,19.0,-0.052369077306733236,缺adj,,2018-03-09,20.05,21,TWSE(FMTQIK),complete
tx14-2018-03-09-call,call,2018-03-09,2018-03-09,2018-03-12,0.0,2018-03-12,6770,,,MISSING(未上市，首筆 2020-12-09);缺adj,,2018-03-09,,0,TWSE(FMTQIK),complete
tx14-2018-03-09-call,call,2018-03-09,2018-03-09,2018-03-12,1.0,2018-03-13,6770,,,MISSING(未上市，首筆 2020-12-09);缺adj,,2018-03-09,,0,TWSE(FMTQIK),complete
tx14-2018-03-09-call,call,2018-03-09,2018-03-09,2018-03-12,2.0,2018-03-14,6770,,,MISSING(未上市，首筆 2020-12-09);缺adj,,2018-03-09,,0,TWSE(FMTQIK),complete
tx14-2018-03-09-call,call,2018-03-09,2018-03-09,2018-03-12,3.0,2018-03-15,6770,,,MISSING(未上市，首筆 2020-12-09);缺adj,,2018-03-09,,0,TWSE(FMTQIK),complete
tx14-2018-03-09-call,call,2018-03-09,2018-03-09,2018-03-12,4.0,2018-03-16,6770,,,MISSING(未上市，首筆 2020-12-09);缺adj,,2018-03-09,,0,TWSE(FMTQIK),complete
tx14-2018-03-09-call,call,2018-03-09,2018-03-09,2018-03-12,5.0,2018-03-19,6770,,,MISSING(未上市，首筆 2020-12-09);缺adj,,2018-03-09,,0,TWSE(FMTQIK),complete
tx14-2018-03-09-call,call,2018-03-09,2018-03-09,2018-03-12,6.0,2018-03-20,6770,,,MISSING(未上市，首筆 2020-12-09);缺adj,,2018-03-09,,0,TWSE(FMTQIK),complete
tx14-2018-03-09-call,call,2018-03-09,2018-03-09,2018-03-12,7.0,2018-03-21,6770,,,MISSING(未上市，首筆 2020-12-09);缺adj,,2018-03-09,,0,TWSE(FMTQIK),complete
tx14-2018-03-09-call,call,2018-03-09,2018-03-09,2018-03-12,8.0,2018-03-22,6770,,,MISSING(未上市，首筆 2020-12-09);缺adj,,2018-03-09,,0,TWSE(FMTQIK),complete
tx14-2018-03-09-call,call,2018-03-09,2018-03-09,2018-03-12,9.0,2018-03-23,6770,,,MISSING(未上市，首筆 2020-12-09);缺adj,,2018-03-09,,0,TWSE(FMTQIK),complete
tx14-2018-03-09-call,call,2018-03-09,2018-03-09,2018-03-12,10.0,2018-03-26,6770,,,MISSING(未上市，首筆 2020-12-09);缺adj,,2018-03-09,,0,TWSE(FMTQIK),complete
tx14-2018-03-09-call,call,2018-03-09,2018-03-09,2018-03-12,11.0,2018-03-27,6770,,,MISSING(未上市，首筆 2020-12-09);缺adj,,2018-03-09,,0,TWSE(FMTQIK),complete
tx14-2018-03-09-call,call,2018-03-09,2018-03-09,2018-03-12,12.0,2018-03-28,6770,,,MISSING(未上市，首筆 2020-12-09);缺adj,,2018-03-09,,0,TWSE(FMTQIK),complete
tx14-2018-03-09-call,call,2018-03-09,2018-03-09,2018-03-12,13.0,2018-03-29,6770,,,MISSING(未上市，首筆 2020-12-09);缺adj,,2018-03-09,,0,TWSE(FMTQIK),complete
tx14-2018-03-09-call,call,2018-03-09,2018-03-09,2018-03-12,14.0,2018-03-30,6770,,,MISSING(未上市，首筆 2020-12-09);缺adj,,2018-03-09,,0,TWSE(FMTQIK),complete
tx14-2018-03-09-call,call,2018-03-09,2018-03-09,2018-03-12,15.0,2018-04-02,6770,,,MISSING(未上市，首筆 2020-12-09);缺adj,,2018-03-09,,0,TWSE(FMTQIK),complete
tx14-2018-03-09-call,call,2018-03-09,2018-03-09,2018-03-12,16.0,2018-04-03,6770,,,MISSING(未上市，首筆 2020-12-09);缺adj,,2018-03-09,,0,TWSE(FMTQIK),complete
tx14-2018-03-09-call,call,2018-03-09,2018-03-09,2018-03-12,17.0,2018-04-09,6770,,,MISSING(未上市，首筆 2020-12-09);缺adj,,2018-03-09,,0,TWSE(FMTQIK),complete
tx14-2018-03-09-call,call,2018-03-09,2018-03-09,2018-03-12,18.0,2018-04-10,6770,,,MISSING(未上市，首筆 2020-12-09);缺adj,,2018-03-09,,0,TWSE(FMTQIK),complete
tx14-2018-03-09-call,call,2018-03-09,2018-03-09,2018-03-12,19.0,2018-04-11,6770,,,MISSING(未上市，首筆 2020-12-09);缺adj,,2018-03-09,,0,TWSE(FMTQIK),complete
tx14-2018-03-09-call,call,2018-03-09,2018-03-09,2018-03-12,20.0,2018-04-12,6770,,,MISSING(未上市，首筆 2020-12-09);缺adj,,2018-03-09,,0,TWSE(FMTQIK),complete
tx14-2018-03-09-call,call,2018-03-09,2018-03-09,2018-03-12,0.0,2018-03-12,3711,,,MISSING(未上市，首筆 2018-04-30);缺adj,,2018-03-09,,0,TWSE(FMTQIK),complete
tx14-2018-03-09-call,call,2018-03-09,2018-03-09,2018-03-12,1.0,2018-03-13,3711,,,MISSING(未上市，首筆 2018-04-30);缺adj,,2018-03-09,,0,TWSE(FMTQIK),complete
tx14-2018-03-09-call,call,2018-03-09,2018-03-09,2018-03-12,2.0,2018-03-14,3711,,,MISSING(未上市，首筆 2018-04-30);缺adj,,2018-03-09,,0,TWSE(FMTQIK),complete
tx14-2018-03-09-call,call,2018-03-09,2018-03-09,2018-03-12,3.0,2018-03-15,3711,,,MISSING(未上市，首筆 2018-04-30);缺adj,,2018-03-09,,0,TWSE(FMTQIK),complete
tx14-2018-03-09-call,call,2018-03-09,2018-03-09,2018-03-12,4.0,2018-03-16,3711,,,MISSING(未上市，首筆 2018-04-30);缺adj,,2018-03-09,,0,TWSE(FMTQIK),complete
tx14-2018-03-09-call,call,2018-03-09,2018-03-09,2018-03-12,5.0,2018-03-19,3711,,,MISSING(未上市，首筆 2018-04-30);缺adj,,2018-03-09,,0,TWSE(FMTQIK),complete
tx14-2018-03-09-call,call,2018-03-09,2018-03-09,2018-03-12,6.0,2018-03-20,3711,,,MISSING(未上市，首筆 2018-04-30);缺adj,,2018-03-09,,0,TWSE(FMTQIK),complete
tx14-2018-03-09-call,call,2018-03-09,2018-03-09,2018-03-12,7.0,2018-03-21,3711,,,MISSING(未上市，首筆 2018-04-30);缺adj,,2018-03-09,,0,TWSE(FMTQIK),complete
tx14-2018-03-09-call,call,2018-03-09,2018-03-09,2018-03-12,8.0,2018-03-22,3711,,,MISSING(未上市，首筆 2018-04-30);缺adj,,2018-03-09,,0,TWSE(FMTQIK),complete
tx14-2018-03-09-call,call,2018-03-09,2018-03-09,2018-03-12,9.0,2018-03-23,3711,,,MISSING(未上市，首筆 2018-04-30);缺adj,,2018-03-09,,0,TWSE(FMTQIK),complete
tx14-2018-03-09-call,call,2018-03-09,2018-03-09,2018-03-12,10.0,2018-03-26,3711,,,MISSING(未上市，首筆 2018-04-30);缺adj,,2018-03-09,,0,TWSE(FMTQIK),complete
tx14-2018-03-09-call,call,2018-03-09,2018-03-09,2018-03-12,11.0,2018-03-27,3711,,,MISSING(未上市，首筆 2018-04-30);缺adj,,2018-03-09,,0,TWSE(FMTQIK),complete
tx14-2018-03-09-call,call,2018-03-09,2018-03-09,2018-03-12,12.0,2018-03-28,3711,,,MISSING(未上市，首筆 2018-04-30);缺adj,,2018-03-09,,0,TWSE(FMTQIK),complete
tx14-2018-03-09-call,call,2018-03-09,2018-03-09,2018-03-12,13.0,2018-03-29,3711,,,MISSING(未上市，首筆 2018-04-30);缺adj,,2018-03-09,,0,TWSE(FMTQIK),complete
tx14-2018-03-09-call,call,2018-03-09,2018-03-09,2018-03-12,14.0,2018-03-30,3711,,,MISSING(未上市，首筆 2018-04-30);缺adj,,2018-03-09,,0,TWSE(FMTQIK),complete
tx14-2018-03-09-call,call,2018-03-09,2018-03-09,2018-03-12,15.0,2018-04-02,3711,,,MISSING(未上市，首筆 2018-04-30);缺adj,,2018-03-09,,0,TWSE(FMTQIK),complete
tx14-2018-03-09-call,call,2018-03-09,2018-03-09,2018-03-12,16.0,2018-04-03,3711,,,MISSING(未上市，首筆 2018-04-30);缺adj,,2018-03-09,,0,TWSE(FMTQIK),complete
tx14-2018-03-09-call,call,2018-03-09,2018-03-09,2018-03-12,17.0,2018-04-09,3711,,,MISSING(未上市，首筆 2018-04-30);缺adj,,2018-03-09,,0,TWSE(FMTQIK),complete
tx14-2018-03-09-call,call,2018-03-09,2018-03-09,2018-03-12,18.0,2018-04-10,3711,,,MISSING(未上市，首筆 2018-04-30);缺adj,,2018-03-09,,0,TWSE(FMTQIK),complete
tx14-2018-03-09-call,call,2018-03-09,2018-03-09,2018-03-12,19.0,2018-04-11,3711,,,MISSING(未上市，首筆 2018-04-30);缺adj,,2018-03-09,,0,TWSE(FMTQIK),complete
tx14-2018-03-09-call,call,2018-03-09,2018-03-09,2018-03-12,20.0,2018-04-12,3711,,,MISSING(未上市，首筆 2018-04-30);缺adj,,2018-03-09,,0,TWSE(FMTQIK),complete
tx14-2018-03-09-call,call,2018-03-09,2018-03-09,2018-03-12,0.0,2018-03-12,EW_TW,,0.0027445209212931315,n=9/11;缺adj,9.0,2018-03-09,,21,TWSE(FMTQIK),complete
tx14-2018-03-09-call,call,2018-03-09,2018-03-09,2018-03-12,1.0,2018-03-13,EW_TW,,0.02781553496272504,n=9/11;缺adj,9.0,2018-03-09,,21,TWSE(FMTQIK),complete
tx14-2018-03-09-call,call,2018-03-09,2018-03-09,2018-03-12,2.0,2018-03-14,EW_TW,,0.02266424268613993,n=9/11;缺adj,9.0,2018-03-09,,21,TWSE(FMTQIK),complete
tx14-2018-03-09-call,call,2018-03-09,2018-03-09,2018-03-12,3.0,2018-03-15,EW_TW,,0.0328891115467223,n=9/11;缺adj,9.0,2018-03-09,,21,TWSE(FMTQIK),complete
tx14-2018-03-09-call,call,2018-03-09,2018-03-09,2018-03-12,4.0,2018-03-16,EW_TW,,0.029609898471498433,n=9/11;缺adj,9.0,2018-03-09,,21,TWSE(FMTQIK),complete
tx14-2018-03-09-call,call,2018-03-09,2018-03-09,2018-03-12,5.0,2018-03-19,EW_TW,,0.038353802542823265,n=9/11;缺adj,9.0,2018-03-09,,21,TWSE(FMTQIK),complete
tx14-2018-03-09-call,call,2018-03-09,2018-03-09,2018-03-12,6.0,2018-03-20,EW_TW,,0.027226691258653686,n=9/11;缺adj,9.0,2018-03-09,,21,TWSE(FMTQIK),complete
tx14-2018-03-09-call,call,2018-03-09,2018-03-09,2018-03-12,7.0,2018-03-21,EW_TW,,0.037432385594359574,n=9/11;缺adj,9.0,2018-03-09,,21,TWSE(FMTQIK),complete
tx14-2018-03-09-call,call,2018-03-09,2018-03-09,2018-03-12,8.0,2018-03-22,EW_TW,,0.010259315093956353,n=9/11;缺adj,9.0,2018-03-09,,21,TWSE(FMTQIK),complete
tx14-2018-03-09-call,call,2018-03-09,2018-03-09,2018-03-12,9.0,2018-03-23,EW_TW,,-0.014618395629031493,n=9/11;缺adj,9.0,2018-03-09,,21,TWSE(FMTQIK),complete
tx14-2018-03-09-call,call,2018-03-09,2018-03-09,2018-03-12,10.0,2018-03-26,EW_TW,,-0.016584050356279228,n=9/11;缺adj,9.0,2018-03-09,,21,TWSE(FMTQIK),complete
tx14-2018-03-09-call,call,2018-03-09,2018-03-09,2018-03-12,11.0,2018-03-27,EW_TW,,0.0073160565516356725,n=9/11;缺adj,9.0,2018-03-09,,21,TWSE(FMTQIK),complete
tx14-2018-03-09-call,call,2018-03-09,2018-03-09,2018-03-12,12.0,2018-03-28,EW_TW,,-0.013369958154202697,n=9/11;缺adj,9.0,2018-03-09,,21,TWSE(FMTQIK),complete
tx14-2018-03-09-call,call,2018-03-09,2018-03-09,2018-03-12,13.0,2018-03-29,EW_TW,,0.008209402874605833,n=9/11;缺adj,9.0,2018-03-09,,21,TWSE(FMTQIK),complete
tx14-2018-03-09-call,call,2018-03-09,2018-03-09,2018-03-12,14.0,2018-03-30,EW_TW,,0.01352250850581169,n=9/11;缺adj,9.0,2018-03-09,,21,TWSE(FMTQIK),complete
tx14-2018-03-09-call,call,2018-03-09,2018-03-09,2018-03-12,15.0,2018-04-02,EW_TW,,-0.0012587946066864308,n=9/11;缺adj,9.0,2018-03-09,,21,TWSE(FMTQIK),complete
tx14-2018-03-09-call,call,2018-03-09,2018-03-09,2018-03-12,16.0,2018-04-03,EW_TW,,-0.006525997781235675,n=9/11;缺adj,9.0,2018-03-09,,21,TWSE(FMTQIK),complete
tx14-2018-03-09-call,call,2018-03-09,2018-03-09,2018-03-12,17.0,2018-04-09,EW_TW,,-0.027606522762047263,n=9/11;缺adj,9.0,2018-03-09,,21,TWSE(FMTQIK),complete
tx14-2018-03-09-call,call,2018-03-09,2018-03-09,2018-03-12,18.0,2018-04-10,EW_TW,,-0.01984477156334717,n=9/11;缺adj,9.0,2018-03-09,,21,TWSE(FMTQIK),complete
tx14-2018-03-09-call,call,2018-03-09,2018-03-09,2018-03-12,19.0,2018-04-11,EW_TW,,-0.022840678784938475,n=9/11;缺adj,9.0,2018-03-09,,21,TWSE(FMTQIK),complete
tx14-2018-03-09-call,call,2018-03-09,2018-03-09,2018-03-12,20.0,2018-04-12,EW_TW,,-0.013463020086705598,n=9/11;缺adj,9.0,2018-03-09,,21,TWSE(FMTQIK),complete
tx14-2018-03-09-call,call,2018-03-09,2018-03-09,缺,,缺,NET,,,MISSING(未上市，首筆 2019-09-13),,缺,,0,US(own bars),complete
tx15-2018-05-08-call,call,2018-05-08,2018-05-08,2018-05-09,0.0,2018-05-09,TAIEX,10703.35,0.0011195935417132041,缺adj,,2018-05-08,10691.38,21,TWSE(FMTQIK),complete
tx15-2018-05-08-call,call,2018-05-08,2018-05-08,2018-05-09,1.0,2018-05-10,TAIEX,10760.21,0.006437896698087586,缺adj,,2018-05-08,10691.38,21,TWSE(FMTQIK),complete
tx15-2018-05-08-call,call,2018-05-08,2018-05-08,2018-05-09,2.0,2018-05-11,TAIEX,10858.98,0.015676180249883487,缺adj,,2018-05-08,10691.38,21,TWSE(FMTQIK),complete
tx15-2018-05-08-call,call,2018-05-08,2018-05-08,2018-05-09,3.0,2018-05-14,TAIEX,10952.39,0.024413125340227326,缺adj,,2018-05-08,10691.38,21,TWSE(FMTQIK),complete
tx15-2018-05-08-call,call,2018-05-08,2018-05-08,2018-05-09,4.0,2018-05-15,TAIEX,10874.73,0.017149329646874323,缺adj,,2018-05-08,10691.38,21,TWSE(FMTQIK),complete
tx15-2018-05-08-call,call,2018-05-08,2018-05-08,2018-05-09,5.0,2018-05-16,TAIEX,10897.57,0.019285630105748686,缺adj,,2018-05-08,10691.38,21,TWSE(FMTQIK),complete
tx15-2018-05-08-call,call,2018-05-08,2018-05-08,2018-05-09,6.0,2018-05-17,TAIEX,10833.81,0.013321947213549734,缺adj,,2018-05-08,10691.38,21,TWSE(FMTQIK),complete
tx15-2018-05-08-call,call,2018-05-08,2018-05-08,2018-05-09,7.0,2018-05-18,TAIEX,10830.84,0.013044153327260055,缺adj,,2018-05-08,10691.38,21,TWSE(FMTQIK),complete
tx15-2018-05-08-call,call,2018-05-08,2018-05-08,2018-05-09,8.0,2018-05-21,TAIEX,10966.2,0.025704820144827112,缺adj,,2018-05-08,10691.38,21,TWSE(FMTQIK),complete
tx15-2018-05-08-call,call,2018-05-08,2018-05-08,2018-05-09,9.0,2018-05-22,TAIEX,10938.73,0.0231354605298848,缺adj,,2018-05-08,10691.38,21,TWSE(FMTQIK),complete
tx15-2018-05-08-call,call,2018-05-08,2018-05-08,2018-05-09,10.0,2018-05-23,TAIEX,10886.18,0.018220285875163,缺adj,,2018-05-08,10691.38,21,TWSE(FMTQIK),complete
tx15-2018-05-08-call,call,2018-05-08,2018-05-08,2018-05-09,11.0,2018-05-24,TAIEX,10936.93,0.02296710059880036,缺adj,,2018-05-08,10691.38,21,TWSE(FMTQIK),complete
tx15-2018-05-08-call,call,2018-05-08,2018-05-08,2018-05-09,12.0,2018-05-25,TAIEX,10942.3,0.023469374393202846,缺adj,,2018-05-08,10691.38,21,TWSE(FMTQIK),complete
tx15-2018-05-08-call,call,2018-05-08,2018-05-08,2018-05-09,13.0,2018-05-28,TAIEX,10987.77,0.027722333318991765,缺adj,,2018-05-08,10691.38,21,TWSE(FMTQIK),complete
tx15-2018-05-08-call,call,2018-05-08,2018-05-08,2018-05-09,14.0,2018-05-29,TAIEX,10964.12,0.025510270891129228,缺adj,,2018-05-08,10691.38,21,TWSE(FMTQIK),complete
tx15-2018-05-08-call,call,2018-05-08,2018-05-08,2018-05-09,15.0,2018-05-30,TAIEX,10821.17,0.012139686364155189,缺adj,,2018-05-08,10691.38,21,TWSE(FMTQIK),complete
tx15-2018-05-08-call,call,2018-05-08,2018-05-08,2018-05-09,16.0,2018-05-31,TAIEX,10874.96,0.0171708423047352,缺adj,,2018-05-08,10691.38,21,TWSE(FMTQIK),complete
tx15-2018-05-08-call,call,2018-05-08,2018-05-08,2018-05-09,17.0,2018-06-01,TAIEX,10949.08,0.024103530133621653,缺adj,,2018-05-08,10691.38,21,TWSE(FMTQIK),complete
tx15-2018-05-08-call,call,2018-05-08,2018-05-08,2018-05-09,18.0,2018-06-04,TAIEX,11109.5,0.03910814132506757,缺adj,,2018-05-08,10691.38,21,TWSE(FMTQIK),complete
tx15-2018-05-08-call,call,2018-05-08,2018-05-08,2018-05-09,19.0,2018-06-05,TAIEX,11100.11,0.03822986368457593,缺adj,,2018-05-08,10691.38,21,TWSE(FMTQIK),complete
tx15-2018-05-08-call,call,2018-05-08,2018-05-08,2018-05-09,20.0,2018-06-06,TAIEX,11201.83,0.04774407045676066,缺adj,,2018-05-08,10691.38,21,TWSE(FMTQIK),complete
tx15-2018-05-08-call,call,2018-05-08,2018-05-08,2018-05-09,0.0,2018-05-09,3037,17.15,-0.0029069767441860517,缺adj,,2018-05-08,17.2,21,TWSE(FMTQIK),complete
tx15-2018-05-08-call,call,2018-05-08,2018-05-08,2018-05-09,1.0,2018-05-10,3037,17.35,0.008720930232558155,缺adj,,2018-05-08,17.2,21,TWSE(FMTQIK),complete
tx15-2018-05-08-call,call,2018-05-08,2018-05-08,2018-05-09,2.0,2018-05-11,3037,17.15,-0.0029069767441860517,缺adj,,2018-05-08,17.2,21,TWSE(FMTQIK),complete
tx15-2018-05-08-call,call,2018-05-08,2018-05-08,2018-05-09,3.0,2018-05-14,3037,17.15,-0.0029069767441860517,缺adj,,2018-05-08,17.2,21,TWSE(FMTQIK),complete
tx15-2018-05-08-call,call,2018-05-08,2018-05-08,2018-05-09,4.0,2018-05-15,3037,17.35,0.008720930232558155,缺adj,,2018-05-08,17.2,21,TWSE(FMTQIK),complete
tx15-2018-05-08-call,call,2018-05-08,2018-05-08,2018-05-09,5.0,2018-05-16,3037,17.5,0.01744186046511631,缺adj,,2018-05-08,17.2,21,TWSE(FMTQIK),complete
tx15-2018-05-08-call,call,2018-05-08,2018-05-08,2018-05-09,6.0,2018-05-17,3037,17.5,0.01744186046511631,缺adj,,2018-05-08,17.2,21,TWSE(FMTQIK),complete
tx15-2018-05-08-call,call,2018-05-08,2018-05-08,2018-05-09,7.0,2018-05-18,3037,17.05,-0.008720930232558044,缺adj,,2018-05-08,17.2,21,TWSE(FMTQIK),complete
tx15-2018-05-08-call,call,2018-05-08,2018-05-08,2018-05-09,8.0,2018-05-21,3037,17.65,0.026162790697674465,缺adj,,2018-05-08,17.2,21,TWSE(FMTQIK),complete
tx15-2018-05-08-call,call,2018-05-08,2018-05-08,2018-05-09,9.0,2018-05-22,3037,17.5,0.01744186046511631,缺adj,,2018-05-08,17.2,21,TWSE(FMTQIK),complete
tx15-2018-05-08-call,call,2018-05-08,2018-05-08,2018-05-09,10.0,2018-05-23,3037,17.4,0.011627906976744207,缺adj,,2018-05-08,17.2,21,TWSE(FMTQIK),complete
tx15-2018-05-08-call,call,2018-05-08,2018-05-08,2018-05-09,11.0,2018-05-24,3037,17.4,0.011627906976744207,缺adj,,2018-05-08,17.2,21,TWSE(FMTQIK),complete
tx15-2018-05-08-call,call,2018-05-08,2018-05-08,2018-05-09,12.0,2018-05-25,3037,17.2,0.0,缺adj,,2018-05-08,17.2,21,TWSE(FMTQIK),complete
tx15-2018-05-08-call,call,2018-05-08,2018-05-08,2018-05-09,13.0,2018-05-28,3037,17.4,0.011627906976744207,缺adj,,2018-05-08,17.2,21,TWSE(FMTQIK),complete
tx15-2018-05-08-call,call,2018-05-08,2018-05-08,2018-05-09,14.0,2018-05-29,3037,17.05,-0.008720930232558044,缺adj,,2018-05-08,17.2,21,TWSE(FMTQIK),complete
tx15-2018-05-08-call,call,2018-05-08,2018-05-08,2018-05-09,15.0,2018-05-30,3037,16.8,-0.023255813953488302,缺adj,,2018-05-08,17.2,21,TWSE(FMTQIK),complete
tx15-2018-05-08-call,call,2018-05-08,2018-05-08,2018-05-09,16.0,2018-05-31,3037,16.8,-0.023255813953488302,缺adj,,2018-05-08,17.2,21,TWSE(FMTQIK),complete
tx15-2018-05-08-call,call,2018-05-08,2018-05-08,2018-05-09,17.0,2018-06-01,3037,16.8,-0.023255813953488302,缺adj,,2018-05-08,17.2,21,TWSE(FMTQIK),complete
tx15-2018-05-08-call,call,2018-05-08,2018-05-08,2018-05-09,18.0,2018-06-04,3037,17.6,0.023255813953488413,缺adj,,2018-05-08,17.2,21,TWSE(FMTQIK),complete
tx15-2018-05-08-call,call,2018-05-08,2018-05-08,2018-05-09,19.0,2018-06-05,3037,17.25,0.0029069767441860517,缺adj,,2018-05-08,17.2,21,TWSE(FMTQIK),complete
tx15-2018-05-08-call,call,2018-05-08,2018-05-08,2018-05-09,20.0,2018-06-06,3037,17.25,0.0029069767441860517,缺adj,,2018-05-08,17.2,21,TWSE(FMTQIK),complete
tx15-2018-05-08-call,call,2018-05-08,2018-05-08,2018-05-09,0.0,2018-05-09,8046,26.2,0.0019120458891013214,缺adj,,2018-05-08,26.15,21,TWSE(FMTQIK),complete
tx15-2018-05-08-call,call,2018-05-08,2018-05-08,2018-05-09,1.0,2018-05-10,8046,26.2,0.0019120458891013214,缺adj,,2018-05-08,26.15,21,TWSE(FMTQIK),complete
tx15-2018-05-08-call,call,2018-05-08,2018-05-08,2018-05-09,2.0,2018-05-11,8046,25.7,-0.017208413001912004,缺adj,,2018-05-08,26.15,21,TWSE(FMTQIK),complete
tx15-2018-05-08-call,call,2018-05-08,2018-05-08,2018-05-09,3.0,2018-05-14,8046,25.15,-0.03824091778202676,缺adj,,2018-05-08,26.15,21,TWSE(FMTQIK),complete
tx15-2018-05-08-call,call,2018-05-08,2018-05-08,2018-05-09,4.0,2018-05-15,8046,25.2,-0.03632887189292544,缺adj,,2018-05-08,26.15,21,TWSE(FMTQIK),complete
tx15-2018-05-08-call,call,2018-05-08,2018-05-08,2018-05-09,5.0,2018-05-16,8046,25.2,-0.03632887189292544,缺adj,,2018-05-08,26.15,21,TWSE(FMTQIK),complete
tx15-2018-05-08-call,call,2018-05-08,2018-05-08,2018-05-09,6.0,2018-05-17,8046,25.25,-0.03441682600382401,缺adj,,2018-05-08,26.15,21,TWSE(FMTQIK),complete
tx15-2018-05-08-call,call,2018-05-08,2018-05-08,2018-05-09,7.0,2018-05-18,8046,25.05,-0.042065009560229405,缺adj,,2018-05-08,26.15,21,TWSE(FMTQIK),complete
tx15-2018-05-08-call,call,2018-05-08,2018-05-08,2018-05-09,8.0,2018-05-21,8046,25.35,-0.030592734225621254,缺adj,,2018-05-08,26.15,21,TWSE(FMTQIK),complete
tx15-2018-05-08-call,call,2018-05-08,2018-05-08,2018-05-09,9.0,2018-05-22,8046,25.7,-0.017208413001912004,缺adj,,2018-05-08,26.15,21,TWSE(FMTQIK),complete
tx15-2018-05-08-call,call,2018-05-08,2018-05-08,2018-05-09,10.0,2018-05-23,8046,25.6,-0.021032504780114647,缺adj,,2018-05-08,26.15,21,TWSE(FMTQIK),complete
tx15-2018-05-08-call,call,2018-05-08,2018-05-08,2018-05-09,11.0,2018-05-24,8046,26.3,0.005736137667304186,缺adj,,2018-05-08,26.15,21,TWSE(FMTQIK),complete
tx15-2018-05-08-call,call,2018-05-08,2018-05-08,2018-05-09,12.0,2018-05-25,8046,26.0,-0.005736137667303964,缺adj,,2018-05-08,26.15,21,TWSE(FMTQIK),complete
tx15-2018-05-08-call,call,2018-05-08,2018-05-08,2018-05-09,13.0,2018-05-28,8046,25.75,-0.015296367112810683,缺adj,,2018-05-08,26.15,21,TWSE(FMTQIK),complete
tx15-2018-05-08-call,call,2018-05-08,2018-05-08,2018-05-09,14.0,2018-05-29,8046,25.35,-0.030592734225621254,缺adj,,2018-05-08,26.15,21,TWSE(FMTQIK),complete
tx15-2018-05-08-call,call,2018-05-08,2018-05-08,2018-05-09,15.0,2018-05-30,8046,25.1,-0.04015296367112797,缺adj,,2018-05-08,26.15,21,TWSE(FMTQIK),complete
tx15-2018-05-08-call,call,2018-05-08,2018-05-08,2018-05-09,16.0,2018-05-31,8046,25.25,-0.03441682600382401,缺adj,,2018-05-08,26.15,21,TWSE(FMTQIK),complete
tx15-2018-05-08-call,call,2018-05-08,2018-05-08,2018-05-09,17.0,2018-06-01,8046,25.35,-0.030592734225621254,缺adj,,2018-05-08,26.15,21,TWSE(FMTQIK),complete
tx15-2018-05-08-call,call,2018-05-08,2018-05-08,2018-05-09,18.0,2018-06-04,8046,26.75,0.02294455066921608,缺adj,,2018-05-08,26.15,21,TWSE(FMTQIK),complete
tx15-2018-05-08-call,call,2018-05-08,2018-05-08,2018-05-09,19.0,2018-06-05,8046,26.45,0.01147227533460815,缺adj,,2018-05-08,26.15,21,TWSE(FMTQIK),complete
tx15-2018-05-08-call,call,2018-05-08,2018-05-08,2018-05-09,20.0,2018-06-06,8046,26.75,0.02294455066921608,缺adj,,2018-05-08,26.15,21,TWSE(FMTQIK),complete
tx15-2018-05-08-call,call,2018-05-08,2018-05-08,2018-05-09,0.0,2018-05-09,3189,54.1,-0.02169981916817354,缺adj,,2018-05-08,55.3,21,TWSE(FMTQIK),complete
tx15-2018-05-08-call,call,2018-05-08,2018-05-08,2018-05-09,1.0,2018-05-10,3189,54.2,-0.019891500904159032,缺adj,,2018-05-08,55.3,21,TWSE(FMTQIK),complete
tx15-2018-05-08-call,call,2018-05-08,2018-05-08,2018-05-09,2.0,2018-05-11,3189,55.7,0.007233273056058032,缺adj,,2018-05-08,55.3,21,TWSE(FMTQIK),complete
tx15-2018-05-08-call,call,2018-05-08,2018-05-08,2018-05-09,3.0,2018-05-14,3189,56.6,0.02350813743218816,缺adj,,2018-05-08,55.3,21,TWSE(FMTQIK),complete
tx15-2018-05-08-call,call,2018-05-08,2018-05-08,2018-05-09,4.0,2018-05-15,3189,55.5,0.003616636528029016,缺adj,,2018-05-08,55.3,21,TWSE(FMTQIK),complete
tx15-2018-05-08-call,call,2018-05-08,2018-05-08,2018-05-09,5.0,2018-05-16,3189,54.8,-0.009041591320072317,缺adj,,2018-05-08,55.3,21,TWSE(FMTQIK),complete
tx15-2018-05-08-call,call,2018-05-08,2018-05-08,2018-05-09,6.0,2018-05-17,3189,53.9,-0.025316455696202556,缺adj,,2018-05-08,55.3,21,TWSE(FMTQIK),complete
tx15-2018-05-08-call,call,2018-05-08,2018-05-08,2018-05-09,7.0,2018-05-18,3189,54.2,-0.019891500904159032,缺adj,,2018-05-08,55.3,21,TWSE(FMTQIK),complete
tx15-2018-05-08-call,call,2018-05-08,2018-05-08,2018-05-09,8.0,2018-05-21,3189,55.6,0.005424954792043524,缺adj,,2018-05-08,55.3,21,TWSE(FMTQIK),complete
tx15-2018-05-08-call,call,2018-05-08,2018-05-08,2018-05-09,9.0,2018-05-22,3189,56.6,0.02350813743218816,缺adj,,2018-05-08,55.3,21,TWSE(FMTQIK),complete
tx15-2018-05-08-call,call,2018-05-08,2018-05-08,2018-05-09,10.0,2018-05-23,3189,55.5,0.003616636528029016,缺adj,,2018-05-08,55.3,21,TWSE(FMTQIK),complete
tx15-2018-05-08-call,call,2018-05-08,2018-05-08,2018-05-09,11.0,2018-05-24,3189,56.0,0.012658227848101333,缺adj,,2018-05-08,55.3,21,TWSE(FMTQIK),complete
tx15-2018-05-08-call,call,2018-05-08,2018-05-08,2018-05-09,12.0,2018-05-25,3189,55.7,0.007233273056058032,缺adj,,2018-05-08,55.3,21,TWSE(FMTQIK),complete
tx15-2018-05-08-call,call,2018-05-08,2018-05-08,2018-05-09,13.0,2018-05-28,3189,60.0,0.08499095840867987,缺adj,,2018-05-08,55.3,21,TWSE(FMTQIK),complete
tx15-2018-05-08-call,call,2018-05-08,2018-05-08,2018-05-09,14.0,2018-05-29,3189,59.6,0.07775768535262206,缺adj,,2018-05-08,55.3,21,TWSE(FMTQIK),complete
tx15-2018-05-08-call,call,2018-05-08,2018-05-08,2018-05-09,15.0,2018-05-30,3189,58.5,0.05786618444846292,缺adj,,2018-05-08,55.3,21,TWSE(FMTQIK),complete
tx15-2018-05-08-call,call,2018-05-08,2018-05-08,2018-05-09,16.0,2018-05-31,3189,57.5,0.039783001808318286,缺adj,,2018-05-08,55.3,21,TWSE(FMTQIK),complete
tx15-2018-05-08-call,call,2018-05-08,2018-05-08,2018-05-09,17.0,2018-06-01,3189,59.0,0.06690777576853524,缺adj,,2018-05-08,55.3,21,TWSE(FMTQIK),complete
tx15-2018-05-08-call,call,2018-05-08,2018-05-08,2018-05-09,18.0,2018-06-04,3189,58.8,0.06329113924050622,缺adj,,2018-05-08,55.3,21,TWSE(FMTQIK),complete
tx15-2018-05-08-call,call,2018-05-08,2018-05-08,2018-05-09,19.0,2018-06-05,3189,58.7,0.061482820976491936,缺adj,,2018-05-08,55.3,21,TWSE(FMTQIK),complete
tx15-2018-05-08-call,call,2018-05-08,2018-05-08,2018-05-09,20.0,2018-06-06,3189,59.0,0.06690777576853524,缺adj,,2018-05-08,55.3,21,TWSE(FMTQIK),complete
tx15-2018-05-08-call,call,2018-05-08,2018-05-08,2018-05-09,0.0,2018-05-09,2368,9.45,-0.0052631578947369695,缺adj,,2018-05-08,9.5,21,TWSE(FMTQIK),complete
tx15-2018-05-08-call,call,2018-05-08,2018-05-08,2018-05-09,1.0,2018-05-10,2368,9.5,0.0,缺adj,,2018-05-08,9.5,21,TWSE(FMTQIK),complete
tx15-2018-05-08-call,call,2018-05-08,2018-05-08,2018-05-09,2.0,2018-05-11,2368,9.5,0.0,缺adj,,2018-05-08,9.5,21,TWSE(FMTQIK),complete
tx15-2018-05-08-call,call,2018-05-08,2018-05-08,2018-05-09,3.0,2018-05-14,2368,9.36,-0.01473684210526327,缺adj,,2018-05-08,9.5,21,TWSE(FMTQIK),complete
tx15-2018-05-08-call,call,2018-05-08,2018-05-08,2018-05-09,4.0,2018-05-15,2368,9.21,-0.030526315789473624,缺adj,,2018-05-08,9.5,21,TWSE(FMTQIK),complete
tx15-2018-05-08-call,call,2018-05-08,2018-05-08,2018-05-09,5.0,2018-05-16,2368,9.09,-0.04315789473684217,缺adj,,2018-05-08,9.5,21,TWSE(FMTQIK),complete
tx15-2018-05-08-call,call,2018-05-08,2018-05-08,2018-05-09,6.0,2018-05-17,2368,9.13,-0.03894736842105251,缺adj,,2018-05-08,9.5,21,TWSE(FMTQIK),complete
tx15-2018-05-08-call,call,2018-05-08,2018-05-08,2018-05-09,7.0,2018-05-18,2368,9.03,-0.049473684210526336,缺adj,,2018-05-08,9.5,21,TWSE(FMTQIK),complete
tx15-2018-05-08-call,call,2018-05-08,2018-05-08,2018-05-09,8.0,2018-05-21,2368,9.18,-0.03368421052631587,缺adj,,2018-05-08,9.5,21,TWSE(FMTQIK),complete
tx15-2018-05-08-call,call,2018-05-08,2018-05-08,2018-05-09,9.0,2018-05-22,2368,9.15,-0.0368421052631579,缺adj,,2018-05-08,9.5,21,TWSE(FMTQIK),complete
tx15-2018-05-08-call,call,2018-05-08,2018-05-08,2018-05-09,10.0,2018-05-23,2368,9.12,-0.040000000000000036,缺adj,,2018-05-08,9.5,21,TWSE(FMTQIK),complete
tx15-2018-05-08-call,call,2018-05-08,2018-05-08,2018-05-09,11.0,2018-05-24,2368,9.18,-0.03368421052631587,缺adj,,2018-05-08,9.5,21,TWSE(FMTQIK),complete
tx15-2018-05-08-call,call,2018-05-08,2018-05-08,2018-05-09,12.0,2018-05-25,2368,9.15,-0.0368421052631579,缺adj,,2018-05-08,9.5,21,TWSE(FMTQIK),complete
tx15-2018-05-08-call,call,2018-05-08,2018-05-08,2018-05-09,13.0,2018-05-28,2368,9.23,-0.028421052631578902,缺adj,,2018-05-08,9.5,21,TWSE(FMTQIK),complete
tx15-2018-05-08-call,call,2018-05-08,2018-05-08,2018-05-09,14.0,2018-05-29,2368,9.35,-0.015789473684210575,缺adj,,2018-05-08,9.5,21,TWSE(FMTQIK),complete
tx15-2018-05-08-call,call,2018-05-08,2018-05-08,2018-05-09,15.0,2018-05-30,2368,9.24,-0.027368421052631597,缺adj,,2018-05-08,9.5,21,TWSE(FMTQIK),complete
tx15-2018-05-08-call,call,2018-05-08,2018-05-08,2018-05-09,16.0,2018-05-31,2368,9.33,-0.017894736842105297,缺adj,,2018-05-08,9.5,21,TWSE(FMTQIK),complete
tx15-2018-05-08-call,call,2018-05-08,2018-05-08,2018-05-09,17.0,2018-06-01,2368,9.4,-0.010526315789473606,缺adj,,2018-05-08,9.5,21,TWSE(FMTQIK),complete
tx15-2018-05-08-call,call,2018-05-08,2018-05-08,2018-05-09,18.0,2018-06-04,2368,9.56,0.006315789473684275,缺adj,,2018-05-08,9.5,21,TWSE(FMTQIK),complete
tx15-2018-05-08-call,call,2018-05-08,2018-05-08,2018-05-09,19.0,2018-06-05,2368,9.71,0.02210526315789485,缺adj,,2018-05-08,9.5,21,TWSE(FMTQIK),complete
tx15-2018-05-08-call,call,2018-05-08,2018-05-08,2018-05-09,20.0,2018-06-06,2368,9.9,0.04210526315789487,缺adj,,2018-05-08,9.5,21,TWSE(FMTQIK),complete
tx15-2018-05-08-call,call,2018-05-08,2018-05-08,2018-05-09,0.0,2018-05-09,2383,72.2,0.015471167369901728,缺adj,,2018-05-08,71.1,21,TWSE(FMTQIK),complete
tx15-2018-05-08-call,call,2018-05-08,2018-05-08,2018-05-09,1.0,2018-05-10,2383,79.4,0.11673699015471195,缺adj,,2018-05-08,71.1,21,TWSE(FMTQIK),complete
tx15-2018-05-08-call,call,2018-05-08,2018-05-08,2018-05-09,2.0,2018-05-11,2383,83.6,0.17580872011251758,缺adj,,2018-05-08,71.1,21,TWSE(FMTQIK),complete
tx15-2018-05-08-call,call,2018-05-08,2018-05-08,2018-05-09,3.0,2018-05-14,2383,83.6,0.17580872011251758,缺adj,,2018-05-08,71.1,21,TWSE(FMTQIK),complete
tx15-2018-05-08-call,call,2018-05-08,2018-05-08,2018-05-09,4.0,2018-05-15,2383,83.5,0.1744022503516176,缺adj,,2018-05-08,71.1,21,TWSE(FMTQIK),complete
tx15-2018-05-08-call,call,2018-05-08,2018-05-08,2018-05-09,5.0,2018-05-16,2383,83.5,0.1744022503516176,缺adj,,2018-05-08,71.1,21,TWSE(FMTQIK),complete
tx15-2018-05-08-call,call,2018-05-08,2018-05-08,2018-05-09,6.0,2018-05-17,2383,84.7,0.1912798874824193,缺adj,,2018-05-08,71.1,21,TWSE(FMTQIK),complete
tx15-2018-05-08-call,call,2018-05-08,2018-05-08,2018-05-09,7.0,2018-05-18,2383,85.1,0.19690576652601965,缺adj,,2018-05-08,71.1,21,TWSE(FMTQIK),complete
tx15-2018-05-08-call,call,2018-05-08,2018-05-08,2018-05-09,8.0,2018-05-21,2383,84.1,0.18284106891701835,缺adj,,2018-05-08,71.1,21,TWSE(FMTQIK),complete
tx15-2018-05-08-call,call,2018-05-08,2018-05-08,2018-05-09,9.0,2018-05-22,2383,85.8,0.20675105485232081,缺adj,,2018-05-08,71.1,21,TWSE(FMTQIK),complete
tx15-2018-05-08-call,call,2018-05-08,2018-05-08,2018-05-09,10.0,2018-05-23,2383,83.9,0.18002812939521817,缺adj,,2018-05-08,71.1,21,TWSE(FMTQIK),complete
tx15-2018-05-08-call,call,2018-05-08,2018-05-08,2018-05-09,11.0,2018-05-24,2383,82.5,0.16033755274261607,缺adj,,2018-05-08,71.1,21,TWSE(FMTQIK),complete
tx15-2018-05-08-call,call,2018-05-08,2018-05-08,2018-05-09,12.0,2018-05-25,2383,83.4,0.1729957805907174,缺adj,,2018-05-08,71.1,21,TWSE(FMTQIK),complete
tx15-2018-05-08-call,call,2018-05-08,2018-05-08,2018-05-09,13.0,2018-05-28,2383,85.1,0.19690576652601965,缺adj,,2018-05-08,71.1,21,TWSE(FMTQIK),complete
tx15-2018-05-08-call,call,2018-05-08,2018-05-08,2018-05-09,14.0,2018-05-29,2383,82.8,0.16455696202531644,缺adj,,2018-05-08,71.1,21,TWSE(FMTQIK),complete
tx15-2018-05-08-call,call,2018-05-08,2018-05-08,2018-05-09,15.0,2018-05-30,2383,80.7,0.13502109704641363,缺adj,,2018-05-08,71.1,21,TWSE(FMTQIK),complete
tx15-2018-05-08-call,call,2018-05-08,2018-05-08,2018-05-09,16.0,2018-05-31,2383,80.2,0.12798874824191286,缺adj,,2018-05-08,71.1,21,TWSE(FMTQIK),complete
tx15-2018-05-08-call,call,2018-05-08,2018-05-08,2018-05-09,17.0,2018-06-01,2383,84.4,0.18706047819971894,缺adj,,2018-05-08,71.1,21,TWSE(FMTQIK),complete
tx15-2018-05-08-call,call,2018-05-08,2018-05-08,2018-05-09,18.0,2018-06-04,2383,84.8,0.19268635724331928,缺adj,,2018-05-08,71.1,21,TWSE(FMTQIK),complete
tx15-2018-05-08-call,call,2018-05-08,2018-05-08,2018-05-09,19.0,2018-06-05,2383,87.1,0.2250351617440225,缺adj,,2018-05-08,71.1,21,TWSE(FMTQIK),complete
tx15-2018-05-08-call,call,2018-05-08,2018-05-08,2018-05-09,20.0,2018-06-06,2383,87.9,0.23628691983122385,缺adj,,2018-05-08,71.1,21,TWSE(FMTQIK),complete
tx15-2018-05-08-call,call,2018-05-08,2018-05-08,2018-05-09,0.0,2018-05-09,6213,66.6,-0.010401188707280906,缺adj,,2018-05-08,67.3,21,TWSE(FMTQIK),complete
tx15-2018-05-08-call,call,2018-05-08,2018-05-08,2018-05-09,1.0,2018-05-10,6213,66.8,-0.007429420505200568,缺adj,,2018-05-08,67.3,21,TWSE(FMTQIK),complete
tx15-2018-05-08-call,call,2018-05-08,2018-05-08,2018-05-09,2.0,2018-05-11,6213,66.2,-0.01634472511144125,缺adj,,2018-05-08,67.3,21,TWSE(FMTQIK),complete
tx15-2018-05-08-call,call,2018-05-08,2018-05-08,2018-05-09,3.0,2018-05-14,6213,66.7,-0.008915304606240682,缺adj,,2018-05-08,67.3,21,TWSE(FMTQIK),complete
tx15-2018-05-08-call,call,2018-05-08,2018-05-08,2018-05-09,4.0,2018-05-15,6213,65.6,-0.025260029717682042,缺adj,,2018-05-08,67.3,21,TWSE(FMTQIK),complete
tx15-2018-05-08-call,call,2018-05-08,2018-05-08,2018-05-09,5.0,2018-05-16,6213,64.5,-0.04160475482912329,缺adj,,2018-05-08,67.3,21,TWSE(FMTQIK),complete
tx15-2018-05-08-call,call,2018-05-08,2018-05-08,2018-05-09,6.0,2018-05-17,6213,63.8,-0.0520059435364042,缺adj,,2018-05-08,67.3,21,TWSE(FMTQIK),complete
tx15-2018-05-08-call,call,2018-05-08,2018-05-08,2018-05-09,7.0,2018-05-18,6213,63.4,-0.05794947994056465,缺adj,,2018-05-08,67.3,21,TWSE(FMTQIK),complete
tx15-2018-05-08-call,call,2018-05-08,2018-05-08,2018-05-09,8.0,2018-05-21,6213,63.6,-0.054977711738484314,缺adj,,2018-05-08,67.3,21,TWSE(FMTQIK),complete
tx15-2018-05-08-call,call,2018-05-08,2018-05-08,2018-05-09,9.0,2018-05-22,6213,62.4,-0.07280832095096579,缺adj,,2018-05-08,67.3,21,TWSE(FMTQIK),complete
tx15-2018-05-08-call,call,2018-05-08,2018-05-08,2018-05-09,10.0,2018-05-23,6213,62.8,-0.06686478454680533,缺adj,,2018-05-08,67.3,21,TWSE(FMTQIK),complete
tx15-2018-05-08-call,call,2018-05-08,2018-05-08,2018-05-09,11.0,2018-05-24,6213,62.5,-0.07132243684992567,缺adj,,2018-05-08,67.3,21,TWSE(FMTQIK),complete
tx15-2018-05-08-call,call,2018-05-08,2018-05-08,2018-05-09,12.0,2018-05-25,6213,63.3,-0.059435364041604766,缺adj,,2018-05-08,67.3,21,TWSE(FMTQIK),complete
tx15-2018-05-08-call,call,2018-05-08,2018-05-08,2018-05-09,13.0,2018-05-28,6213,66.0,-0.019316493313521477,缺adj,,2018-05-08,67.3,21,TWSE(FMTQIK),complete
tx15-2018-05-08-call,call,2018-05-08,2018-05-08,2018-05-09,14.0,2018-05-29,6213,67.1,-0.002971768202080227,缺adj,,2018-05-08,67.3,21,TWSE(FMTQIK),complete
tx15-2018-05-08-call,call,2018-05-08,2018-05-08,2018-05-09,15.0,2018-05-30,6213,64.5,-0.04160475482912329,缺adj,,2018-05-08,67.3,21,TWSE(FMTQIK),complete
tx15-2018-05-08-call,call,2018-05-08,2018-05-08,2018-05-09,16.0,2018-05-31,6213,64.2,-0.04606240713224363,缺adj,,2018-05-08,67.3,21,TWSE(FMTQIK),complete
tx15-2018-05-08-call,call,2018-05-08,2018-05-08,2018-05-09,17.0,2018-06-01,6213,64.4,-0.043090638930163294,缺adj,,2018-05-08,67.3,21,TWSE(FMTQIK),complete
tx15-2018-05-08-call,call,2018-05-08,2018-05-08,2018-05-09,18.0,2018-06-04,6213,70.8,0.0520059435364042,缺adj,,2018-05-08,67.3,21,TWSE(FMTQIK),complete
tx15-2018-05-08-call,call,2018-05-08,2018-05-08,2018-05-09,19.0,2018-06-05,6213,71.2,0.05794947994056465,缺adj,,2018-05-08,67.3,21,TWSE(FMTQIK),complete
tx15-2018-05-08-call,call,2018-05-08,2018-05-08,2018-05-09,20.0,2018-06-06,6213,73.8,0.09658246656760783,缺adj,,2018-05-08,67.3,21,TWSE(FMTQIK),complete
tx15-2018-05-08-call,call,2018-05-08,2018-05-08,2018-05-09,0.0,2018-05-09,6274,91.8,0.030303030303030276,缺adj,,2018-05-08,89.1,21,TWSE(FMTQIK),complete
tx15-2018-05-08-call,call,2018-05-08,2018-05-08,2018-05-09,1.0,2018-05-10,6274,88.7,-0.0044893378226710245,缺adj,,2018-05-08,89.1,21,TWSE(FMTQIK),complete
tx15-2018-05-08-call,call,2018-05-08,2018-05-08,2018-05-09,2.0,2018-05-11,6274,88.8,-0.0033670033670033517,缺adj,,2018-05-08,89.1,21,TWSE(FMTQIK),complete
tx15-2018-05-08-call,call,2018-05-08,2018-05-08,2018-05-09,3.0,2018-05-14,6274,94.0,0.054994388327721744,缺adj,,2018-05-08,89.1,21,TWSE(FMTQIK),complete
tx15-2018-05-08-call,call,2018-05-08,2018-05-08,2018-05-09,4.0,2018-05-15,6274,94.3,0.058361391694724984,缺adj,,2018-05-08,89.1,21,TWSE(FMTQIK),complete
tx15-2018-05-08-call,call,2018-05-08,2018-05-08,2018-05-09,5.0,2018-05-16,6274,96.3,0.08080808080808088,缺adj,,2018-05-08,89.1,21,TWSE(FMTQIK),complete
tx15-2018-05-08-call,call,2018-05-08,2018-05-08,2018-05-09,6.0,2018-05-17,6274,94.7,0.06285072951739634,缺adj,,2018-05-08,89.1,21,TWSE(FMTQIK),complete
tx15-2018-05-08-call,call,2018-05-08,2018-05-08,2018-05-09,7.0,2018-05-18,6274,91.4,0.025813692480359363,缺adj,,2018-05-08,89.1,21,TWSE(FMTQIK),complete
tx15-2018-05-08-call,call,2018-05-08,2018-05-08,2018-05-09,8.0,2018-05-21,6274,92.7,0.04040404040404044,缺adj,,2018-05-08,89.1,21,TWSE(FMTQIK),complete
tx15-2018-05-08-call,call,2018-05-08,2018-05-08,2018-05-09,9.0,2018-05-22,6274,93.9,0.05387205387205407,缺adj,,2018-05-08,89.1,21,TWSE(FMTQIK),complete
tx15-2018-05-08-call,call,2018-05-08,2018-05-08,2018-05-09,10.0,2018-05-23,6274,90.4,0.014590347923681302,缺adj,,2018-05-08,89.1,21,TWSE(FMTQIK),complete
tx15-2018-05-08-call,call,2018-05-08,2018-05-08,2018-05-09,11.0,2018-05-24,6274,95.0,0.06621773288439958,缺adj,,2018-05-08,89.1,21,TWSE(FMTQIK),complete
tx15-2018-05-08-call,call,2018-05-08,2018-05-08,2018-05-09,12.0,2018-05-25,6274,92.7,0.04040404040404044,缺adj,,2018-05-08,89.1,21,TWSE(FMTQIK),complete
tx15-2018-05-08-call,call,2018-05-08,2018-05-08,2018-05-09,13.0,2018-05-28,6274,92.9,0.04264870931537601,缺adj,,2018-05-08,89.1,21,TWSE(FMTQIK),complete
tx15-2018-05-08-call,call,2018-05-08,2018-05-08,2018-05-09,14.0,2018-05-29,6274,91.7,0.029180695847362603,缺adj,,2018-05-08,89.1,21,TWSE(FMTQIK),complete
tx15-2018-05-08-call,call,2018-05-08,2018-05-08,2018-05-09,15.0,2018-05-30,6274,92.4,0.0370370370370372,缺adj,,2018-05-08,89.1,21,TWSE(FMTQIK),complete
tx15-2018-05-08-call,call,2018-05-08,2018-05-08,2018-05-09,16.0,2018-05-31,6274,94.6,0.06172839506172845,缺adj,,2018-05-08,89.1,21,TWSE(FMTQIK),complete
tx15-2018-05-08-call,call,2018-05-08,2018-05-08,2018-05-09,17.0,2018-06-01,6274,96.0,0.07744107744107742,缺adj,,2018-05-08,89.1,21,TWSE(FMTQIK),complete
tx15-2018-05-08-call,call,2018-05-08,2018-05-08,2018-05-09,18.0,2018-06-04,6274,104.0,0.16722783389450058,缺adj,,2018-05-08,89.1,21,TWSE(FMTQIK),complete
tx15-2018-05-08-call,call,2018-05-08,2018-05-08,2018-05-09,19.0,2018-06-05,6274,102.0,0.1447811447811449,缺adj,,2018-05-08,89.1,21,TWSE(FMTQIK),complete
tx15-2018-05-08-call,call,2018-05-08,2018-05-08,2018-05-09,20.0,2018-06-06,6274,104.5,0.1728395061728396,缺adj,,2018-05-08,89.1,21,TWSE(FMTQIK),complete
tx15-2018-05-08-call,call,2018-05-08,2018-05-08,2018-05-09,0.0,2018-05-09,2408,94.4,0.004255319148936287,缺adj,,2018-05-08,94.0,21,TWSE(FMTQIK),complete
tx15-2018-05-08-call,call,2018-05-08,2018-05-08,2018-05-09,1.0,2018-05-10,2408,93.6,-0.004255319148936176,缺adj,,2018-05-08,94.0,21,TWSE(FMTQIK),complete
tx15-2018-05-08-call,call,2018-05-08,2018-05-08,2018-05-09,2.0,2018-05-11,2408,95.6,0.017021276595744705,缺adj,,2018-05-08,94.0,21,TWSE(FMTQIK),complete
tx15-2018-05-08-call,call,2018-05-08,2018-05-08,2018-05-09,3.0,2018-05-14,2408,95.3,0.01382978723404249,缺adj,,2018-05-08,94.0,21,TWSE(FMTQIK),complete
tx15-2018-05-08-call,call,2018-05-08,2018-05-08,2018-05-09,4.0,2018-05-15,2408,95.5,0.015957446808510634,缺adj,,2018-05-08,94.0,21,TWSE(FMTQIK),complete
tx15-2018-05-08-call,call,2018-05-08,2018-05-08,2018-05-09,5.0,2018-05-16,2408,102.5,0.09042553191489366,缺adj,,2018-05-08,94.0,21,TWSE(FMTQIK),complete
tx15-2018-05-08-call,call,2018-05-08,2018-05-08,2018-05-09,6.0,2018-05-17,2408,101.5,0.07978723404255317,缺adj,,2018-05-08,94.0,21,TWSE(FMTQIK),complete
tx15-2018-05-08-call,call,2018-05-08,2018-05-08,2018-05-09,7.0,2018-05-18,2408,98.9,0.05212765957446819,缺adj,,2018-05-08,94.0,21,TWSE(FMTQIK),complete
tx15-2018-05-08-call,call,2018-05-08,2018-05-08,2018-05-09,8.0,2018-05-21,2408,99.0,0.05319148936170204,缺adj,,2018-05-08,94.0,21,TWSE(FMTQIK),complete
tx15-2018-05-08-call,call,2018-05-08,2018-05-08,2018-05-09,9.0,2018-05-22,2408,97.2,0.03404255319148941,缺adj,,2018-05-08,94.0,21,TWSE(FMTQIK),complete
tx15-2018-05-08-call,call,2018-05-08,2018-05-08,2018-05-09,10.0,2018-05-23,2408,99.3,0.05638297872340425,缺adj,,2018-05-08,94.0,21,TWSE(FMTQIK),complete
tx15-2018-05-08-call,call,2018-05-08,2018-05-08,2018-05-09,11.0,2018-05-24,2408,102.0,0.0851063829787233,缺adj,,2018-05-08,94.0,21,TWSE(FMTQIK),complete
tx15-2018-05-08-call,call,2018-05-08,2018-05-08,2018-05-09,12.0,2018-05-25,2408,100.5,0.06914893617021267,缺adj,,2018-05-08,94.0,21,TWSE(FMTQIK),complete
tx15-2018-05-08-call,call,2018-05-08,2018-05-08,2018-05-09,13.0,2018-05-28,2408,99.3,0.05638297872340425,缺adj,,2018-05-08,94.0,21,TWSE(FMTQIK),complete
tx15-2018-05-08-call,call,2018-05-08,2018-05-08,2018-05-09,14.0,2018-05-29,2408,98.9,0.05212765957446819,缺adj,,2018-05-08,94.0,21,TWSE(FMTQIK),complete
tx15-2018-05-08-call,call,2018-05-08,2018-05-08,2018-05-09,15.0,2018-05-30,2408,96.5,0.02659574468085113,缺adj,,2018-05-08,94.0,21,TWSE(FMTQIK),complete
tx15-2018-05-08-call,call,2018-05-08,2018-05-08,2018-05-09,16.0,2018-05-31,2408,99.6,0.05957446808510625,缺adj,,2018-05-08,94.0,21,TWSE(FMTQIK),complete
tx15-2018-05-08-call,call,2018-05-08,2018-05-08,2018-05-09,17.0,2018-06-01,2408,97.5,0.037234042553191404,缺adj,,2018-05-08,94.0,21,TWSE(FMTQIK),complete
tx15-2018-05-08-call,call,2018-05-08,2018-05-08,2018-05-09,18.0,2018-06-04,2408,100.5,0.06914893617021267,缺adj,,2018-05-08,94.0,21,TWSE(FMTQIK),complete
tx15-2018-05-08-call,call,2018-05-08,2018-05-08,2018-05-09,19.0,2018-06-05,2408,101.0,0.07446808510638303,缺adj,,2018-05-08,94.0,21,TWSE(FMTQIK),complete
tx15-2018-05-08-call,call,2018-05-08,2018-05-08,2018-05-09,20.0,2018-06-06,2408,100.0,0.06382978723404253,缺adj,,2018-05-08,94.0,21,TWSE(FMTQIK),complete
tx15-2018-05-08-call,call,2018-05-08,2018-05-08,2018-05-09,0.0,2018-05-09,2344,18.1,0.0027700831024930483,缺adj,,2018-05-08,18.05,21,TWSE(FMTQIK),complete
tx15-2018-05-08-call,call,2018-05-08,2018-05-08,2018-05-09,1.0,2018-05-10,2344,18.45,0.02216066481994461,缺adj,,2018-05-08,18.05,21,TWSE(FMTQIK),complete
tx15-2018-05-08-call,call,2018-05-08,2018-05-08,2018-05-09,2.0,2018-05-11,2344,18.4,0.01939058171745134,缺adj,,2018-05-08,18.05,21,TWSE(FMTQIK),complete
tx15-2018-05-08-call,call,2018-05-08,2018-05-08,2018-05-09,3.0,2018-05-14,2344,18.6,0.030470914127423754,缺adj,,2018-05-08,18.05,21,TWSE(FMTQIK),complete
tx15-2018-05-08-call,call,2018-05-08,2018-05-08,2018-05-09,4.0,2018-05-15,2344,18.45,0.02216066481994461,缺adj,,2018-05-08,18.05,21,TWSE(FMTQIK),complete
tx15-2018-05-08-call,call,2018-05-08,2018-05-08,2018-05-09,5.0,2018-05-16,2344,20.25,0.12188365650969524,缺adj,,2018-05-08,18.05,21,TWSE(FMTQIK),complete
tx15-2018-05-08-call,call,2018-05-08,2018-05-08,2018-05-09,6.0,2018-05-17,2344,20.4,0.13019390581717438,缺adj,,2018-05-08,18.05,21,TWSE(FMTQIK),complete
tx15-2018-05-08-call,call,2018-05-08,2018-05-08,2018-05-09,7.0,2018-05-18,2344,20.15,0.11634349030470892,缺adj,,2018-05-08,18.05,21,TWSE(FMTQIK),complete
tx15-2018-05-08-call,call,2018-05-08,2018-05-08,2018-05-09,8.0,2018-05-21,2344,20.4,0.13019390581717438,缺adj,,2018-05-08,18.05,21,TWSE(FMTQIK),complete
tx15-2018-05-08-call,call,2018-05-08,2018-05-08,2018-05-09,9.0,2018-05-22,2344,19.85,0.09972299168975063,缺adj,,2018-05-08,18.05,21,TWSE(FMTQIK),complete
tx15-2018-05-08-call,call,2018-05-08,2018-05-08,2018-05-09,10.0,2018-05-23,2344,20.0,0.10803324099722977,缺adj,,2018-05-08,18.05,21,TWSE(FMTQIK),complete
tx15-2018-05-08-call,call,2018-05-08,2018-05-08,2018-05-09,11.0,2018-05-24,2344,20.5,0.1357340720221607,缺adj,,2018-05-08,18.05,21,TWSE(FMTQIK),complete
tx15-2018-05-08-call,call,2018-05-08,2018-05-08,2018-05-09,12.0,2018-05-25,2344,20.5,0.1357340720221607,缺adj,,2018-05-08,18.05,21,TWSE(FMTQIK),complete
tx15-2018-05-08-call,call,2018-05-08,2018-05-08,2018-05-09,13.0,2018-05-28,2344,20.55,0.13850415512465375,缺adj,,2018-05-08,18.05,21,TWSE(FMTQIK),complete
tx15-2018-05-08-call,call,2018-05-08,2018-05-08,2018-05-09,14.0,2018-05-29,2344,20.7,0.1468144044321329,缺adj,,2018-05-08,18.05,21,TWSE(FMTQIK),complete
tx15-2018-05-08-call,call,2018-05-08,2018-05-08,2018-05-09,15.0,2018-05-30,2344,19.8,0.09695290858725758,缺adj,,2018-05-08,18.05,21,TWSE(FMTQIK),complete
tx15-2018-05-08-call,call,2018-05-08,2018-05-08,2018-05-09,16.0,2018-05-31,2344,20.05,0.11080332409972304,缺adj,,2018-05-08,18.05,21,TWSE(FMTQIK),complete
tx15-2018-05-08-call,call,2018-05-08,2018-05-08,2018-05-09,17.0,2018-06-01,2344,19.75,0.09418282548476453,缺adj,,2018-05-08,18.05,21,TWSE(FMTQIK),complete
tx15-2018-05-08-call,call,2018-05-08,2018-05-08,2018-05-09,18.0,2018-06-04,2344,20.4,0.13019390581717438,缺adj,,2018-05-08,18.05,21,TWSE(FMTQIK),complete
tx15-2018-05-08-call,call,2018-05-08,2018-05-08,2018-05-09,19.0,2018-06-05,2344,20.65,0.14404432132963985,缺adj,,2018-05-08,18.05,21,TWSE(FMTQIK),complete
tx15-2018-05-08-call,call,2018-05-08,2018-05-08,2018-05-09,20.0,2018-06-06,2344,20.65,0.14404432132963985,缺adj,,2018-05-08,18.05,21,TWSE(FMTQIK),complete
tx15-2018-05-08-call,call,2018-05-08,2018-05-08,2018-05-09,0.0,2018-05-09,6770,,,MISSING(未上市，首筆 2020-12-09);缺adj,,2018-05-08,,0,TWSE(FMTQIK),complete
tx15-2018-05-08-call,call,2018-05-08,2018-05-08,2018-05-09,1.0,2018-05-10,6770,,,MISSING(未上市，首筆 2020-12-09);缺adj,,2018-05-08,,0,TWSE(FMTQIK),complete
tx15-2018-05-08-call,call,2018-05-08,2018-05-08,2018-05-09,2.0,2018-05-11,6770,,,MISSING(未上市，首筆 2020-12-09);缺adj,,2018-05-08,,0,TWSE(FMTQIK),complete
tx15-2018-05-08-call,call,2018-05-08,2018-05-08,2018-05-09,3.0,2018-05-14,6770,,,MISSING(未上市，首筆 2020-12-09);缺adj,,2018-05-08,,0,TWSE(FMTQIK),complete
tx15-2018-05-08-call,call,2018-05-08,2018-05-08,2018-05-09,4.0,2018-05-15,6770,,,MISSING(未上市，首筆 2020-12-09);缺adj,,2018-05-08,,0,TWSE(FMTQIK),complete
tx15-2018-05-08-call,call,2018-05-08,2018-05-08,2018-05-09,5.0,2018-05-16,6770,,,MISSING(未上市，首筆 2020-12-09);缺adj,,2018-05-08,,0,TWSE(FMTQIK),complete
tx15-2018-05-08-call,call,2018-05-08,2018-05-08,2018-05-09,6.0,2018-05-17,6770,,,MISSING(未上市，首筆 2020-12-09);缺adj,,2018-05-08,,0,TWSE(FMTQIK),complete
tx15-2018-05-08-call,call,2018-05-08,2018-05-08,2018-05-09,7.0,2018-05-18,6770,,,MISSING(未上市，首筆 2020-12-09);缺adj,,2018-05-08,,0,TWSE(FMTQIK),complete
tx15-2018-05-08-call,call,2018-05-08,2018-05-08,2018-05-09,8.0,2018-05-21,6770,,,MISSING(未上市，首筆 2020-12-09);缺adj,,2018-05-08,,0,TWSE(FMTQIK),complete
tx15-2018-05-08-call,call,2018-05-08,2018-05-08,2018-05-09,9.0,2018-05-22,6770,,,MISSING(未上市，首筆 2020-12-09);缺adj,,2018-05-08,,0,TWSE(FMTQIK),complete
tx15-2018-05-08-call,call,2018-05-08,2018-05-08,2018-05-09,10.0,2018-05-23,6770,,,MISSING(未上市，首筆 2020-12-09);缺adj,,2018-05-08,,0,TWSE(FMTQIK),complete
tx15-2018-05-08-call,call,2018-05-08,2018-05-08,2018-05-09,11.0,2018-05-24,6770,,,MISSING(未上市，首筆 2020-12-09);缺adj,,2018-05-08,,0,TWSE(FMTQIK),complete
tx15-2018-05-08-call,call,2018-05-08,2018-05-08,2018-05-09,12.0,2018-05-25,6770,,,MISSING(未上市，首筆 2020-12-09);缺adj,,2018-05-08,,0,TWSE(FMTQIK),complete
tx15-2018-05-08-call,call,2018-05-08,2018-05-08,2018-05-09,13.0,2018-05-28,6770,,,MISSING(未上市，首筆 2020-12-09);缺adj,,2018-05-08,,0,TWSE(FMTQIK),complete
tx15-2018-05-08-call,call,2018-05-08,2018-05-08,2018-05-09,14.0,2018-05-29,6770,,,MISSING(未上市，首筆 2020-12-09);缺adj,,2018-05-08,,0,TWSE(FMTQIK),complete
tx15-2018-05-08-call,call,2018-05-08,2018-05-08,2018-05-09,15.0,2018-05-30,6770,,,MISSING(未上市，首筆 2020-12-09);缺adj,,2018-05-08,,0,TWSE(FMTQIK),complete
tx15-2018-05-08-call,call,2018-05-08,2018-05-08,2018-05-09,16.0,2018-05-31,6770,,,MISSING(未上市，首筆 2020-12-09);缺adj,,2018-05-08,,0,TWSE(FMTQIK),complete
tx15-2018-05-08-call,call,2018-05-08,2018-05-08,2018-05-09,17.0,2018-06-01,6770,,,MISSING(未上市，首筆 2020-12-09);缺adj,,2018-05-08,,0,TWSE(FMTQIK),complete
tx15-2018-05-08-call,call,2018-05-08,2018-05-08,2018-05-09,18.0,2018-06-04,6770,,,MISSING(未上市，首筆 2020-12-09);缺adj,,2018-05-08,,0,TWSE(FMTQIK),complete
tx15-2018-05-08-call,call,2018-05-08,2018-05-08,2018-05-09,19.0,2018-06-05,6770,,,MISSING(未上市，首筆 2020-12-09);缺adj,,2018-05-08,,0,TWSE(FMTQIK),complete
tx15-2018-05-08-call,call,2018-05-08,2018-05-08,2018-05-09,20.0,2018-06-06,6770,,,MISSING(未上市，首筆 2020-12-09);缺adj,,2018-05-08,,0,TWSE(FMTQIK),complete
tx15-2018-05-08-call,call,2018-05-08,2018-05-08,2018-05-09,0.0,2018-05-09,3711,77.2,-0.006435006435006385,缺adj,,2018-05-08,77.7,21,TWSE(FMTQIK),complete
tx15-2018-05-08-call,call,2018-05-08,2018-05-08,2018-05-09,1.0,2018-05-10,3711,78.5,0.01029601029601035,缺adj,,2018-05-08,77.7,21,TWSE(FMTQIK),complete
tx15-2018-05-08-call,call,2018-05-08,2018-05-08,2018-05-09,2.0,2018-05-11,3711,79.8,0.027027027027026973,缺adj,,2018-05-08,77.7,21,TWSE(FMTQIK),complete
tx15-2018-05-08-call,call,2018-05-08,2018-05-08,2018-05-09,3.0,2018-05-14,3711,79.8,0.027027027027026973,缺adj,,2018-05-08,77.7,21,TWSE(FMTQIK),complete
tx15-2018-05-08-call,call,2018-05-08,2018-05-08,2018-05-09,4.0,2018-05-15,3711,79.7,0.025740025740025763,缺adj,,2018-05-08,77.7,21,TWSE(FMTQIK),complete
tx15-2018-05-08-call,call,2018-05-08,2018-05-08,2018-05-09,5.0,2018-05-16,3711,79.5,0.02316602316602312,缺adj,,2018-05-08,77.7,21,TWSE(FMTQIK),complete
tx15-2018-05-08-call,call,2018-05-08,2018-05-08,2018-05-09,6.0,2018-05-17,3711,77.8,0.0012870012870012104,缺adj,,2018-05-08,77.7,21,TWSE(FMTQIK),complete
tx15-2018-05-08-call,call,2018-05-08,2018-05-08,2018-05-09,7.0,2018-05-18,3711,78.7,0.01287001287001277,缺adj,,2018-05-08,77.7,21,TWSE(FMTQIK),complete
tx15-2018-05-08-call,call,2018-05-08,2018-05-08,2018-05-09,8.0,2018-05-21,3711,79.8,0.027027027027026973,缺adj,,2018-05-08,77.7,21,TWSE(FMTQIK),complete
tx15-2018-05-08-call,call,2018-05-08,2018-05-08,2018-05-09,9.0,2018-05-22,3711,79.0,0.016731016731016624,缺adj,,2018-05-08,77.7,21,TWSE(FMTQIK),complete
tx15-2018-05-08-call,call,2018-05-08,2018-05-08,2018-05-09,10.0,2018-05-23,3711,78.5,0.01029601029601035,缺adj,,2018-05-08,77.7,21,TWSE(FMTQIK),complete
tx15-2018-05-08-call,call,2018-05-08,2018-05-08,2018-05-09,11.0,2018-05-24,3711,78.1,0.005148005148005064,缺adj,,2018-05-08,77.7,21,TWSE(FMTQIK),complete
tx15-2018-05-08-call,call,2018-05-08,2018-05-08,2018-05-09,12.0,2018-05-25,3711,79.0,0.016731016731016624,缺adj,,2018-05-08,77.7,21,TWSE(FMTQIK),complete
tx15-2018-05-08-call,call,2018-05-08,2018-05-08,2018-05-09,13.0,2018-05-28,3711,78.2,0.006435006435006496,缺adj,,2018-05-08,77.7,21,TWSE(FMTQIK),complete
tx15-2018-05-08-call,call,2018-05-08,2018-05-08,2018-05-09,14.0,2018-05-29,3711,78.1,0.005148005148005064,缺adj,,2018-05-08,77.7,21,TWSE(FMTQIK),complete
tx15-2018-05-08-call,call,2018-05-08,2018-05-08,2018-05-09,15.0,2018-05-30,3711,75.3,-0.030888030888030937,缺adj,,2018-05-08,77.7,21,TWSE(FMTQIK),complete
tx15-2018-05-08-call,call,2018-05-08,2018-05-08,2018-05-09,16.0,2018-05-31,3711,76.0,-0.02187902187902191,缺adj,,2018-05-08,77.7,21,TWSE(FMTQIK),complete
tx15-2018-05-08-call,call,2018-05-08,2018-05-08,2018-05-09,17.0,2018-06-01,3711,76.0,-0.02187902187902191,缺adj,,2018-05-08,77.7,21,TWSE(FMTQIK),complete
tx15-2018-05-08-call,call,2018-05-08,2018-05-08,2018-05-09,18.0,2018-06-04,3711,76.8,-0.011583011583011671,缺adj,,2018-05-08,77.7,21,TWSE(FMTQIK),complete
tx15-2018-05-08-call,call,2018-05-08,2018-05-08,2018-05-09,19.0,2018-06-05,3711,76.8,-0.011583011583011671,缺adj,,2018-05-08,77.7,21,TWSE(FMTQIK),complete
tx15-2018-05-08-call,call,2018-05-08,2018-05-08,2018-05-09,20.0,2018-06-06,3711,77.6,-0.0012870012870014325,缺adj,,2018-05-08,77.7,21,TWSE(FMTQIK),complete
tx15-2018-05-08-call,call,2018-05-08,2018-05-08,2018-05-09,0.0,2018-05-09,EW_TW,,0.000800549686407881,n=10/11;缺adj,10.0,2018-05-08,,21,TWSE(FMTQIK),complete
tx15-2018-05-08-call,call,2018-05-08,2018-05-08,2018-05-09,1.0,2018-05-10,EW_TW,,0.012376106301135958,n=10/11;缺adj,10.0,2018-05-08,,21,TWSE(FMTQIK),complete
tx15-2018-05-08-call,call,2018-05-08,2018-05-08,2018-05-09,2.0,2018-05-11,EW_TW,,0.020665376028425598,n=10/11;缺adj,10.0,2018-05-08,,21,TWSE(FMTQIK),complete
tx15-2018-05-08-call,call,2018-05-08,2018-05-08,2018-05-09,3.0,2018-05-14,EW_TW,,0.026083893302320395,n=10/11;缺adj,10.0,2018-05-08,,21,TWSE(FMTQIK),complete
tx15-2018-05-08-call,call,2018-05-08,2018-05-08,2018-05-09,4.0,2018-05-15,EW_TW,,0.021684412877532967,n=10/11;缺adj,10.0,2018-05-08,,21,TWSE(FMTQIK),complete
tx15-2018-05-08-call,call,2018-05-08,2018-05-08,2018-05-09,5.0,2018-05-16,EW_TW,,0.03779942904364636,n=10/11;缺adj,10.0,2018-05-08,,21,TWSE(FMTQIK),complete
tx15-2018-05-08-call,call,2018-05-08,2018-05-08,2018-05-09,6.0,2018-05-17,EW_TW,,0.03321540249541775,n=10/11;缺adj,10.0,2018-05-08,,21,TWSE(FMTQIK),complete
tx15-2018-05-08-call,call,2018-05-08,2018-05-08,2018-05-09,7.0,2018-05-18,EW_TW,,0.022596001690753143,n=10/11;缺adj,10.0,2018-05-08,,21,TWSE(FMTQIK),complete
tx15-2018-05-08-call,call,2018-05-08,2018-05-08,2018-05-09,8.0,2018-05-21,EW_TW,,0.034599062052625876,n=10/11;缺adj,10.0,2018-05-08,,21,TWSE(FMTQIK),complete
tx15-2018-05-08-call,call,2018-05-08,2018-05-08,2018-05-09,9.0,2018-05-22,EW_TW,,0.03252108290179003,n=10/11;缺adj,10.0,2018-05-08,,21,TWSE(FMTQIK),complete
tx15-2018-05-08-call,call,2018-05-08,2018-05-08,2018-05-09,10.0,2018-05-23,EW_TW,,0.025667796151339704,n=10/11;缺adj,10.0,2018-05-08,,21,TWSE(FMTQIK),complete
tx15-2018-05-08-call,call,2018-05-08,2018-05-08,2018-05-09,11.0,2018-05-24,EW_TW,,0.03775593708918129,n=10/11;缺adj,10.0,2018-05-08,,21,TWSE(FMTQIK),complete
tx15-2018-05-08-call,call,2018-05-08,2018-05-08,2018-05-09,12.0,2018-05-25,EW_TW,,0.03402335120021392,n=10/11;缺adj,10.0,2018-05-08,,21,TWSE(FMTQIK),complete
tx15-2018-05-08-call,call,2018-05-08,2018-05-08,2018-05-09,13.0,2018-05-28,EW_TW,,0.04744615684519732,n=10/11;缺adj,10.0,2018-05-08,,21,TWSE(FMTQIK),complete
tx15-2018-05-08-call,call,2018-05-08,2018-05-08,2018-05-09,14.0,2018-05-29,EW_TW,,0.04175105060354371,n=10/11;缺adj,10.0,2018-05-08,,21,TWSE(FMTQIK),complete
tx15-2018-05-08-call,call,2018-05-08,2018-05-08,2018-05-09,15.0,2018-05-30,EW_TW,,0.019020298740562037,n=10/11;缺adj,10.0,2018-05-08,,21,TWSE(FMTQIK),complete
tx15-2018-05-08-call,call,2018-05-08,2018-05-08,2018-05-09,16.0,2018-05-31,EW_TW,,0.025636913148610573,n=10/11;缺adj,10.0,2018-05-08,,21,TWSE(FMTQIK),complete
tx15-2018-05-08-call,call,2018-05-08,2018-05-08,2018-05-09,17.0,2018-06-01,EW_TW,,0.03334816746695192,n=10/11;缺adj,10.0,2018-05-08,,21,TWSE(FMTQIK),complete
tx15-2018-05-08-call,call,2018-05-08,2018-05-08,2018-05-09,18.0,2018-06-04,EW_TW,,0.07154872584154945,n=10/11;缺adj,10.0,2018-05-08,,21,TWSE(FMTQIK),complete
tx15-2018-05-08-call,call,2018-05-08,2018-05-08,2018-05-09,19.0,2018-06-05,EW_TW,,0.07326625175319243,n=10/11;缺adj,10.0,2018-05-08,,21,TWSE(FMTQIK),complete
tx15-2018-05-08-call,call,2018-05-08,2018-05-08,2018-05-09,20.0,2018-06-06,EW_TW,,0.08471605661881845,n=10/11;缺adj,10.0,2018-05-08,,21,TWSE(FMTQIK),complete
tx15-2018-05-08-call,call,2018-05-08,2018-05-08,缺,,缺,NET,,,MISSING(未上市，首筆 2019-09-13),,缺,,0,US(own bars),complete
tx16-2018-11-01-call,call,2018-11-01,2018-11-01,2018-11-02,0.0,2018-11-02,TAIEX,9906.59,0.00628254275887441,缺adj,,2018-11-01,9844.74,21,TWSE(FMTQIK),complete
tx16-2018-11-01-call,call,2018-11-01,2018-11-01,2018-11-02,1.0,2018-11-05,TAIEX,9889.81,0.004578079258568568,缺adj,,2018-11-01,9844.74,21,TWSE(FMTQIK),complete
tx16-2018-11-01-call,call,2018-11-01,2018-11-01,2018-11-02,2.0,2018-11-06,TAIEX,9824.95,-0.0020102105286680105,缺adj,,2018-11-01,9844.74,21,TWSE(FMTQIK),complete
tx16-2018-11-01-call,call,2018-11-01,2018-11-01,2018-11-02,3.0,2018-11-07,TAIEX,9908.35,0.006461318429943352,缺adj,,2018-11-01,9844.74,21,TWSE(FMTQIK),complete
tx16-2018-11-01-call,call,2018-11-01,2018-11-01,2018-11-02,4.0,2018-11-08,TAIEX,9945.31,0.0102156075223927,缺adj,,2018-11-01,9844.74,21,TWSE(FMTQIK),complete
tx16-2018-11-01-call,call,2018-11-01,2018-11-01,2018-11-02,5.0,2018-11-09,TAIEX,9830.01,-0.001496230474344662,缺adj,,2018-11-01,9844.74,21,TWSE(FMTQIK),complete
tx16-2018-11-01-call,call,2018-11-01,2018-11-01,2018-11-02,6.0,2018-11-12,TAIEX,9831.21,-0.0013743379713431203,缺adj,,2018-11-01,9844.74,21,TWSE(FMTQIK),complete
tx16-2018-11-01-call,call,2018-11-01,2018-11-01,2018-11-02,7.0,2018-11-13,TAIEX,9775.84,-0.006998661214008717,缺adj,,2018-11-01,9844.74,21,TWSE(FMTQIK),complete
tx16-2018-11-01-call,call,2018-11-01,2018-11-01,2018-11-02,8.0,2018-11-14,TAIEX,9791.88,-0.005369364757220718,缺adj,,2018-11-01,9844.74,21,TWSE(FMTQIK),complete
tx16-2018-11-01-call,call,2018-11-01,2018-11-01,2018-11-02,9.0,2018-11-15,TAIEX,9826.46,-0.0018568291290578243,缺adj,,2018-11-01,9844.74,21,TWSE(FMTQIK),complete
tx16-2018-11-01-call,call,2018-11-01,2018-11-01,2018-11-02,10.0,2018-11-16,TAIEX,9797.09,-0.004840148140021983,缺adj,,2018-11-01,9844.74,21,TWSE(FMTQIK),complete
tx16-2018-11-01-call,call,2018-11-01,2018-11-01,2018-11-02,11.0,2018-11-19,TAIEX,9828.69,-0.0016303122276463133,缺adj,,2018-11-01,9844.74,21,TWSE(FMTQIK),complete
tx16-2018-11-01-call,call,2018-11-01,2018-11-01,2018-11-02,12.0,2018-11-20,TAIEX,9743.99,-0.01023389139784292,缺adj,,2018-11-01,9844.74,21,TWSE(FMTQIK),complete
tx16-2018-11-01-call,call,2018-11-01,2018-11-01,2018-11-02,13.0,2018-11-21,TAIEX,9741.52,-0.010484786799854429,缺adj,,2018-11-01,9844.74,21,TWSE(FMTQIK),complete
tx16-2018-11-01-call,call,2018-11-01,2018-11-01,2018-11-02,14.0,2018-11-22,TAIEX,9714.71,-0.013208068471082135,缺adj,,2018-11-01,9844.74,21,TWSE(FMTQIK),complete
tx16-2018-11-01-call,call,2018-11-01,2018-11-01,2018-11-02,15.0,2018-11-23,TAIEX,9667.3,-0.018023838110503787,缺adj,,2018-11-01,9844.74,21,TWSE(FMTQIK),complete
tx16-2018-11-01-call,call,2018-11-01,2018-11-01,2018-11-02,16.0,2018-11-26,TAIEX,9765.36,-0.008063189073555965,缺adj,,2018-11-01,9844.74,21,TWSE(FMTQIK),complete
tx16-2018-11-01-call,call,2018-11-01,2018-11-01,2018-11-02,17.0,2018-11-27,TAIEX,9778.62,-0.006716276915388231,缺adj,,2018-11-01,9844.74,21,TWSE(FMTQIK),complete
tx16-2018-11-01-call,call,2018-11-01,2018-11-01,2018-11-02,18.0,2018-11-28,TAIEX,9884.31,0.004019405286477928,缺adj,,2018-11-01,9844.74,21,TWSE(FMTQIK),complete
tx16-2018-11-01-call,call,2018-11-01,2018-11-01,2018-11-02,19.0,2018-11-29,TAIEX,9885.36,0.004126061226604305,缺adj,,2018-11-01,9844.74,21,TWSE(FMTQIK),complete
tx16-2018-11-01-call,call,2018-11-01,2018-11-01,2018-11-02,20.0,2018-11-30,TAIEX,9888.03,0.004397272045782996,缺adj,,2018-11-01,9844.74,21,TWSE(FMTQIK),complete
tx16-2018-11-01-call,call,2018-11-01,2018-11-01,2018-11-02,0.0,2018-11-02,3037,15.6,0.0,缺adj,,2018-11-01,15.6,21,TWSE(FMTQIK),complete
tx16-2018-11-01-call,call,2018-11-01,2018-11-01,2018-11-02,1.0,2018-11-05,3037,16.0,0.025641025641025772,缺adj,,2018-11-01,15.6,21,TWSE(FMTQIK),complete
tx16-2018-11-01-call,call,2018-11-01,2018-11-01,2018-11-02,2.0,2018-11-06,3037,15.45,-0.009615384615384692,缺adj,,2018-11-01,15.6,21,TWSE(FMTQIK),complete
tx16-2018-11-01-call,call,2018-11-01,2018-11-01,2018-11-02,3.0,2018-11-07,3037,16.1,0.03205128205128216,缺adj,,2018-11-01,15.6,21,TWSE(FMTQIK),complete
tx16-2018-11-01-call,call,2018-11-01,2018-11-01,2018-11-02,4.0,2018-11-08,3037,15.8,0.012820512820512997,缺adj,,2018-11-01,15.6,21,TWSE(FMTQIK),complete
tx16-2018-11-01-call,call,2018-11-01,2018-11-01,2018-11-02,5.0,2018-11-09,3037,16.15,0.03525641025641013,缺adj,,2018-11-01,15.6,21,TWSE(FMTQIK),complete
tx16-2018-11-01-call,call,2018-11-01,2018-11-01,2018-11-02,6.0,2018-11-12,3037,16.7,0.07051282051282048,缺adj,,2018-11-01,15.6,21,TWSE(FMTQIK),complete
tx16-2018-11-01-call,call,2018-11-01,2018-11-01,2018-11-02,7.0,2018-11-13,3037,16.85,0.08012820512820529,缺adj,,2018-11-01,15.6,21,TWSE(FMTQIK),complete
tx16-2018-11-01-call,call,2018-11-01,2018-11-01,2018-11-02,8.0,2018-11-14,3037,17.0,0.08974358974358987,缺adj,,2018-11-01,15.6,21,TWSE(FMTQIK),complete
tx16-2018-11-01-call,call,2018-11-01,2018-11-01,2018-11-02,9.0,2018-11-15,3037,18.7,0.19871794871794868,缺adj,,2018-11-01,15.6,21,TWSE(FMTQIK),complete
tx16-2018-11-01-call,call,2018-11-01,2018-11-01,2018-11-02,10.0,2018-11-16,3037,19.65,0.2596153846153846,缺adj,,2018-11-01,15.6,21,TWSE(FMTQIK),complete
tx16-2018-11-01-call,call,2018-11-01,2018-11-01,2018-11-02,11.0,2018-11-19,3037,19.8,0.2692307692307694,缺adj,,2018-11-01,15.6,21,TWSE(FMTQIK),complete
tx16-2018-11-01-call,call,2018-11-01,2018-11-01,2018-11-02,12.0,2018-11-20,3037,19.95,0.27884615384615374,缺adj,,2018-11-01,15.6,21,TWSE(FMTQIK),complete
tx16-2018-11-01-call,call,2018-11-01,2018-11-01,2018-11-02,13.0,2018-11-21,3037,20.05,0.28525641025641035,缺adj,,2018-11-01,15.6,21,TWSE(FMTQIK),complete
tx16-2018-11-01-call,call,2018-11-01,2018-11-01,2018-11-02,14.0,2018-11-22,3037,18.65,0.19551282051282048,缺adj,,2018-11-01,15.6,21,TWSE(FMTQIK),complete
tx16-2018-11-01-call,call,2018-11-01,2018-11-01,2018-11-02,15.0,2018-11-23,3037,18.7,0.19871794871794868,缺adj,,2018-11-01,15.6,21,TWSE(FMTQIK),complete
tx16-2018-11-01-call,call,2018-11-01,2018-11-01,2018-11-02,16.0,2018-11-26,3037,18.75,0.20192307692307687,缺adj,,2018-11-01,15.6,21,TWSE(FMTQIK),complete
tx16-2018-11-01-call,call,2018-11-01,2018-11-01,2018-11-02,17.0,2018-11-27,3037,20.0,0.28205128205128216,缺adj,,2018-11-01,15.6,21,TWSE(FMTQIK),complete
tx16-2018-11-01-call,call,2018-11-01,2018-11-01,2018-11-02,18.0,2018-11-28,3037,19.95,0.27884615384615374,缺adj,,2018-11-01,15.6,21,TWSE(FMTQIK),complete
tx16-2018-11-01-call,call,2018-11-01,2018-11-01,2018-11-02,19.0,2018-11-29,3037,20.0,0.28205128205128216,缺adj,,2018-11-01,15.6,21,TWSE(FMTQIK),complete
tx16-2018-11-01-call,call,2018-11-01,2018-11-01,2018-11-02,20.0,2018-11-30,3037,21.15,0.3557692307692306,缺adj,,2018-11-01,15.6,21,TWSE(FMTQIK),complete
tx16-2018-11-01-call,call,2018-11-01,2018-11-01,2018-11-02,0.0,2018-11-02,8046,25.9,0.02777777777777768,缺adj,,2018-11-01,25.2,21,TWSE(FMTQIK),complete
tx16-2018-11-01-call,call,2018-11-01,2018-11-01,2018-11-02,1.0,2018-11-05,8046,28.05,0.11309523809523814,缺adj,,2018-11-01,25.2,21,TWSE(FMTQIK),complete
tx16-2018-11-01-call,call,2018-11-01,2018-11-01,2018-11-02,2.0,2018-11-06,8046,26.95,0.06944444444444442,缺adj,,2018-11-01,25.2,21,TWSE(FMTQIK),complete
tx16-2018-11-01-call,call,2018-11-01,2018-11-01,2018-11-02,3.0,2018-11-07,8046,29.6,0.17460317460317465,缺adj,,2018-11-01,25.2,21,TWSE(FMTQIK),complete
tx16-2018-11-01-call,call,2018-11-01,2018-11-01,2018-11-02,4.0,2018-11-08,8046,29.7,0.1785714285714286,缺adj,,2018-11-01,25.2,21,TWSE(FMTQIK),complete
tx16-2018-11-01-call,call,2018-11-01,2018-11-01,2018-11-02,5.0,2018-11-09,8046,29.3,0.1626984126984128,缺adj,,2018-11-01,25.2,21,TWSE(FMTQIK),complete
tx16-2018-11-01-call,call,2018-11-01,2018-11-01,2018-11-02,6.0,2018-11-12,8046,29.55,0.17261904761904767,缺adj,,2018-11-01,25.2,21,TWSE(FMTQIK),complete
tx16-2018-11-01-call,call,2018-11-01,2018-11-01,2018-11-02,7.0,2018-11-13,8046,31.1,0.23412698412698418,缺adj,,2018-11-01,25.2,21,TWSE(FMTQIK),complete
tx16-2018-11-01-call,call,2018-11-01,2018-11-01,2018-11-02,8.0,2018-11-14,8046,32.9,0.3055555555555556,缺adj,,2018-11-01,25.2,21,TWSE(FMTQIK),complete
tx16-2018-11-01-call,call,2018-11-01,2018-11-01,2018-11-02,9.0,2018-11-15,8046,32.6,0.2936507936507937,缺adj,,2018-11-01,25.2,21,TWSE(FMTQIK),complete
tx16-2018-11-01-call,call,2018-11-01,2018-11-01,2018-11-02,10.0,2018-11-16,8046,32.0,0.26984126984126977,缺adj,,2018-11-01,25.2,21,TWSE(FMTQIK),complete
tx16-2018-11-01-call,call,2018-11-01,2018-11-01,2018-11-02,11.0,2018-11-19,8046,31.0,0.23015873015873023,缺adj,,2018-11-01,25.2,21,TWSE(FMTQIK),complete
tx16-2018-11-01-call,call,2018-11-01,2018-11-01,2018-11-02,12.0,2018-11-20,8046,30.15,0.1964285714285714,缺adj,,2018-11-01,25.2,21,TWSE(FMTQIK),complete
tx16-2018-11-01-call,call,2018-11-01,2018-11-01,2018-11-02,13.0,2018-11-21,8046,30.15,0.1964285714285714,缺adj,,2018-11-01,25.2,21,TWSE(FMTQIK),complete
tx16-2018-11-01-call,call,2018-11-01,2018-11-01,2018-11-02,14.0,2018-11-22,8046,29.8,0.18253968253968256,缺adj,,2018-11-01,25.2,21,TWSE(FMTQIK),complete
tx16-2018-11-01-call,call,2018-11-01,2018-11-01,2018-11-02,15.0,2018-11-23,8046,29.8,0.18253968253968256,缺adj,,2018-11-01,25.2,21,TWSE(FMTQIK),complete
tx16-2018-11-01-call,call,2018-11-01,2018-11-01,2018-11-02,16.0,2018-11-26,8046,30.0,0.19047619047619047,缺adj,,2018-11-01,25.2,21,TWSE(FMTQIK),complete
tx16-2018-11-01-call,call,2018-11-01,2018-11-01,2018-11-02,17.0,2018-11-27,8046,30.2,0.19841269841269837,缺adj,,2018-11-01,25.2,21,TWSE(FMTQIK),complete
tx16-2018-11-01-call,call,2018-11-01,2018-11-01,2018-11-02,18.0,2018-11-28,8046,31.15,0.23611111111111116,缺adj,,2018-11-01,25.2,21,TWSE(FMTQIK),complete
tx16-2018-11-01-call,call,2018-11-01,2018-11-01,2018-11-02,19.0,2018-11-29,8046,30.0,0.19047619047619047,缺adj,,2018-11-01,25.2,21,TWSE(FMTQIK),complete
tx16-2018-11-01-call,call,2018-11-01,2018-11-01,2018-11-02,20.0,2018-11-30,8046,30.45,0.20833333333333326,缺adj,,2018-11-01,25.2,21,TWSE(FMTQIK),complete
tx16-2018-11-01-call,call,2018-11-01,2018-11-01,2018-11-02,0.0,2018-11-02,3189,42.8,0.042630937880633324,缺adj,,2018-11-01,41.05,21,TWSE(FMTQIK),complete
tx16-2018-11-01-call,call,2018-11-01,2018-11-01,2018-11-02,1.0,2018-11-05,3189,42.8,0.042630937880633324,缺adj,,2018-11-01,41.05,21,TWSE(FMTQIK),complete
tx16-2018-11-01-call,call,2018-11-01,2018-11-01,2018-11-02,2.0,2018-11-06,3189,41.35,0.0073081607795373316,缺adj,,2018-11-01,41.05,21,TWSE(FMTQIK),complete
tx16-2018-11-01-call,call,2018-11-01,2018-11-01,2018-11-02,3.0,2018-11-07,3189,41.7,0.015834348355663996,缺adj,,2018-11-01,41.05,21,TWSE(FMTQIK),complete
tx16-2018-11-01-call,call,2018-11-01,2018-11-01,2018-11-02,4.0,2018-11-08,3189,41.7,0.015834348355663996,缺adj,,2018-11-01,41.05,21,TWSE(FMTQIK),complete
tx16-2018-11-01-call,call,2018-11-01,2018-11-01,2018-11-02,5.0,2018-11-09,3189,41.05,0.0,缺adj,,2018-11-01,41.05,21,TWSE(FMTQIK),complete
tx16-2018-11-01-call,call,2018-11-01,2018-11-01,2018-11-02,6.0,2018-11-12,3189,40.95,-0.0024360535931788885,缺adj,,2018-11-01,41.05,21,TWSE(FMTQIK),complete
tx16-2018-11-01-call,call,2018-11-01,2018-11-01,2018-11-02,7.0,2018-11-13,3189,40.0,-0.025578562728379994,缺adj,,2018-11-01,41.05,21,TWSE(FMTQIK),complete
tx16-2018-11-01-call,call,2018-11-01,2018-11-01,2018-11-02,8.0,2018-11-14,3189,39.3,-0.042630937880633324,缺adj,,2018-11-01,41.05,21,TWSE(FMTQIK),complete
tx16-2018-11-01-call,call,2018-11-01,2018-11-01,2018-11-02,9.0,2018-11-15,3189,41.8,0.018270401948842885,缺adj,,2018-11-01,41.05,21,TWSE(FMTQIK),complete
tx16-2018-11-01-call,call,2018-11-01,2018-11-01,2018-11-02,10.0,2018-11-16,3189,44.5,0.08404384896467731,缺adj,,2018-11-01,41.05,21,TWSE(FMTQIK),complete
tx16-2018-11-01-call,call,2018-11-01,2018-11-01,2018-11-02,11.0,2018-11-19,3189,44.35,0.08038976857490865,缺adj,,2018-11-01,41.05,21,TWSE(FMTQIK),complete
tx16-2018-11-01-call,call,2018-11-01,2018-11-01,2018-11-02,12.0,2018-11-20,3189,44.8,0.09135200974421442,缺adj,,2018-11-01,41.05,21,TWSE(FMTQIK),complete
tx16-2018-11-01-call,call,2018-11-01,2018-11-01,2018-11-02,13.0,2018-11-21,3189,43.6,0.062119366626065986,缺adj,,2018-11-01,41.05,21,TWSE(FMTQIK),complete
tx16-2018-11-01-call,call,2018-11-01,2018-11-01,2018-11-02,14.0,2018-11-22,3189,42.0,0.023142509135201106,缺adj,,2018-11-01,41.05,21,TWSE(FMTQIK),complete
tx16-2018-11-01-call,call,2018-11-01,2018-11-01,2018-11-02,15.0,2018-11-23,3189,41.0,-0.0012180267965894442,缺adj,,2018-11-01,41.05,21,TWSE(FMTQIK),complete
tx16-2018-11-01-call,call,2018-11-01,2018-11-01,2018-11-02,16.0,2018-11-26,3189,41.1,0.0012180267965895553,缺adj,,2018-11-01,41.05,21,TWSE(FMTQIK),complete
tx16-2018-11-01-call,call,2018-11-01,2018-11-01,2018-11-02,17.0,2018-11-27,3189,42.2,0.028014616321559105,缺adj,,2018-11-01,41.05,21,TWSE(FMTQIK),complete
tx16-2018-11-01-call,call,2018-11-01,2018-11-01,2018-11-02,18.0,2018-11-28,3189,42.55,0.03654080389768577,缺adj,,2018-11-01,41.05,21,TWSE(FMTQIK),complete
tx16-2018-11-01-call,call,2018-11-01,2018-11-01,2018-11-02,19.0,2018-11-29,3189,43.5,0.059683313032886876,缺adj,,2018-11-01,41.05,21,TWSE(FMTQIK),complete
tx16-2018-11-01-call,call,2018-11-01,2018-11-01,2018-11-02,20.0,2018-11-30,3189,45.0,0.09622411693057265,缺adj,,2018-11-01,41.05,21,TWSE(FMTQIK),complete
tx16-2018-11-01-call,call,2018-11-01,2018-11-01,2018-11-02,0.0,2018-11-02,2368,10.3,-0.032863849765258135,缺adj,,2018-11-01,10.65,21,TWSE(FMTQIK),complete
tx16-2018-11-01-call,call,2018-11-01,2018-11-01,2018-11-02,1.0,2018-11-05,2368,10.4,-0.023474178403755874,缺adj,,2018-11-01,10.65,21,TWSE(FMTQIK),complete
tx16-2018-11-01-call,call,2018-11-01,2018-11-01,2018-11-02,2.0,2018-11-06,2368,10.15,-0.04694835680751175,缺adj,,2018-11-01,10.65,21,TWSE(FMTQIK),complete
tx16-2018-11-01-call,call,2018-11-01,2018-11-01,2018-11-02,3.0,2018-11-07,2368,10.6,-0.0046948356807512415,缺adj,,2018-11-01,10.65,21,TWSE(FMTQIK),complete
tx16-2018-11-01-call,call,2018-11-01,2018-11-01,2018-11-02,4.0,2018-11-08,2368,10.5,-0.014084507042253502,缺adj,,2018-11-01,10.65,21,TWSE(FMTQIK),complete
tx16-2018-11-01-call,call,2018-11-01,2018-11-01,2018-11-02,5.0,2018-11-09,2368,10.45,-0.018779342723004744,缺adj,,2018-11-01,10.65,21,TWSE(FMTQIK),complete
tx16-2018-11-01-call,call,2018-11-01,2018-11-01,2018-11-02,6.0,2018-11-12,2368,10.65,0.0,缺adj,,2018-11-01,10.65,21,TWSE(FMTQIK),complete
tx16-2018-11-01-call,call,2018-11-01,2018-11-01,2018-11-02,7.0,2018-11-13,2368,10.8,0.014084507042253502,缺adj,,2018-11-01,10.65,21,TWSE(FMTQIK),complete
tx16-2018-11-01-call,call,2018-11-01,2018-11-01,2018-11-02,8.0,2018-11-14,2368,11.85,0.11267605633802802,缺adj,,2018-11-01,10.65,21,TWSE(FMTQIK),complete
tx16-2018-11-01-call,call,2018-11-01,2018-11-01,2018-11-02,9.0,2018-11-15,2368,12.5,0.1737089201877935,缺adj,,2018-11-01,10.65,21,TWSE(FMTQIK),complete
tx16-2018-11-01-call,call,2018-11-01,2018-11-01,2018-11-02,10.0,2018-11-16,2368,13.0,0.22065727699530502,缺adj,,2018-11-01,10.65,21,TWSE(FMTQIK),complete
tx16-2018-11-01-call,call,2018-11-01,2018-11-01,2018-11-02,11.0,2018-11-19,2368,13.15,0.23474178403755874,缺adj,,2018-11-01,10.65,21,TWSE(FMTQIK),complete
tx16-2018-11-01-call,call,2018-11-01,2018-11-01,2018-11-02,12.0,2018-11-20,2368,12.95,0.21596244131455378,缺adj,,2018-11-01,10.65,21,TWSE(FMTQIK),complete
tx16-2018-11-01-call,call,2018-11-01,2018-11-01,2018-11-02,13.0,2018-11-21,2368,13.1,0.2300469483568075,缺adj,,2018-11-01,10.65,21,TWSE(FMTQIK),complete
tx16-2018-11-01-call,call,2018-11-01,2018-11-01,2018-11-02,14.0,2018-11-22,2368,12.3,0.15492957746478875,缺adj,,2018-11-01,10.65,21,TWSE(FMTQIK),complete
tx16-2018-11-01-call,call,2018-11-01,2018-11-01,2018-11-02,15.0,2018-11-23,2368,12.4,0.164319248826291,缺adj,,2018-11-01,10.65,21,TWSE(FMTQIK),complete
tx16-2018-11-01-call,call,2018-11-01,2018-11-01,2018-11-02,16.0,2018-11-26,2368,12.55,0.17840375586854473,缺adj,,2018-11-01,10.65,21,TWSE(FMTQIK),complete
tx16-2018-11-01-call,call,2018-11-01,2018-11-01,2018-11-02,17.0,2018-11-27,2368,12.9,0.21126760563380276,缺adj,,2018-11-01,10.65,21,TWSE(FMTQIK),complete
tx16-2018-11-01-call,call,2018-11-01,2018-11-01,2018-11-02,18.0,2018-11-28,2368,12.8,0.2018779342723005,缺adj,,2018-11-01,10.65,21,TWSE(FMTQIK),complete
tx16-2018-11-01-call,call,2018-11-01,2018-11-01,2018-11-02,19.0,2018-11-29,2368,12.1,0.136150234741784,缺adj,,2018-11-01,10.65,21,TWSE(FMTQIK),complete
tx16-2018-11-01-call,call,2018-11-01,2018-11-01,2018-11-02,20.0,2018-11-30,2368,12.3,0.15492957746478875,缺adj,,2018-11-01,10.65,21,TWSE(FMTQIK),complete
tx16-2018-11-01-call,call,2018-11-01,2018-11-01,2018-11-02,0.0,2018-11-02,2383,68.9,0.043939393939393945,缺adj,,2018-11-01,66.0,21,TWSE(FMTQIK),complete
tx16-2018-11-01-call,call,2018-11-01,2018-11-01,2018-11-02,1.0,2018-11-05,2383,72.0,0.09090909090909083,缺adj,,2018-11-01,66.0,21,TWSE(FMTQIK),complete
tx16-2018-11-01-call,call,2018-11-01,2018-11-01,2018-11-02,2.0,2018-11-06,2383,70.0,0.06060606060606055,缺adj,,2018-11-01,66.0,21,TWSE(FMTQIK),complete
tx16-2018-11-01-call,call,2018-11-01,2018-11-01,2018-11-02,3.0,2018-11-07,2383,72.4,0.09696969696969715,缺adj,,2018-11-01,66.0,21,TWSE(FMTQIK),complete
tx16-2018-11-01-call,call,2018-11-01,2018-11-01,2018-11-02,4.0,2018-11-08,2383,71.6,0.08484848484848473,缺adj,,2018-11-01,66.0,21,TWSE(FMTQIK),complete
tx16-2018-11-01-call,call,2018-11-01,2018-11-01,2018-11-02,5.0,2018-11-09,2383,69.7,0.056060606060606144,缺adj,,2018-11-01,66.0,21,TWSE(FMTQIK),complete
tx16-2018-11-01-call,call,2018-11-01,2018-11-01,2018-11-02,6.0,2018-11-12,2383,70.4,0.06666666666666665,缺adj,,2018-11-01,66.0,21,TWSE(FMTQIK),complete
tx16-2018-11-01-call,call,2018-11-01,2018-11-01,2018-11-02,7.0,2018-11-13,2383,69.0,0.045454545454545414,缺adj,,2018-11-01,66.0,21,TWSE(FMTQIK),complete
tx16-2018-11-01-call,call,2018-11-01,2018-11-01,2018-11-02,8.0,2018-11-14,2383,70.0,0.06060606060606055,缺adj,,2018-11-01,66.0,21,TWSE(FMTQIK),complete
tx16-2018-11-01-call,call,2018-11-01,2018-11-01,2018-11-02,9.0,2018-11-15,2383,70.1,0.06212121212121202,缺adj,,2018-11-01,66.0,21,TWSE(FMTQIK),complete
tx16-2018-11-01-call,call,2018-11-01,2018-11-01,2018-11-02,10.0,2018-11-16,2383,70.6,0.06969696969696959,缺adj,,2018-11-01,66.0,21,TWSE(FMTQIK),complete
tx16-2018-11-01-call,call,2018-11-01,2018-11-01,2018-11-02,11.0,2018-11-19,2383,72.3,0.09545454545454546,缺adj,,2018-11-01,66.0,21,TWSE(FMTQIK),complete
tx16-2018-11-01-call,call,2018-11-01,2018-11-01,2018-11-02,12.0,2018-11-20,2383,71.9,0.08939393939393958,缺adj,,2018-11-01,66.0,21,TWSE(FMTQIK),complete
tx16-2018-11-01-call,call,2018-11-01,2018-11-01,2018-11-02,13.0,2018-11-21,2383,71.5,0.08333333333333326,缺adj,,2018-11-01,66.0,21,TWSE(FMTQIK),complete
tx16-2018-11-01-call,call,2018-11-01,2018-11-01,2018-11-02,14.0,2018-11-22,2383,70.2,0.06363636363636371,缺adj,,2018-11-01,66.0,21,TWSE(FMTQIK),complete
tx16-2018-11-01-call,call,2018-11-01,2018-11-01,2018-11-02,15.0,2018-11-23,2383,69.0,0.045454545454545414,缺adj,,2018-11-01,66.0,21,TWSE(FMTQIK),complete
tx16-2018-11-01-call,call,2018-11-01,2018-11-01,2018-11-02,16.0,2018-11-26,2383,69.0,0.045454545454545414,缺adj,,2018-11-01,66.0,21,TWSE(FMTQIK),complete
tx16-2018-11-01-call,call,2018-11-01,2018-11-01,2018-11-02,17.0,2018-11-27,2383,72.6,0.09999999999999987,缺adj,,2018-11-01,66.0,21,TWSE(FMTQIK),complete
tx16-2018-11-01-call,call,2018-11-01,2018-11-01,2018-11-02,18.0,2018-11-28,2383,73.8,0.11818181818181817,缺adj,,2018-11-01,66.0,21,TWSE(FMTQIK),complete
tx16-2018-11-01-call,call,2018-11-01,2018-11-01,2018-11-02,19.0,2018-11-29,2383,75.0,0.13636363636363646,缺adj,,2018-11-01,66.0,21,TWSE(FMTQIK),complete
tx16-2018-11-01-call,call,2018-11-01,2018-11-01,2018-11-02,20.0,2018-11-30,2383,72.9,0.10454545454545472,缺adj,,2018-11-01,66.0,21,TWSE(FMTQIK),complete
tx16-2018-11-01-call,call,2018-11-01,2018-11-01,2018-11-02,0.0,2018-11-02,6213,46.0,0.06481481481481466,缺adj,,2018-11-01,43.2,21,TWSE(FMTQIK),complete
tx16-2018-11-01-call,call,2018-11-01,2018-11-01,2018-11-02,1.0,2018-11-05,6213,47.3,0.09490740740740722,缺adj,,2018-11-01,43.2,21,TWSE(FMTQIK),complete
tx16-2018-11-01-call,call,2018-11-01,2018-11-01,2018-11-02,2.0,2018-11-06,6213,45.55,0.05439814814814792,缺adj,,2018-11-01,43.2,21,TWSE(FMTQIK),complete
tx16-2018-11-01-call,call,2018-11-01,2018-11-01,2018-11-02,3.0,2018-11-07,6213,47.1,0.09027777777777768,缺adj,,2018-11-01,43.2,21,TWSE(FMTQIK),complete
tx16-2018-11-01-call,call,2018-11-01,2018-11-01,2018-11-02,4.0,2018-11-08,6213,46.55,0.07754629629629606,缺adj,,2018-11-01,43.2,21,TWSE(FMTQIK),complete
tx16-2018-11-01-call,call,2018-11-01,2018-11-01,2018-11-02,5.0,2018-11-09,6213,45.8,0.06018518518518512,缺adj,,2018-11-01,43.2,21,TWSE(FMTQIK),complete
tx16-2018-11-01-call,call,2018-11-01,2018-11-01,2018-11-02,6.0,2018-11-12,6213,44.95,0.0405092592592593,缺adj,,2018-11-01,43.2,21,TWSE(FMTQIK),complete
tx16-2018-11-01-call,call,2018-11-01,2018-11-01,2018-11-02,7.0,2018-11-13,6213,45.4,0.05092592592592582,缺adj,,2018-11-01,43.2,21,TWSE(FMTQIK),complete
tx16-2018-11-01-call,call,2018-11-01,2018-11-01,2018-11-02,8.0,2018-11-14,6213,44.35,0.02662037037037024,缺adj,,2018-11-01,43.2,21,TWSE(FMTQIK),complete
tx16-2018-11-01-call,call,2018-11-01,2018-11-01,2018-11-02,9.0,2018-11-15,6213,44.3,0.0254629629629628,缺adj,,2018-11-01,43.2,21,TWSE(FMTQIK),complete
tx16-2018-11-01-call,call,2018-11-01,2018-11-01,2018-11-02,10.0,2018-11-16,6213,43.5,0.00694444444444442,缺adj,,2018-11-01,43.2,21,TWSE(FMTQIK),complete
tx16-2018-11-01-call,call,2018-11-01,2018-11-01,2018-11-02,11.0,2018-11-19,6213,44.0,0.01851851851851838,缺adj,,2018-11-01,43.2,21,TWSE(FMTQIK),complete
tx16-2018-11-01-call,call,2018-11-01,2018-11-01,2018-11-02,12.0,2018-11-20,6213,43.05,-0.003472222222222321,缺adj,,2018-11-01,43.2,21,TWSE(FMTQIK),complete
tx16-2018-11-01-call,call,2018-11-01,2018-11-01,2018-11-02,13.0,2018-11-21,6213,42.65,-0.012731481481481621,缺adj,,2018-11-01,43.2,21,TWSE(FMTQIK),complete
tx16-2018-11-01-call,call,2018-11-01,2018-11-01,2018-11-02,14.0,2018-11-22,6213,43.15,-0.0011574074074075513,缺adj,,2018-11-01,43.2,21,TWSE(FMTQIK),complete
tx16-2018-11-01-call,call,2018-11-01,2018-11-01,2018-11-02,15.0,2018-11-23,6213,42.25,-0.02199074074074081,缺adj,,2018-11-01,43.2,21,TWSE(FMTQIK),complete
tx16-2018-11-01-call,call,2018-11-01,2018-11-01,2018-11-02,16.0,2018-11-26,6213,45.0,0.04166666666666652,缺adj,,2018-11-01,43.2,21,TWSE(FMTQIK),complete
tx16-2018-11-01-call,call,2018-11-01,2018-11-01,2018-11-02,17.0,2018-11-27,6213,47.15,0.09143518518518512,缺adj,,2018-11-01,43.2,21,TWSE(FMTQIK),complete
tx16-2018-11-01-call,call,2018-11-01,2018-11-01,2018-11-02,18.0,2018-11-28,6213,47.25,0.09375,缺adj,,2018-11-01,43.2,21,TWSE(FMTQIK),complete
tx16-2018-11-01-call,call,2018-11-01,2018-11-01,2018-11-02,19.0,2018-11-29,6213,48.0,0.11111111111111094,缺adj,,2018-11-01,43.2,21,TWSE(FMTQIK),complete
tx16-2018-11-01-call,call,2018-11-01,2018-11-01,2018-11-02,20.0,2018-11-30,6213,48.6,0.125,缺adj,,2018-11-01,43.2,21,TWSE(FMTQIK),complete
tx16-2018-11-01-call,call,2018-11-01,2018-11-01,2018-11-02,0.0,2018-11-02,6274,91.2,0.024719101123595433,缺adj,,2018-11-01,89.0,21,TWSE(FMTQIK),complete
tx16-2018-11-01-call,call,2018-11-01,2018-11-01,2018-11-02,1.0,2018-11-05,6274,93.9,0.05505617977528088,缺adj,,2018-11-01,89.0,21,TWSE(FMTQIK),complete
tx16-2018-11-01-call,call,2018-11-01,2018-11-01,2018-11-02,2.0,2018-11-06,6274,89.4,0.004494382022471877,缺adj,,2018-11-01,89.0,21,TWSE(FMTQIK),complete
tx16-2018-11-01-call,call,2018-11-01,2018-11-01,2018-11-02,3.0,2018-11-07,6274,90.7,0.019101123595505642,缺adj,,2018-11-01,89.0,21,TWSE(FMTQIK),complete
tx16-2018-11-01-call,call,2018-11-01,2018-11-01,2018-11-02,4.0,2018-11-08,6274,90.0,0.011235955056179803,缺adj,,2018-11-01,89.0,21,TWSE(FMTQIK),complete
tx16-2018-11-01-call,call,2018-11-01,2018-11-01,2018-11-02,5.0,2018-11-09,6274,90.8,0.020224719101123556,缺adj,,2018-11-01,89.0,21,TWSE(FMTQIK),complete
tx16-2018-11-01-call,call,2018-11-01,2018-11-01,2018-11-02,6.0,2018-11-12,6274,88.5,-0.005617977528089901,缺adj,,2018-11-01,89.0,21,TWSE(FMTQIK),complete
tx16-2018-11-01-call,call,2018-11-01,2018-11-01,2018-11-02,7.0,2018-11-13,6274,90.5,0.016853932584269593,缺adj,,2018-11-01,89.0,21,TWSE(FMTQIK),complete
tx16-2018-11-01-call,call,2018-11-01,2018-11-01,2018-11-02,8.0,2018-11-14,6274,88.1,-0.010112359550561889,缺adj,,2018-11-01,89.0,21,TWSE(FMTQIK),complete
tx16-2018-11-01-call,call,2018-11-01,2018-11-01,2018-11-02,9.0,2018-11-15,6274,89.0,0.0,缺adj,,2018-11-01,89.0,21,TWSE(FMTQIK),complete
tx16-2018-11-01-call,call,2018-11-01,2018-11-01,2018-11-02,10.0,2018-11-16,6274,88.2,-0.008988764044943753,缺adj,,2018-11-01,89.0,21,TWSE(FMTQIK),complete
tx16-2018-11-01-call,call,2018-11-01,2018-11-01,2018-11-02,11.0,2018-11-19,6274,90.6,0.017977528089887507,缺adj,,2018-11-01,89.0,21,TWSE(FMTQIK),complete
tx16-2018-11-01-call,call,2018-11-01,2018-11-01,2018-11-02,12.0,2018-11-20,6274,89.7,0.00786516853932584,缺adj,,2018-11-01,89.0,21,TWSE(FMTQIK),complete
tx16-2018-11-01-call,call,2018-11-01,2018-11-01,2018-11-02,13.0,2018-11-21,6274,90.5,0.016853932584269593,缺adj,,2018-11-01,89.0,21,TWSE(FMTQIK),complete
tx16-2018-11-01-call,call,2018-11-01,2018-11-01,2018-11-02,14.0,2018-11-22,6274,88.0,-0.011235955056179803,缺adj,,2018-11-01,89.0,21,TWSE(FMTQIK),complete
tx16-2018-11-01-call,call,2018-11-01,2018-11-01,2018-11-02,15.0,2018-11-23,6274,84.2,-0.05393258426966285,缺adj,,2018-11-01,89.0,21,TWSE(FMTQIK),complete
tx16-2018-11-01-call,call,2018-11-01,2018-11-01,2018-11-02,16.0,2018-11-26,6274,86.0,-0.0337078651685393,缺adj,,2018-11-01,89.0,21,TWSE(FMTQIK),complete
tx16-2018-11-01-call,call,2018-11-01,2018-11-01,2018-11-02,17.0,2018-11-27,6274,88.3,-0.00786516853932584,缺adj,,2018-11-01,89.0,21,TWSE(FMTQIK),complete
tx16-2018-11-01-call,call,2018-11-01,2018-11-01,2018-11-02,18.0,2018-11-28,6274,92.9,0.0438202247191013,缺adj,,2018-11-01,89.0,21,TWSE(FMTQIK),complete
tx16-2018-11-01-call,call,2018-11-01,2018-11-01,2018-11-02,19.0,2018-11-29,6274,96.0,0.0786516853932584,缺adj,,2018-11-01,89.0,21,TWSE(FMTQIK),complete
tx16-2018-11-01-call,call,2018-11-01,2018-11-01,2018-11-02,20.0,2018-11-30,6274,97.3,0.09325842696629216,缺adj,,2018-11-01,89.0,21,TWSE(FMTQIK),complete
tx16-2018-11-01-call,call,2018-11-01,2018-11-01,2018-11-02,0.0,2018-11-02,2408,56.1,0.03125,缺adj,,2018-11-01,54.4,21,TWSE(FMTQIK),complete
tx16-2018-11-01-call,call,2018-11-01,2018-11-01,2018-11-02,1.0,2018-11-05,2408,55.7,0.023897058823529438,缺adj,,2018-11-01,54.4,21,TWSE(FMTQIK),complete
tx16-2018-11-01-call,call,2018-11-01,2018-11-01,2018-11-02,2.0,2018-11-06,2408,52.2,-0.0404411764705882,缺adj,,2018-11-01,54.4,21,TWSE(FMTQIK),complete
tx16-2018-11-01-call,call,2018-11-01,2018-11-01,2018-11-02,3.0,2018-11-07,2408,55.2,0.014705882352941346,缺adj,,2018-11-01,54.4,21,TWSE(FMTQIK),complete
tx16-2018-11-01-call,call,2018-11-01,2018-11-01,2018-11-02,4.0,2018-11-08,2408,53.8,-0.011029411764705954,缺adj,,2018-11-01,54.4,21,TWSE(FMTQIK),complete
tx16-2018-11-01-call,call,2018-11-01,2018-11-01,2018-11-02,5.0,2018-11-09,2408,54.2,-0.00367647058823517,缺adj,,2018-11-01,54.4,21,TWSE(FMTQIK),complete
tx16-2018-11-01-call,call,2018-11-01,2018-11-01,2018-11-02,6.0,2018-11-12,2408,53.8,-0.011029411764705954,缺adj,,2018-11-01,54.4,21,TWSE(FMTQIK),complete
tx16-2018-11-01-call,call,2018-11-01,2018-11-01,2018-11-02,7.0,2018-11-13,2408,56.2,0.03308823529411775,缺adj,,2018-11-01,54.4,21,TWSE(FMTQIK),complete
tx16-2018-11-01-call,call,2018-11-01,2018-11-01,2018-11-02,8.0,2018-11-14,2408,56.5,0.03860294117647056,缺adj,,2018-11-01,54.4,21,TWSE(FMTQIK),complete
tx16-2018-11-01-call,call,2018-11-01,2018-11-01,2018-11-02,9.0,2018-11-15,2408,55.9,0.02757352941176472,缺adj,,2018-11-01,54.4,21,TWSE(FMTQIK),complete
tx16-2018-11-01-call,call,2018-11-01,2018-11-01,2018-11-02,10.0,2018-11-16,2408,54.6,0.003676470588235281,缺adj,,2018-11-01,54.4,21,TWSE(FMTQIK),complete
tx16-2018-11-01-call,call,2018-11-01,2018-11-01,2018-11-02,11.0,2018-11-19,2408,57.5,0.05698529411764719,缺adj,,2018-11-01,54.4,21,TWSE(FMTQIK),complete
tx16-2018-11-01-call,call,2018-11-01,2018-11-01,2018-11-02,12.0,2018-11-20,2408,57.5,0.05698529411764719,缺adj,,2018-11-01,54.4,21,TWSE(FMTQIK),complete
tx16-2018-11-01-call,call,2018-11-01,2018-11-01,2018-11-02,13.0,2018-11-21,2408,57.8,0.0625,缺adj,,2018-11-01,54.4,21,TWSE(FMTQIK),complete
tx16-2018-11-01-call,call,2018-11-01,2018-11-01,2018-11-02,14.0,2018-11-22,2408,58.0,0.06617647058823528,缺adj,,2018-11-01,54.4,21,TWSE(FMTQIK),complete
tx16-2018-11-01-call,call,2018-11-01,2018-11-01,2018-11-02,15.0,2018-11-23,2408,56.1,0.03125,缺adj,,2018-11-01,54.4,21,TWSE(FMTQIK),complete
tx16-2018-11-01-call,call,2018-11-01,2018-11-01,2018-11-02,16.0,2018-11-26,2408,57.3,0.053308823529411686,缺adj,,2018-11-01,54.4,21,TWSE(FMTQIK),complete
tx16-2018-11-01-call,call,2018-11-01,2018-11-01,2018-11-02,17.0,2018-11-27,2408,58.0,0.06617647058823528,缺adj,,2018-11-01,54.4,21,TWSE(FMTQIK),complete
tx16-2018-11-01-call,call,2018-11-01,2018-11-01,2018-11-02,18.0,2018-11-28,2408,58.6,0.07720588235294112,缺adj,,2018-11-01,54.4,21,TWSE(FMTQIK),complete
tx16-2018-11-01-call,call,2018-11-01,2018-11-01,2018-11-02,19.0,2018-11-29,2408,60.3,0.10845588235294112,缺adj,,2018-11-01,54.4,21,TWSE(FMTQIK),complete
tx16-2018-11-01-call,call,2018-11-01,2018-11-01,2018-11-02,20.0,2018-11-30,2408,61.0,0.12132352941176472,缺adj,,2018-11-01,54.4,21,TWSE(FMTQIK),complete
tx16-2018-11-01-call,call,2018-11-01,2018-11-01,2018-11-02,0.0,2018-11-02,2344,14.2,0.03649635036496357,缺adj,,2018-11-01,13.7,21,TWSE(FMTQIK),complete
tx16-2018-11-01-call,call,2018-11-01,2018-11-01,2018-11-02,1.0,2018-11-05,2344,13.95,0.018248175182481674,缺adj,,2018-11-01,13.7,21,TWSE(FMTQIK),complete
tx16-2018-11-01-call,call,2018-11-01,2018-11-01,2018-11-02,2.0,2018-11-06,2344,13.25,-0.03284671532846706,缺adj,,2018-11-01,13.7,21,TWSE(FMTQIK),complete
tx16-2018-11-01-call,call,2018-11-01,2018-11-01,2018-11-02,3.0,2018-11-07,2344,13.9,0.014598540145985384,缺adj,,2018-11-01,13.7,21,TWSE(FMTQIK),complete
tx16-2018-11-01-call,call,2018-11-01,2018-11-01,2018-11-02,4.0,2018-11-08,2344,13.65,-0.0036496350364962904,缺adj,,2018-11-01,13.7,21,TWSE(FMTQIK),complete
tx16-2018-11-01-call,call,2018-11-01,2018-11-01,2018-11-02,5.0,2018-11-09,2344,13.65,-0.0036496350364962904,缺adj,,2018-11-01,13.7,21,TWSE(FMTQIK),complete
tx16-2018-11-01-call,call,2018-11-01,2018-11-01,2018-11-02,6.0,2018-11-12,2344,13.75,0.0036496350364965124,缺adj,,2018-11-01,13.7,21,TWSE(FMTQIK),complete
tx16-2018-11-01-call,call,2018-11-01,2018-11-01,2018-11-02,7.0,2018-11-13,2344,13.5,-0.014598540145985384,缺adj,,2018-11-01,13.7,21,TWSE(FMTQIK),complete
tx16-2018-11-01-call,call,2018-11-01,2018-11-01,2018-11-02,8.0,2018-11-14,2344,13.45,-0.018248175182481785,缺adj,,2018-11-01,13.7,21,TWSE(FMTQIK),complete
tx16-2018-11-01-call,call,2018-11-01,2018-11-01,2018-11-02,9.0,2018-11-15,2344,13.4,-0.021897810218978075,缺adj,,2018-11-01,13.7,21,TWSE(FMTQIK),complete
tx16-2018-11-01-call,call,2018-11-01,2018-11-01,2018-11-02,10.0,2018-11-16,2344,13.5,-0.014598540145985384,缺adj,,2018-11-01,13.7,21,TWSE(FMTQIK),complete
tx16-2018-11-01-call,call,2018-11-01,2018-11-01,2018-11-02,11.0,2018-11-19,2344,13.95,0.018248175182481674,缺adj,,2018-11-01,13.7,21,TWSE(FMTQIK),complete
tx16-2018-11-01-call,call,2018-11-01,2018-11-01,2018-11-02,12.0,2018-11-20,2344,13.85,0.010948905109489093,缺adj,,2018-11-01,13.7,21,TWSE(FMTQIK),complete
tx16-2018-11-01-call,call,2018-11-01,2018-11-01,2018-11-02,13.0,2018-11-21,2344,14.0,0.021897810218978186,缺adj,,2018-11-01,13.7,21,TWSE(FMTQIK),complete
tx16-2018-11-01-call,call,2018-11-01,2018-11-01,2018-11-02,14.0,2018-11-22,2344,14.0,0.021897810218978186,缺adj,,2018-11-01,13.7,21,TWSE(FMTQIK),complete
tx16-2018-11-01-call,call,2018-11-01,2018-11-01,2018-11-02,15.0,2018-11-23,2344,14.0,0.021897810218978186,缺adj,,2018-11-01,13.7,21,TWSE(FMTQIK),complete
tx16-2018-11-01-call,call,2018-11-01,2018-11-01,2018-11-02,16.0,2018-11-26,2344,14.2,0.03649635036496357,缺adj,,2018-11-01,13.7,21,TWSE(FMTQIK),complete
tx16-2018-11-01-call,call,2018-11-01,2018-11-01,2018-11-02,17.0,2018-11-27,2344,14.8,0.08029197080291972,缺adj,,2018-11-01,13.7,21,TWSE(FMTQIK),complete
tx16-2018-11-01-call,call,2018-11-01,2018-11-01,2018-11-02,18.0,2018-11-28,2344,15.15,0.1058394160583942,缺adj,,2018-11-01,13.7,21,TWSE(FMTQIK),complete
tx16-2018-11-01-call,call,2018-11-01,2018-11-01,2018-11-02,19.0,2018-11-29,2344,15.05,0.09854014598540162,缺adj,,2018-11-01,13.7,21,TWSE(FMTQIK),complete
tx16-2018-11-01-call,call,2018-11-01,2018-11-01,2018-11-02,20.0,2018-11-30,2344,15.0,0.0948905109489051,缺adj,,2018-11-01,13.7,21,TWSE(FMTQIK),complete
tx16-2018-11-01-call,call,2018-11-01,2018-11-01,2018-11-02,0.0,2018-11-02,6770,,,MISSING(未上市，首筆 2020-12-09);缺adj,,2018-11-01,,0,TWSE(FMTQIK),complete
tx16-2018-11-01-call,call,2018-11-01,2018-11-01,2018-11-02,1.0,2018-11-05,6770,,,MISSING(未上市，首筆 2020-12-09);缺adj,,2018-11-01,,0,TWSE(FMTQIK),complete
tx16-2018-11-01-call,call,2018-11-01,2018-11-01,2018-11-02,2.0,2018-11-06,6770,,,MISSING(未上市，首筆 2020-12-09);缺adj,,2018-11-01,,0,TWSE(FMTQIK),complete
tx16-2018-11-01-call,call,2018-11-01,2018-11-01,2018-11-02,3.0,2018-11-07,6770,,,MISSING(未上市，首筆 2020-12-09);缺adj,,2018-11-01,,0,TWSE(FMTQIK),complete
tx16-2018-11-01-call,call,2018-11-01,2018-11-01,2018-11-02,4.0,2018-11-08,6770,,,MISSING(未上市，首筆 2020-12-09);缺adj,,2018-11-01,,0,TWSE(FMTQIK),complete
tx16-2018-11-01-call,call,2018-11-01,2018-11-01,2018-11-02,5.0,2018-11-09,6770,,,MISSING(未上市，首筆 2020-12-09);缺adj,,2018-11-01,,0,TWSE(FMTQIK),complete
tx16-2018-11-01-call,call,2018-11-01,2018-11-01,2018-11-02,6.0,2018-11-12,6770,,,MISSING(未上市，首筆 2020-12-09);缺adj,,2018-11-01,,0,TWSE(FMTQIK),complete
tx16-2018-11-01-call,call,2018-11-01,2018-11-01,2018-11-02,7.0,2018-11-13,6770,,,MISSING(未上市，首筆 2020-12-09);缺adj,,2018-11-01,,0,TWSE(FMTQIK),complete
tx16-2018-11-01-call,call,2018-11-01,2018-11-01,2018-11-02,8.0,2018-11-14,6770,,,MISSING(未上市，首筆 2020-12-09);缺adj,,2018-11-01,,0,TWSE(FMTQIK),complete
tx16-2018-11-01-call,call,2018-11-01,2018-11-01,2018-11-02,9.0,2018-11-15,6770,,,MISSING(未上市，首筆 2020-12-09);缺adj,,2018-11-01,,0,TWSE(FMTQIK),complete
tx16-2018-11-01-call,call,2018-11-01,2018-11-01,2018-11-02,10.0,2018-11-16,6770,,,MISSING(未上市，首筆 2020-12-09);缺adj,,2018-11-01,,0,TWSE(FMTQIK),complete
tx16-2018-11-01-call,call,2018-11-01,2018-11-01,2018-11-02,11.0,2018-11-19,6770,,,MISSING(未上市，首筆 2020-12-09);缺adj,,2018-11-01,,0,TWSE(FMTQIK),complete
tx16-2018-11-01-call,call,2018-11-01,2018-11-01,2018-11-02,12.0,2018-11-20,6770,,,MISSING(未上市，首筆 2020-12-09);缺adj,,2018-11-01,,0,TWSE(FMTQIK),complete
tx16-2018-11-01-call,call,2018-11-01,2018-11-01,2018-11-02,13.0,2018-11-21,6770,,,MISSING(未上市，首筆 2020-12-09);缺adj,,2018-11-01,,0,TWSE(FMTQIK),complete
tx16-2018-11-01-call,call,2018-11-01,2018-11-01,2018-11-02,14.0,2018-11-22,6770,,,MISSING(未上市，首筆 2020-12-09);缺adj,,2018-11-01,,0,TWSE(FMTQIK),complete
tx16-2018-11-01-call,call,2018-11-01,2018-11-01,2018-11-02,15.0,2018-11-23,6770,,,MISSING(未上市，首筆 2020-12-09);缺adj,,2018-11-01,,0,TWSE(FMTQIK),complete
tx16-2018-11-01-call,call,2018-11-01,2018-11-01,2018-11-02,16.0,2018-11-26,6770,,,MISSING(未上市，首筆 2020-12-09);缺adj,,2018-11-01,,0,TWSE(FMTQIK),complete
tx16-2018-11-01-call,call,2018-11-01,2018-11-01,2018-11-02,17.0,2018-11-27,6770,,,MISSING(未上市，首筆 2020-12-09);缺adj,,2018-11-01,,0,TWSE(FMTQIK),complete
tx16-2018-11-01-call,call,2018-11-01,2018-11-01,2018-11-02,18.0,2018-11-28,6770,,,MISSING(未上市，首筆 2020-12-09);缺adj,,2018-11-01,,0,TWSE(FMTQIK),complete
tx16-2018-11-01-call,call,2018-11-01,2018-11-01,2018-11-02,19.0,2018-11-29,6770,,,MISSING(未上市，首筆 2020-12-09);缺adj,,2018-11-01,,0,TWSE(FMTQIK),complete
tx16-2018-11-01-call,call,2018-11-01,2018-11-01,2018-11-02,20.0,2018-11-30,6770,,,MISSING(未上市，首筆 2020-12-09);缺adj,,2018-11-01,,0,TWSE(FMTQIK),complete
tx16-2018-11-01-call,call,2018-11-01,2018-11-01,2018-11-02,0.0,2018-11-02,3711,62.6,0.0,缺adj,,2018-11-01,62.6,21,TWSE(FMTQIK),complete
tx16-2018-11-01-call,call,2018-11-01,2018-11-01,2018-11-02,1.0,2018-11-05,3711,62.4,-0.0031948881789137795,缺adj,,2018-11-01,62.6,21,TWSE(FMTQIK),complete
tx16-2018-11-01-call,call,2018-11-01,2018-11-01,2018-11-02,2.0,2018-11-06,3711,61.6,-0.015974440894568676,缺adj,,2018-11-01,62.6,21,TWSE(FMTQIK),complete
tx16-2018-11-01-call,call,2018-11-01,2018-11-01,2018-11-02,3.0,2018-11-07,3711,61.2,-0.022364217252396124,缺adj,,2018-11-01,62.6,21,TWSE(FMTQIK),complete
tx16-2018-11-01-call,call,2018-11-01,2018-11-01,2018-11-02,4.0,2018-11-08,3711,61.8,-0.012779552715655007,缺adj,,2018-11-01,62.6,21,TWSE(FMTQIK),complete
tx16-2018-11-01-call,call,2018-11-01,2018-11-01,2018-11-02,5.0,2018-11-09,3711,60.6,-0.03194888178913735,缺adj,,2018-11-01,62.6,21,TWSE(FMTQIK),complete
tx16-2018-11-01-call,call,2018-11-01,2018-11-01,2018-11-02,6.0,2018-11-12,3711,61.0,-0.025559105431309903,缺adj,,2018-11-01,62.6,21,TWSE(FMTQIK),complete
tx16-2018-11-01-call,call,2018-11-01,2018-11-01,2018-11-02,7.0,2018-11-13,3711,59.5,-0.04952076677316297,缺adj,,2018-11-01,62.6,21,TWSE(FMTQIK),complete
tx16-2018-11-01-call,call,2018-11-01,2018-11-01,2018-11-02,8.0,2018-11-14,3711,59.5,-0.04952076677316297,缺adj,,2018-11-01,62.6,21,TWSE(FMTQIK),complete
tx16-2018-11-01-call,call,2018-11-01,2018-11-01,2018-11-02,9.0,2018-11-15,3711,59.5,-0.04952076677316297,缺adj,,2018-11-01,62.6,21,TWSE(FMTQIK),complete
tx16-2018-11-01-call,call,2018-11-01,2018-11-01,2018-11-02,10.0,2018-11-16,3711,60.3,-0.036741214057508076,缺adj,,2018-11-01,62.6,21,TWSE(FMTQIK),complete
tx16-2018-11-01-call,call,2018-11-01,2018-11-01,2018-11-02,11.0,2018-11-19,3711,59.7,-0.04632587859424919,缺adj,,2018-11-01,62.6,21,TWSE(FMTQIK),complete
tx16-2018-11-01-call,call,2018-11-01,2018-11-01,2018-11-02,12.0,2018-11-20,3711,57.6,-0.07987220447284349,缺adj,,2018-11-01,62.6,21,TWSE(FMTQIK),complete
tx16-2018-11-01-call,call,2018-11-01,2018-11-01,2018-11-02,13.0,2018-11-21,3711,56.6,-0.09584664536741216,缺adj,,2018-11-01,62.6,21,TWSE(FMTQIK),complete
tx16-2018-11-01-call,call,2018-11-01,2018-11-01,2018-11-02,14.0,2018-11-22,3711,56.5,-0.097444089456869,缺adj,,2018-11-01,62.6,21,TWSE(FMTQIK),complete
tx16-2018-11-01-call,call,2018-11-01,2018-11-01,2018-11-02,15.0,2018-11-23,3711,56.4,-0.09904153354632594,缺adj,,2018-11-01,62.6,21,TWSE(FMTQIK),complete
tx16-2018-11-01-call,call,2018-11-01,2018-11-01,2018-11-02,16.0,2018-11-26,3711,57.4,-0.08306709265175727,缺adj,,2018-11-01,62.6,21,TWSE(FMTQIK),complete
tx16-2018-11-01-call,call,2018-11-01,2018-11-01,2018-11-02,17.0,2018-11-27,3711,58.0,-0.07348242811501604,缺adj,,2018-11-01,62.6,21,TWSE(FMTQIK),complete
tx16-2018-11-01-call,call,2018-11-01,2018-11-01,2018-11-02,18.0,2018-11-28,3711,62.5,-0.0015974440894569453,缺adj,,2018-11-01,62.6,21,TWSE(FMTQIK),complete
tx16-2018-11-01-call,call,2018-11-01,2018-11-01,2018-11-02,19.0,2018-11-29,3711,62.0,-0.009584664536741228,缺adj,,2018-11-01,62.6,21,TWSE(FMTQIK),complete
tx16-2018-11-01-call,call,2018-11-01,2018-11-01,2018-11-02,20.0,2018-11-30,3711,62.4,-0.0031948881789137795,缺adj,,2018-11-01,62.6,21,TWSE(FMTQIK),complete
tx16-2018-11-01-call,call,2018-11-01,2018-11-01,2018-11-02,0.0,2018-11-02,EW_TW,,0.023876452613592048,n=10/11;缺adj,10.0,2018-11-01,,21,TWSE(FMTQIK),complete
tx16-2018-11-01-call,call,2018-11-01,2018-11-01,2018-11-02,1.0,2018-11-05,EW_TW,,0.04377160471320176,n=10/11;缺adj,10.0,2018-11-01,,21,TWSE(FMTQIK),complete
tx16-2018-11-01-call,call,2018-11-01,2018-11-01,2018-11-02,2.0,2018-11-06,EW_TW,,0.005042512188414172,n=10/11;缺adj,10.0,2018-11-01,,21,TWSE(FMTQIK),complete
tx16-2018-11-01-call,call,2018-11-01,2018-11-01,2018-11-02,3.0,2018-11-07,EW_TW,,0.04310827729188806,n=10/11;缺adj,10.0,2018-11-01,,21,TWSE(FMTQIK),complete
tx16-2018-11-01-call,call,2018-11-01,2018-11-01,2018-11-02,4.0,2018-11-08,EW_TW,,0.033931391938945545,n=10/11;缺adj,10.0,2018-11-01,,21,TWSE(FMTQIK),complete
tx16-2018-11-01-call,call,2018-11-01,2018-11-01,2018-11-02,5.0,2018-11-09,EW_TW,,0.027637100316486418,n=10/11;缺adj,10.0,2018-11-01,,21,TWSE(FMTQIK),complete
tx16-2018-11-01-call,call,2018-11-01,2018-11-01,2018-11-02,6.0,2018-11-12,EW_TW,,0.030931488077700596,n=10/11;缺adj,10.0,2018-11-01,,21,TWSE(FMTQIK),complete
tx16-2018-11-01-call,call,2018-11-01,2018-11-01,2018-11-02,7.0,2018-11-13,EW_TW,,0.03849644659087732,n=10/11;缺adj,10.0,2018-11-01,,21,TWSE(FMTQIK),complete
tx16-2018-11-01-call,call,2018-11-01,2018-11-01,2018-11-02,8.0,2018-11-14,EW_TW,,0.05132923344032349,n=10/11;缺adj,10.0,2018-11-01,,21,TWSE(FMTQIK),complete
tx16-2018-11-01-call,call,2018-11-01,2018-11-01,2018-11-02,9.0,2018-11-15,EW_TW,,0.07280871920091772,n=10/11;缺adj,10.0,2018-11-01,,21,TWSE(FMTQIK),complete
tx16-2018-11-01-call,call,2018-11-01,2018-11-01,2018-11-02,10.0,2018-11-16,EW_TW,,0.08541471468978487,n=10/11;缺adj,10.0,2018-11-01,,21,TWSE(FMTQIK),complete
tx16-2018-11-01-call,call,2018-11-01,2018-11-01,2018-11-02,11.0,2018-11-19,EW_TW,,0.0975379234770798,n=10/11;缺adj,10.0,2018-11-01,,21,TWSE(FMTQIK),complete
tx16-2018-11-01-call,call,2018-11-01,2018-11-01,2018-11-02,12.0,2018-11-20,EW_TW,,0.08644380567988293,n=10/11;缺adj,10.0,2018-11-01,,21,TWSE(FMTQIK),complete
tx16-2018-11-01-call,call,2018-11-01,2018-11-01,2018-11-02,13.0,2018-11-21,EW_TW,,0.08498582459555425,n=10/11;缺adj,10.0,2018-11-01,,21,TWSE(FMTQIK),complete
tx16-2018-11-01-call,call,2018-11-01,2018-11-01,2018-11-02,14.0,2018-11-22,EW_TW,,0.05979977821756137,n=10/11;缺adj,10.0,2018-11-01,,21,TWSE(FMTQIK),complete
tx16-2018-11-01-call,call,2018-11-01,2018-11-01,2018-11-02,15.0,2018-11-23,EW_TW,,0.04679963504041268,n=10/11;缺adj,10.0,2018-11-01,,21,TWSE(FMTQIK),complete
tx16-2018-11-01-call,call,2018-11-01,2018-11-01,2018-11-02,16.0,2018-11-26,EW_TW,,0.06321724782596923,n=10/11;缺adj,10.0,2018-11-01,,21,TWSE(FMTQIK),complete
tx16-2018-11-01-call,call,2018-11-01,2018-11-01,2018-11-02,17.0,2018-11-27,EW_TW,,0.09763022323413405,n=10/11;缺adj,10.0,2018-11-01,,21,TWSE(FMTQIK),complete
tx16-2018-11-01-call,call,2018-11-01,2018-11-01,2018-11-02,18.0,2018-11-28,EW_TW,,0.1190575900350049,n=10/11;缺adj,10.0,2018-11-01,,21,TWSE(FMTQIK),complete
tx16-2018-11-01-call,call,2018-11-01,2018-11-01,2018-11-02,19.0,2018-11-29,EW_TW,,0.11918988169717508,n=10/11;缺adj,10.0,2018-11-01,,21,TWSE(FMTQIK),complete
tx16-2018-11-01-call,call,2018-11-01,2018-11-01,2018-11-02,20.0,2018-11-30,EW_TW,,0.13510792921914283,n=10/11;缺adj,10.0,2018-11-01,,21,TWSE(FMTQIK),complete
tx16-2018-11-01-call,call,2018-11-01,2018-11-01,缺,,缺,NET,,,MISSING(未上市，首筆 2019-09-13),,缺,,0,US(own bars),complete
tx18-2018-12-29-call,call,2018-12-29,2018-12-29,2019-01-02,0.0,2019-01-02,TAIEX,9554.14,-0.0178125523649153,缺adj,,2018-12-28,9727.41,21,TWSE(FMTQIK),complete
tx18-2018-12-29-call,call,2018-12-29,2018-12-29,2019-01-02,1.0,2019-01-03,TAIEX,9492.42,-0.024157509552902523,缺adj,,2018-12-28,9727.41,21,TWSE(FMTQIK),complete
tx18-2018-12-29-call,call,2018-12-29,2018-12-29,2019-01-02,2.0,2019-01-04,TAIEX,9382.51,-0.03545650897823771,缺adj,,2018-12-28,9727.41,21,TWSE(FMTQIK),complete
tx18-2018-12-29-call,call,2018-12-29,2018-12-29,2019-01-02,3.0,2019-01-07,TAIEX,9590.3,-0.014095221646872158,缺adj,,2018-12-28,9727.41,21,TWSE(FMTQIK),complete
tx18-2018-12-29-call,call,2018-12-29,2018-12-29,2019-01-02,4.0,2019-01-08,TAIEX,9563.6,-0.01684004272463069,缺adj,,2018-12-28,9727.41,21,TWSE(FMTQIK),complete
tx18-2018-12-29-call,call,2018-12-29,2018-12-29,2019-01-02,5.0,2019-01-09,TAIEX,9738.31,0.0011205449343658636,缺adj,,2018-12-28,9727.41,21,TWSE(FMTQIK),complete
tx18-2018-12-29-call,call,2018-12-29,2018-12-29,2019-01-02,6.0,2019-01-10,TAIEX,9720.69,-0.0006908313723796855,缺adj,,2018-12-28,9727.41,21,TWSE(FMTQIK),complete
tx18-2018-12-29-call,call,2018-12-29,2018-12-29,2019-01-02,7.0,2019-01-11,TAIEX,9759.4,0.003288645178932459,缺adj,,2018-12-28,9727.41,21,TWSE(FMTQIK),complete
tx18-2018-12-29-call,call,2018-12-29,2018-12-29,2019-01-02,8.0,2019-01-14,TAIEX,9708.22,-0.0019727758982093224,缺adj,,2018-12-28,9727.41,21,TWSE(FMTQIK),complete
tx18-2018-12-29-call,call,2018-12-29,2018-12-29,2019-01-02,9.0,2019-01-15,TAIEX,9806.04,0.00808334387056786,缺adj,,2018-12-28,9727.41,21,TWSE(FMTQIK),complete
tx18-2018-12-29-call,call,2018-12-29,2018-12-29,2019-01-02,10.0,2019-01-16,TAIEX,9763.81,0.0037420032670567593,缺adj,,2018-12-28,9727.41,21,TWSE(FMTQIK),complete
tx18-2018-12-29-call,call,2018-12-29,2018-12-29,2019-01-02,11.0,2019-01-17,TAIEX,9789.15,0.00634701323373843,缺adj,,2018-12-28,9727.41,21,TWSE(FMTQIK),complete
tx18-2018-12-29-call,call,2018-12-29,2018-12-29,2019-01-02,12.0,2019-01-18,TAIEX,9836.06,0.011169468543013927,缺adj,,2018-12-28,9727.41,21,TWSE(FMTQIK),complete
tx18-2018-12-29-call,call,2018-12-29,2018-12-29,2019-01-02,13.0,2019-01-21,TAIEX,9889.4,0.016652942561277806,缺adj,,2018-12-28,9727.41,21,TWSE(FMTQIK),complete
tx18-2018-12-29-call,call,2018-12-29,2018-12-29,2019-01-02,14.0,2019-01-22,TAIEX,9894.66,0.017193682593825033,缺adj,,2018-12-28,9727.41,21,TWSE(FMTQIK),complete
tx18-2018-12-29-call,call,2018-12-29,2018-12-29,2019-01-02,15.0,2019-01-23,TAIEX,9846.4,0.012232444196348169,缺adj,,2018-12-28,9727.41,21,TWSE(FMTQIK),complete
tx18-2018-12-29-call,call,2018-12-29,2018-12-29,2019-01-02,16.0,2019-01-24,TAIEX,9877.12,0.015390530470084096,缺adj,,2018-12-28,9727.41,21,TWSE(FMTQIK),complete
tx18-2018-12-29-call,call,2018-12-29,2018-12-29,2019-01-02,17.0,2019-01-25,TAIEX,9969.61,0.024898714046184933,缺adj,,2018-12-28,9727.41,21,TWSE(FMTQIK),complete
tx18-2018-12-29-call,call,2018-12-29,2018-12-29,2019-01-02,18.0,2019-01-28,TAIEX,10013.33,0.029393230058155195,缺adj,,2018-12-28,9727.41,21,TWSE(FMTQIK),complete
tx18-2018-12-29-call,call,2018-12-29,2018-12-29,2019-01-02,19.0,2019-01-29,TAIEX,9931.59,0.020990171073286712,缺adj,,2018-12-28,9727.41,21,TWSE(FMTQIK),complete
tx18-2018-12-29-call,call,2018-12-29,2018-12-29,2019-01-02,20.0,2019-01-30,TAIEX,9932.26,0.02105904860594965,缺adj,,2018-12-28,9727.41,21,TWSE(FMTQIK),complete
tx18-2018-12-29-call,call,2018-12-29,2018-12-29,2019-01-02,0.0,2019-01-02,3037,23.1,0.03587443946188351,缺adj,,2018-12-28,22.3,21,TWSE(FMTQIK),complete
tx18-2018-12-29-call,call,2018-12-29,2018-12-29,2019-01-02,1.0,2019-01-03,3037,24.2,0.08520179372197312,缺adj,,2018-12-28,22.3,21,TWSE(FMTQIK),complete
tx18-2018-12-29-call,call,2018-12-29,2018-12-29,2019-01-02,2.0,2019-01-04,3037,23.9,0.0717488789237668,缺adj,,2018-12-28,22.3,21,TWSE(FMTQIK),complete
tx18-2018-12-29-call,call,2018-12-29,2018-12-29,2019-01-02,3.0,2019-01-07,3037,24.1,0.08071748878923768,缺adj,,2018-12-28,22.3,21,TWSE(FMTQIK),complete
tx18-2018-12-29-call,call,2018-12-29,2018-12-29,2019-01-02,4.0,2019-01-08,3037,24.45,0.0964125560538116,缺adj,,2018-12-28,22.3,21,TWSE(FMTQIK),complete
tx18-2018-12-29-call,call,2018-12-29,2018-12-29,2019-01-02,5.0,2019-01-09,3037,22.05,-0.011210762331838597,缺adj,,2018-12-28,22.3,21,TWSE(FMTQIK),complete
tx18-2018-12-29-call,call,2018-12-29,2018-12-29,2019-01-02,6.0,2019-01-10,3037,22.1,-0.008968609865470767,缺adj,,2018-12-28,22.3,21,TWSE(FMTQIK),complete
tx18-2018-12-29-call,call,2018-12-29,2018-12-29,2019-01-02,7.0,2019-01-11,3037,21.2,-0.04932735426008972,缺adj,,2018-12-28,22.3,21,TWSE(FMTQIK),complete
tx18-2018-12-29-call,call,2018-12-29,2018-12-29,2019-01-02,8.0,2019-01-14,3037,21.05,-0.056053811659192876,缺adj,,2018-12-28,22.3,21,TWSE(FMTQIK),complete
tx18-2018-12-29-call,call,2018-12-29,2018-12-29,2019-01-02,9.0,2019-01-15,3037,21.1,-0.053811659192825045,缺adj,,2018-12-28,22.3,21,TWSE(FMTQIK),complete
tx18-2018-12-29-call,call,2018-12-29,2018-12-29,2019-01-02,10.0,2019-01-16,3037,21.55,-0.03363228699551568,缺adj,,2018-12-28,22.3,21,TWSE(FMTQIK),complete
tx18-2018-12-29-call,call,2018-12-29,2018-12-29,2019-01-02,11.0,2019-01-17,3037,21.45,-0.03811659192825123,缺adj,,2018-12-28,22.3,21,TWSE(FMTQIK),complete
tx18-2018-12-29-call,call,2018-12-29,2018-12-29,2019-01-02,12.0,2019-01-18,3037,22.15,-0.0067264573991032695,缺adj,,2018-12-28,22.3,21,TWSE(FMTQIK),complete
tx18-2018-12-29-call,call,2018-12-29,2018-12-29,2019-01-02,13.0,2019-01-21,3037,22.1,-0.008968609865470767,缺adj,,2018-12-28,22.3,21,TWSE(FMTQIK),complete
tx18-2018-12-29-call,call,2018-12-29,2018-12-29,2019-01-02,14.0,2019-01-22,3037,21.35,-0.04260089686098656,缺adj,,2018-12-28,22.3,21,TWSE(FMTQIK),complete
tx18-2018-12-29-call,call,2018-12-29,2018-12-29,2019-01-02,15.0,2019-01-23,3037,21.15,-0.05156950672645755,缺adj,,2018-12-28,22.3,21,TWSE(FMTQIK),complete
tx18-2018-12-29-call,call,2018-12-29,2018-12-29,2019-01-02,16.0,2019-01-24,3037,21.6,-0.03139013452914796,缺adj,,2018-12-28,22.3,21,TWSE(FMTQIK),complete
tx18-2018-12-29-call,call,2018-12-29,2018-12-29,2019-01-02,17.0,2019-01-25,3037,21.7,-0.026905829596412634,缺adj,,2018-12-28,22.3,21,TWSE(FMTQIK),complete
tx18-2018-12-29-call,call,2018-12-29,2018-12-29,2019-01-02,18.0,2019-01-28,3037,22.35,0.0022421524663678305,缺adj,,2018-12-28,22.3,21,TWSE(FMTQIK),complete
tx18-2018-12-29-call,call,2018-12-29,2018-12-29,2019-01-02,19.0,2019-01-29,3037,22.85,0.024663677130044803,缺adj,,2018-12-28,22.3,21,TWSE(FMTQIK),complete
tx18-2018-12-29-call,call,2018-12-29,2018-12-29,2019-01-02,20.0,2019-01-30,3037,22.5,0.008968609865470878,缺adj,,2018-12-28,22.3,21,TWSE(FMTQIK),complete
tx18-2018-12-29-call,call,2018-12-29,2018-12-29,2019-01-02,0.0,2019-01-02,8046,34.1,0.00887573964497057,缺adj,,2018-12-28,33.8,21,TWSE(FMTQIK),complete
tx18-2018-12-29-call,call,2018-12-29,2018-12-29,2019-01-02,1.0,2019-01-03,8046,34.7,0.02662721893491149,缺adj,,2018-12-28,33.8,21,TWSE(FMTQIK),complete
tx18-2018-12-29-call,call,2018-12-29,2018-12-29,2019-01-02,2.0,2019-01-04,8046,33.5,-0.008875739644970349,缺adj,,2018-12-28,33.8,21,TWSE(FMTQIK),complete
tx18-2018-12-29-call,call,2018-12-29,2018-12-29,2019-01-02,3.0,2019-01-07,8046,34.7,0.02662721893491149,缺adj,,2018-12-28,33.8,21,TWSE(FMTQIK),complete
tx18-2018-12-29-call,call,2018-12-29,2018-12-29,2019-01-02,4.0,2019-01-08,8046,35.2,0.04142011834319548,缺adj,,2018-12-28,33.8,21,TWSE(FMTQIK),complete
tx18-2018-12-29-call,call,2018-12-29,2018-12-29,2019-01-02,5.0,2019-01-09,8046,33.5,-0.008875739644970349,缺adj,,2018-12-28,33.8,21,TWSE(FMTQIK),complete
tx18-2018-12-29-call,call,2018-12-29,2018-12-29,2019-01-02,6.0,2019-01-10,8046,34.45,0.019230769230769384,缺adj,,2018-12-28,33.8,21,TWSE(FMTQIK),complete
tx18-2018-12-29-call,call,2018-12-29,2018-12-29,2019-01-02,7.0,2019-01-11,8046,33.25,-0.016272189349112343,缺adj,,2018-12-28,33.8,21,TWSE(FMTQIK),complete
tx18-2018-12-29-call,call,2018-12-29,2018-12-29,2019-01-02,8.0,2019-01-14,8046,34.3,0.014792899408283988,缺adj,,2018-12-28,33.8,21,TWSE(FMTQIK),complete
tx18-2018-12-29-call,call,2018-12-29,2018-12-29,2019-01-02,9.0,2019-01-15,8046,34.5,0.020710059171597628,缺adj,,2018-12-28,33.8,21,TWSE(FMTQIK),complete
tx18-2018-12-29-call,call,2018-12-29,2018-12-29,2019-01-02,10.0,2019-01-16,8046,34.65,0.025147928994082802,缺adj,,2018-12-28,33.8,21,TWSE(FMTQIK),complete
tx18-2018-12-29-call,call,2018-12-29,2018-12-29,2019-01-02,11.0,2019-01-17,8046,35.55,0.05177514792899407,缺adj,,2018-12-28,33.8,21,TWSE(FMTQIK),complete
tx18-2018-12-29-call,call,2018-12-29,2018-12-29,2019-01-02,12.0,2019-01-18,8046,36.75,0.08727810650887591,缺adj,,2018-12-28,33.8,21,TWSE(FMTQIK),complete
tx18-2018-12-29-call,call,2018-12-29,2018-12-29,2019-01-02,13.0,2019-01-21,8046,36.25,0.0724852071005917,缺adj,,2018-12-28,33.8,21,TWSE(FMTQIK),complete
tx18-2018-12-29-call,call,2018-12-29,2018-12-29,2019-01-02,14.0,2019-01-22,8046,35.2,0.04142011834319548,缺adj,,2018-12-28,33.8,21,TWSE(FMTQIK),complete
tx18-2018-12-29-call,call,2018-12-29,2018-12-29,2019-01-02,15.0,2019-01-23,8046,35.65,0.054733727810651,缺adj,,2018-12-28,33.8,21,TWSE(FMTQIK),complete
tx18-2018-12-29-call,call,2018-12-29,2018-12-29,2019-01-02,16.0,2019-01-24,8046,36.0,0.06508875739644981,缺adj,,2018-12-28,33.8,21,TWSE(FMTQIK),complete
tx18-2018-12-29-call,call,2018-12-29,2018-12-29,2019-01-02,17.0,2019-01-25,8046,36.0,0.06508875739644981,缺adj,,2018-12-28,33.8,21,TWSE(FMTQIK),complete
tx18-2018-12-29-call,call,2018-12-29,2018-12-29,2019-01-02,18.0,2019-01-28,8046,36.2,0.07100591715976345,缺adj,,2018-12-28,33.8,21,TWSE(FMTQIK),complete
tx18-2018-12-29-call,call,2018-12-29,2018-12-29,2019-01-02,19.0,2019-01-29,8046,36.7,0.08579881656804744,缺adj,,2018-12-28,33.8,21,TWSE(FMTQIK),complete
tx18-2018-12-29-call,call,2018-12-29,2018-12-29,2019-01-02,20.0,2019-01-30,8046,35.95,0.06360946745562157,缺adj,,2018-12-28,33.8,21,TWSE(FMTQIK),complete
tx18-2018-12-29-call,call,2018-12-29,2018-12-29,2019-01-02,0.0,2019-01-02,3189,43.3,-0.006880733944954254,缺adj,,2018-12-28,43.6,21,TWSE(FMTQIK),complete
tx18-2018-12-29-call,call,2018-12-29,2018-12-29,2019-01-02,1.0,2019-01-03,3189,41.8,-0.041284403669724856,缺adj,,2018-12-28,43.6,21,TWSE(FMTQIK),complete
tx18-2018-12-29-call,call,2018-12-29,2018-12-29,2019-01-02,2.0,2019-01-04,3189,40.7,-0.0665137614678899,缺adj,,2018-12-28,43.6,21,TWSE(FMTQIK),complete
tx18-2018-12-29-call,call,2018-12-29,2018-12-29,2019-01-02,3.0,2019-01-07,3189,43.6,0.0,缺adj,,2018-12-28,43.6,21,TWSE(FMTQIK),complete
tx18-2018-12-29-call,call,2018-12-29,2018-12-29,2019-01-02,4.0,2019-01-08,3189,42.75,-0.019495412844036775,缺adj,,2018-12-28,43.6,21,TWSE(FMTQIK),complete
tx18-2018-12-29-call,call,2018-12-29,2018-12-29,2019-01-02,5.0,2019-01-09,3189,42.65,-0.021788990825688193,缺adj,,2018-12-28,43.6,21,TWSE(FMTQIK),complete
tx18-2018-12-29-call,call,2018-12-29,2018-12-29,2019-01-02,6.0,2019-01-10,3189,42.0,-0.03669724770642202,缺adj,,2018-12-28,43.6,21,TWSE(FMTQIK),complete
tx18-2018-12-29-call,call,2018-12-29,2018-12-29,2019-01-02,7.0,2019-01-11,3189,41.3,-0.052752293577981724,缺adj,,2018-12-28,43.6,21,TWSE(FMTQIK),complete
tx18-2018-12-29-call,call,2018-12-29,2018-12-29,2019-01-02,8.0,2019-01-14,3189,42.0,-0.03669724770642202,缺adj,,2018-12-28,43.6,21,TWSE(FMTQIK),complete
tx18-2018-12-29-call,call,2018-12-29,2018-12-29,2019-01-02,9.0,2019-01-15,3189,41.8,-0.041284403669724856,缺adj,,2018-12-28,43.6,21,TWSE(FMTQIK),complete
tx18-2018-12-29-call,call,2018-12-29,2018-12-29,2019-01-02,10.0,2019-01-16,3189,42.0,-0.03669724770642202,缺adj,,2018-12-28,43.6,21,TWSE(FMTQIK),complete
tx18-2018-12-29-call,call,2018-12-29,2018-12-29,2019-01-02,11.0,2019-01-17,3189,41.5,-0.04816513761467889,缺adj,,2018-12-28,43.6,21,TWSE(FMTQIK),complete
tx18-2018-12-29-call,call,2018-12-29,2018-12-29,2019-01-02,12.0,2019-01-18,3189,42.1,-0.0344036697247706,缺adj,,2018-12-28,43.6,21,TWSE(FMTQIK),complete
tx18-2018-12-29-call,call,2018-12-29,2018-12-29,2019-01-02,13.0,2019-01-21,3189,42.5,-0.025229357798165153,缺adj,,2018-12-28,43.6,21,TWSE(FMTQIK),complete
tx18-2018-12-29-call,call,2018-12-29,2018-12-29,2019-01-02,14.0,2019-01-22,3189,41.85,-0.04013761467889909,缺adj,,2018-12-28,43.6,21,TWSE(FMTQIK),complete
tx18-2018-12-29-call,call,2018-12-29,2018-12-29,2019-01-02,15.0,2019-01-23,3189,42.25,-0.030963302752293642,缺adj,,2018-12-28,43.6,21,TWSE(FMTQIK),complete
tx18-2018-12-29-call,call,2018-12-29,2018-12-29,2019-01-02,16.0,2019-01-24,3189,44.2,0.013761467889908285,缺adj,,2018-12-28,43.6,21,TWSE(FMTQIK),complete
tx18-2018-12-29-call,call,2018-12-29,2018-12-29,2019-01-02,17.0,2019-01-25,3189,44.0,0.00917431192660545,缺adj,,2018-12-28,43.6,21,TWSE(FMTQIK),complete
tx18-2018-12-29-call,call,2018-12-29,2018-12-29,2019-01-02,18.0,2019-01-28,3189,43.75,0.0034403669724769603,缺adj,,2018-12-28,43.6,21,TWSE(FMTQIK),complete
tx18-2018-12-29-call,call,2018-12-29,2018-12-29,2019-01-02,19.0,2019-01-29,3189,44.15,0.01261467889908241,缺adj,,2018-12-28,43.6,21,TWSE(FMTQIK),complete
tx18-2018-12-29-call,call,2018-12-29,2018-12-29,2019-01-02,20.0,2019-01-30,3189,44.1,0.011467889908256979,缺adj,,2018-12-28,43.6,21,TWSE(FMTQIK),complete
tx18-2018-12-29-call,call,2018-12-29,2018-12-29,2019-01-02,0.0,2019-01-02,2368,13.15,0.003816793893129722,缺adj,,2018-12-28,13.1,21,TWSE(FMTQIK),complete
tx18-2018-12-29-call,call,2018-12-29,2018-12-29,2019-01-02,1.0,2019-01-03,2368,13.45,0.026717557251908275,缺adj,,2018-12-28,13.1,21,TWSE(FMTQIK),complete
tx18-2018-12-29-call,call,2018-12-29,2018-12-29,2019-01-02,2.0,2019-01-04,2368,13.1,0.0,缺adj,,2018-12-28,13.1,21,TWSE(FMTQIK),complete
tx18-2018-12-29-call,call,2018-12-29,2018-12-29,2019-01-02,3.0,2019-01-07,2368,14.4,0.0992366412213741,缺adj,,2018-12-28,13.1,21,TWSE(FMTQIK),complete
tx18-2018-12-29-call,call,2018-12-29,2018-12-29,2019-01-02,4.0,2019-01-08,2368,14.55,0.11068702290076349,缺adj,,2018-12-28,13.1,21,TWSE(FMTQIK),complete
tx18-2018-12-29-call,call,2018-12-29,2018-12-29,2019-01-02,5.0,2019-01-09,2368,14.0,0.06870229007633588,缺adj,,2018-12-28,13.1,21,TWSE(FMTQIK),complete
tx18-2018-12-29-call,call,2018-12-29,2018-12-29,2019-01-02,6.0,2019-01-10,2368,13.45,0.026717557251908275,缺adj,,2018-12-28,13.1,21,TWSE(FMTQIK),complete
tx18-2018-12-29-call,call,2018-12-29,2018-12-29,2019-01-02,7.0,2019-01-11,2368,13.35,0.01908396946564883,缺adj,,2018-12-28,13.1,21,TWSE(FMTQIK),complete
tx18-2018-12-29-call,call,2018-12-29,2018-12-29,2019-01-02,8.0,2019-01-14,2368,13.45,0.026717557251908275,缺adj,,2018-12-28,13.1,21,TWSE(FMTQIK),complete
tx18-2018-12-29-call,call,2018-12-29,2018-12-29,2019-01-02,9.0,2019-01-15,2368,13.65,0.041984732824427606,缺adj,,2018-12-28,13.1,21,TWSE(FMTQIK),complete
tx18-2018-12-29-call,call,2018-12-29,2018-12-29,2019-01-02,10.0,2019-01-16,2368,13.9,0.06106870229007644,缺adj,,2018-12-28,13.1,21,TWSE(FMTQIK),complete
tx18-2018-12-29-call,call,2018-12-29,2018-12-29,2019-01-02,11.0,2019-01-17,2368,13.75,0.04961832061068705,缺adj,,2018-12-28,13.1,21,TWSE(FMTQIK),complete
tx18-2018-12-29-call,call,2018-12-29,2018-12-29,2019-01-02,12.0,2019-01-18,2368,13.9,0.06106870229007644,缺adj,,2018-12-28,13.1,21,TWSE(FMTQIK),complete
tx18-2018-12-29-call,call,2018-12-29,2018-12-29,2019-01-02,13.0,2019-01-21,2368,13.9,0.06106870229007644,缺adj,,2018-12-28,13.1,21,TWSE(FMTQIK),complete
tx18-2018-12-29-call,call,2018-12-29,2018-12-29,2019-01-02,14.0,2019-01-22,2368,13.1,0.0,缺adj,,2018-12-28,13.1,21,TWSE(FMTQIK),complete
tx18-2018-12-29-call,call,2018-12-29,2018-12-29,2019-01-02,15.0,2019-01-23,2368,13.35,0.01908396946564883,缺adj,,2018-12-28,13.1,21,TWSE(FMTQIK),complete
tx18-2018-12-29-call,call,2018-12-29,2018-12-29,2019-01-02,16.0,2019-01-24,2368,13.25,0.011450381679389388,缺adj,,2018-12-28,13.1,21,TWSE(FMTQIK),complete
tx18-2018-12-29-call,call,2018-12-29,2018-12-29,2019-01-02,17.0,2019-01-25,2368,13.15,0.003816793893129722,缺adj,,2018-12-28,13.1,21,TWSE(FMTQIK),complete
tx18-2018-12-29-call,call,2018-12-29,2018-12-29,2019-01-02,18.0,2019-01-28,2368,13.25,0.011450381679389388,缺adj,,2018-12-28,13.1,21,TWSE(FMTQIK),complete
tx18-2018-12-29-call,call,2018-12-29,2018-12-29,2019-01-02,19.0,2019-01-29,2368,13.25,0.011450381679389388,缺adj,,2018-12-28,13.1,21,TWSE(FMTQIK),complete
tx18-2018-12-29-call,call,2018-12-29,2018-12-29,2019-01-02,20.0,2019-01-30,2368,13.25,0.011450381679389388,缺adj,,2018-12-28,13.1,21,TWSE(FMTQIK),complete
tx18-2018-12-29-call,call,2018-12-29,2018-12-29,2019-01-02,0.0,2019-01-02,2383,66.5,0.0121765601217656,缺adj,,2018-12-28,65.7,21,TWSE(FMTQIK),complete
tx18-2018-12-29-call,call,2018-12-29,2018-12-29,2019-01-02,1.0,2019-01-03,2383,66.6,0.013698630136986134,缺adj,,2018-12-28,65.7,21,TWSE(FMTQIK),complete
tx18-2018-12-29-call,call,2018-12-29,2018-12-29,2019-01-02,2.0,2019-01-04,2383,65.3,-0.006088280060882911,缺adj,,2018-12-28,65.7,21,TWSE(FMTQIK),complete
tx18-2018-12-29-call,call,2018-12-29,2018-12-29,2019-01-02,3.0,2019-01-07,2383,68.6,0.044140030441400135,缺adj,,2018-12-28,65.7,21,TWSE(FMTQIK),complete
tx18-2018-12-29-call,call,2018-12-29,2018-12-29,2019-01-02,4.0,2019-01-08,2383,69.0,0.05022831050228316,缺adj,,2018-12-28,65.7,21,TWSE(FMTQIK),complete
tx18-2018-12-29-call,call,2018-12-29,2018-12-29,2019-01-02,5.0,2019-01-09,2383,68.5,0.0426179604261796,缺adj,,2018-12-28,65.7,21,TWSE(FMTQIK),complete
tx18-2018-12-29-call,call,2018-12-29,2018-12-29,2019-01-02,6.0,2019-01-10,2383,68.4,0.041095890410958846,缺adj,,2018-12-28,65.7,21,TWSE(FMTQIK),complete
tx18-2018-12-29-call,call,2018-12-29,2018-12-29,2019-01-02,7.0,2019-01-11,2383,68.7,0.04566210045662111,缺adj,,2018-12-28,65.7,21,TWSE(FMTQIK),complete
tx18-2018-12-29-call,call,2018-12-29,2018-12-29,2019-01-02,8.0,2019-01-14,2383,68.0,0.035007610350076046,缺adj,,2018-12-28,65.7,21,TWSE(FMTQIK),complete
tx18-2018-12-29-call,call,2018-12-29,2018-12-29,2019-01-02,9.0,2019-01-15,2383,68.9,0.0487062404870624,缺adj,,2018-12-28,65.7,21,TWSE(FMTQIK),complete
tx18-2018-12-29-call,call,2018-12-29,2018-12-29,2019-01-02,10.0,2019-01-16,2383,75.7,0.15220700152207,缺adj,,2018-12-28,65.7,21,TWSE(FMTQIK),complete
tx18-2018-12-29-call,call,2018-12-29,2018-12-29,2019-01-02,11.0,2019-01-17,2383,74.3,0.1308980213089801,缺adj,,2018-12-28,65.7,21,TWSE(FMTQIK),complete
tx18-2018-12-29-call,call,2018-12-29,2018-12-29,2019-01-02,12.0,2019-01-18,2383,76.6,0.16590563165905614,缺adj,,2018-12-28,65.7,21,TWSE(FMTQIK),complete
tx18-2018-12-29-call,call,2018-12-29,2018-12-29,2019-01-02,13.0,2019-01-21,2383,80.4,0.22374429223744285,缺adj,,2018-12-28,65.7,21,TWSE(FMTQIK),complete
tx18-2018-12-29-call,call,2018-12-29,2018-12-29,2019-01-02,14.0,2019-01-22,2383,79.5,0.2100456621004565,缺adj,,2018-12-28,65.7,21,TWSE(FMTQIK),complete
tx18-2018-12-29-call,call,2018-12-29,2018-12-29,2019-01-02,15.0,2019-01-23,2383,81.5,0.2404870624048705,缺adj,,2018-12-28,65.7,21,TWSE(FMTQIK),complete
tx18-2018-12-29-call,call,2018-12-29,2018-12-29,2019-01-02,16.0,2019-01-24,2383,80.1,0.2191780821917806,缺adj,,2018-12-28,65.7,21,TWSE(FMTQIK),complete
tx18-2018-12-29-call,call,2018-12-29,2018-12-29,2019-01-02,17.0,2019-01-25,2383,78.7,0.19786910197869112,缺adj,,2018-12-28,65.7,21,TWSE(FMTQIK),complete
tx18-2018-12-29-call,call,2018-12-29,2018-12-29,2019-01-02,18.0,2019-01-28,2383,77.5,0.1796042617960425,缺adj,,2018-12-28,65.7,21,TWSE(FMTQIK),complete
tx18-2018-12-29-call,call,2018-12-29,2018-12-29,2019-01-02,19.0,2019-01-29,2383,77.4,0.17808219178082196,缺adj,,2018-12-28,65.7,21,TWSE(FMTQIK),complete
tx18-2018-12-29-call,call,2018-12-29,2018-12-29,2019-01-02,20.0,2019-01-30,2383,80.0,0.21765601217656005,缺adj,,2018-12-28,65.7,21,TWSE(FMTQIK),complete
tx18-2018-12-29-call,call,2018-12-29,2018-12-29,2019-01-02,0.0,2019-01-02,6213,51.7,0.03400000000000003,缺adj,,2018-12-28,50.0,21,TWSE(FMTQIK),complete
tx18-2018-12-29-call,call,2018-12-29,2018-12-29,2019-01-02,1.0,2019-01-03,6213,50.3,0.006000000000000005,缺adj,,2018-12-28,50.0,21,TWSE(FMTQIK),complete
tx18-2018-12-29-call,call,2018-12-29,2018-12-29,2019-01-02,2.0,2019-01-04,6213,50.9,0.018000000000000016,缺adj,,2018-12-28,50.0,21,TWSE(FMTQIK),complete
tx18-2018-12-29-call,call,2018-12-29,2018-12-29,2019-01-02,3.0,2019-01-07,6213,52.5,0.050000000000000044,缺adj,,2018-12-28,50.0,21,TWSE(FMTQIK),complete
tx18-2018-12-29-call,call,2018-12-29,2018-12-29,2019-01-02,4.0,2019-01-08,6213,53.0,0.06000000000000005,缺adj,,2018-12-28,50.0,21,TWSE(FMTQIK),complete
tx18-2018-12-29-call,call,2018-12-29,2018-12-29,2019-01-02,5.0,2019-01-09,6213,53.3,0.06599999999999984,缺adj,,2018-12-28,50.0,21,TWSE(FMTQIK),complete
tx18-2018-12-29-call,call,2018-12-29,2018-12-29,2019-01-02,6.0,2019-01-10,6213,53.6,0.07200000000000006,缺adj,,2018-12-28,50.0,21,TWSE(FMTQIK),complete
tx18-2018-12-29-call,call,2018-12-29,2018-12-29,2019-01-02,7.0,2019-01-11,6213,53.6,0.07200000000000006,缺adj,,2018-12-28,50.0,21,TWSE(FMTQIK),complete
tx18-2018-12-29-call,call,2018-12-29,2018-12-29,2019-01-02,8.0,2019-01-14,6213,52.4,0.04800000000000004,缺adj,,2018-12-28,50.0,21,TWSE(FMTQIK),complete
tx18-2018-12-29-call,call,2018-12-29,2018-12-29,2019-01-02,9.0,2019-01-15,6213,54.3,0.08599999999999985,缺adj,,2018-12-28,50.0,21,TWSE(FMTQIK),complete
tx18-2018-12-29-call,call,2018-12-29,2018-12-29,2019-01-02,10.0,2019-01-16,6213,59.2,0.18400000000000016,缺adj,,2018-12-28,50.0,21,TWSE(FMTQIK),complete
tx18-2018-12-29-call,call,2018-12-29,2018-12-29,2019-01-02,11.0,2019-01-17,6213,56.8,0.1359999999999999,缺adj,,2018-12-28,50.0,21,TWSE(FMTQIK),complete
tx18-2018-12-29-call,call,2018-12-29,2018-12-29,2019-01-02,12.0,2019-01-18,6213,57.3,0.1459999999999999,缺adj,,2018-12-28,50.0,21,TWSE(FMTQIK),complete
tx18-2018-12-29-call,call,2018-12-29,2018-12-29,2019-01-02,13.0,2019-01-21,6213,58.9,0.17799999999999994,缺adj,,2018-12-28,50.0,21,TWSE(FMTQIK),complete
tx18-2018-12-29-call,call,2018-12-29,2018-12-29,2019-01-02,14.0,2019-01-22,6213,57.6,0.15200000000000014,缺adj,,2018-12-28,50.0,21,TWSE(FMTQIK),complete
tx18-2018-12-29-call,call,2018-12-29,2018-12-29,2019-01-02,15.0,2019-01-23,6213,57.7,0.15400000000000014,缺adj,,2018-12-28,50.0,21,TWSE(FMTQIK),complete
tx18-2018-12-29-call,call,2018-12-29,2018-12-29,2019-01-02,16.0,2019-01-24,6213,57.1,0.14200000000000013,缺adj,,2018-12-28,50.0,21,TWSE(FMTQIK),complete
tx18-2018-12-29-call,call,2018-12-29,2018-12-29,2019-01-02,17.0,2019-01-25,6213,57.5,0.1499999999999999,缺adj,,2018-12-28,50.0,21,TWSE(FMTQIK),complete
tx18-2018-12-29-call,call,2018-12-29,2018-12-29,2019-01-02,18.0,2019-01-28,6213,58.1,0.16199999999999992,缺adj,,2018-12-28,50.0,21,TWSE(FMTQIK),complete
tx18-2018-12-29-call,call,2018-12-29,2018-12-29,2019-01-02,19.0,2019-01-29,6213,58.2,0.16400000000000015,缺adj,,2018-12-28,50.0,21,TWSE(FMTQIK),complete
tx18-2018-12-29-call,call,2018-12-29,2018-12-29,2019-01-02,20.0,2019-01-30,6213,61.0,0.21999999999999997,缺adj,,2018-12-28,50.0,21,TWSE(FMTQIK),complete
tx18-2018-12-29-call,call,2018-12-29,2018-12-29,2019-01-02,0.0,2019-01-02,6274,92.6,0.031180400890868487,缺adj,,2018-12-28,89.8,21,TWSE(FMTQIK),complete
tx18-2018-12-29-call,call,2018-12-29,2018-12-29,2019-01-02,1.0,2019-01-03,6274,91.5,0.018930957683741756,缺adj,,2018-12-28,89.8,21,TWSE(FMTQIK),complete
tx18-2018-12-29-call,call,2018-12-29,2018-12-29,2019-01-02,2.0,2019-01-04,6274,90.5,0.007795100222717233,缺adj,,2018-12-28,89.8,21,TWSE(FMTQIK),complete
tx18-2018-12-29-call,call,2018-12-29,2018-12-29,2019-01-02,3.0,2019-01-07,6274,90.6,0.008908685968819663,缺adj,,2018-12-28,89.8,21,TWSE(FMTQIK),complete
tx18-2018-12-29-call,call,2018-12-29,2018-12-29,2019-01-02,4.0,2019-01-08,6274,90.6,0.008908685968819663,缺adj,,2018-12-28,89.8,21,TWSE(FMTQIK),complete
tx18-2018-12-29-call,call,2018-12-29,2018-12-29,2019-01-02,5.0,2019-01-09,6274,90.5,0.007795100222717233,缺adj,,2018-12-28,89.8,21,TWSE(FMTQIK),complete
tx18-2018-12-29-call,call,2018-12-29,2018-12-29,2019-01-02,6.0,2019-01-10,6274,91.8,0.022271714922049046,缺adj,,2018-12-28,89.8,21,TWSE(FMTQIK),complete
tx18-2018-12-29-call,call,2018-12-29,2018-12-29,2019-01-02,7.0,2019-01-11,6274,91.0,0.013363028953229383,缺adj,,2018-12-28,89.8,21,TWSE(FMTQIK),complete
tx18-2018-12-29-call,call,2018-12-29,2018-12-29,2019-01-02,8.0,2019-01-14,6274,89.6,-0.0022271714922049712,缺adj,,2018-12-28,89.8,21,TWSE(FMTQIK),complete
tx18-2018-12-29-call,call,2018-12-29,2018-12-29,2019-01-02,9.0,2019-01-15,6274,93.2,0.03786191536748329,缺adj,,2018-12-28,89.8,21,TWSE(FMTQIK),complete
tx18-2018-12-29-call,call,2018-12-29,2018-12-29,2019-01-02,10.0,2019-01-16,6274,96.5,0.07461024498886415,缺adj,,2018-12-28,89.8,21,TWSE(FMTQIK),complete
tx18-2018-12-29-call,call,2018-12-29,2018-12-29,2019-01-02,11.0,2019-01-17,6274,91.1,0.014476614699331813,缺adj,,2018-12-28,89.8,21,TWSE(FMTQIK),complete
tx18-2018-12-29-call,call,2018-12-29,2018-12-29,2019-01-02,12.0,2019-01-18,6274,93.7,0.04342984409799566,缺adj,,2018-12-28,89.8,21,TWSE(FMTQIK),complete
tx18-2018-12-29-call,call,2018-12-29,2018-12-29,2019-01-02,13.0,2019-01-21,6274,96.9,0.07906458797327409,缺adj,,2018-12-28,89.8,21,TWSE(FMTQIK),complete
tx18-2018-12-29-call,call,2018-12-29,2018-12-29,2019-01-02,14.0,2019-01-22,6274,97.7,0.08797327394209353,缺adj,,2018-12-28,89.8,21,TWSE(FMTQIK),complete
tx18-2018-12-29-call,call,2018-12-29,2018-12-29,2019-01-02,15.0,2019-01-23,6274,97.9,0.09020044543429862,缺adj,,2018-12-28,89.8,21,TWSE(FMTQIK),complete
tx18-2018-12-29-call,call,2018-12-29,2018-12-29,2019-01-02,16.0,2019-01-24,6274,97.8,0.08908685968819596,缺adj,,2018-12-28,89.8,21,TWSE(FMTQIK),complete
tx18-2018-12-29-call,call,2018-12-29,2018-12-29,2019-01-02,17.0,2019-01-25,6274,98.0,0.09131403118040082,缺adj,,2018-12-28,89.8,21,TWSE(FMTQIK),complete
tx18-2018-12-29-call,call,2018-12-29,2018-12-29,2019-01-02,18.0,2019-01-28,6274,96.7,0.07683741648106901,缺adj,,2018-12-28,89.8,21,TWSE(FMTQIK),complete
tx18-2018-12-29-call,call,2018-12-29,2018-12-29,2019-01-02,19.0,2019-01-29,6274,94.8,0.055679287305122394,缺adj,,2018-12-28,89.8,21,TWSE(FMTQIK),complete
tx18-2018-12-29-call,call,2018-12-29,2018-12-29,2019-01-02,20.0,2019-01-30,6274,95.5,0.06347438752783963,缺adj,,2018-12-28,89.8,21,TWSE(FMTQIK),complete
tx18-2018-12-29-call,call,2018-12-29,2018-12-29,2019-01-02,0.0,2019-01-02,2408,55.0,0.0,缺adj,,2018-12-28,55.0,21,TWSE(FMTQIK),complete
tx18-2018-12-29-call,call,2018-12-29,2018-12-29,2019-01-02,1.0,2019-01-03,2408,51.5,-0.0636363636363636,缺adj,,2018-12-28,55.0,21,TWSE(FMTQIK),complete
tx18-2018-12-29-call,call,2018-12-29,2018-12-29,2019-01-02,2.0,2019-01-04,2408,51.6,-0.06181818181818177,缺adj,,2018-12-28,55.0,21,TWSE(FMTQIK),complete
tx18-2018-12-29-call,call,2018-12-29,2018-12-29,2019-01-02,3.0,2019-01-07,2408,51.8,-0.05818181818181822,缺adj,,2018-12-28,55.0,21,TWSE(FMTQIK),complete
tx18-2018-12-29-call,call,2018-12-29,2018-12-29,2019-01-02,4.0,2019-01-08,2408,51.7,-0.05999999999999994,缺adj,,2018-12-28,55.0,21,TWSE(FMTQIK),complete
tx18-2018-12-29-call,call,2018-12-29,2018-12-29,2019-01-02,5.0,2019-01-09,2408,52.5,-0.045454545454545414,缺adj,,2018-12-28,55.0,21,TWSE(FMTQIK),complete
tx18-2018-12-29-call,call,2018-12-29,2018-12-29,2019-01-02,6.0,2019-01-10,2408,53.8,-0.021818181818181848,缺adj,,2018-12-28,55.0,21,TWSE(FMTQIK),complete
tx18-2018-12-29-call,call,2018-12-29,2018-12-29,2019-01-02,7.0,2019-01-11,2408,53.5,-0.027272727272727226,缺adj,,2018-12-28,55.0,21,TWSE(FMTQIK),complete
tx18-2018-12-29-call,call,2018-12-29,2018-12-29,2019-01-02,8.0,2019-01-14,2408,52.0,-0.054545454545454564,缺adj,,2018-12-28,55.0,21,TWSE(FMTQIK),complete
tx18-2018-12-29-call,call,2018-12-29,2018-12-29,2019-01-02,9.0,2019-01-15,2408,53.6,-0.025454545454545396,缺adj,,2018-12-28,55.0,21,TWSE(FMTQIK),complete
tx18-2018-12-29-call,call,2018-12-29,2018-12-29,2019-01-02,10.0,2019-01-16,2408,56.4,0.025454545454545396,缺adj,,2018-12-28,55.0,21,TWSE(FMTQIK),complete
tx18-2018-12-29-call,call,2018-12-29,2018-12-29,2019-01-02,11.0,2019-01-17,2408,55.1,0.001818181818181941,缺adj,,2018-12-28,55.0,21,TWSE(FMTQIK),complete
tx18-2018-12-29-call,call,2018-12-29,2018-12-29,2019-01-02,12.0,2019-01-18,2408,56.4,0.025454545454545396,缺adj,,2018-12-28,55.0,21,TWSE(FMTQIK),complete
tx18-2018-12-29-call,call,2018-12-29,2018-12-29,2019-01-02,13.0,2019-01-21,2408,57.2,0.040000000000000036,缺adj,,2018-12-28,55.0,21,TWSE(FMTQIK),complete
tx18-2018-12-29-call,call,2018-12-29,2018-12-29,2019-01-02,14.0,2019-01-22,2408,56.5,0.027272727272727337,缺adj,,2018-12-28,55.0,21,TWSE(FMTQIK),complete
tx18-2018-12-29-call,call,2018-12-29,2018-12-29,2019-01-02,15.0,2019-01-23,2408,57.0,0.036363636363636376,缺adj,,2018-12-28,55.0,21,TWSE(FMTQIK),complete
tx18-2018-12-29-call,call,2018-12-29,2018-12-29,2019-01-02,16.0,2019-01-24,2408,59.6,0.08363636363636373,缺adj,,2018-12-28,55.0,21,TWSE(FMTQIK),complete
tx18-2018-12-29-call,call,2018-12-29,2018-12-29,2019-01-02,17.0,2019-01-25,2408,60.0,0.09090909090909083,缺adj,,2018-12-28,55.0,21,TWSE(FMTQIK),complete
tx18-2018-12-29-call,call,2018-12-29,2018-12-29,2019-01-02,18.0,2019-01-28,2408,60.8,0.10545454545454547,缺adj,,2018-12-28,55.0,21,TWSE(FMTQIK),complete
tx18-2018-12-29-call,call,2018-12-29,2018-12-29,2019-01-02,19.0,2019-01-29,2408,58.8,0.06909090909090909,缺adj,,2018-12-28,55.0,21,TWSE(FMTQIK),complete
tx18-2018-12-29-call,call,2018-12-29,2018-12-29,2019-01-02,20.0,2019-01-30,2408,60.1,0.09272727272727277,缺adj,,2018-12-28,55.0,21,TWSE(FMTQIK),complete
tx18-2018-12-29-call,call,2018-12-29,2018-12-29,2019-01-02,0.0,2019-01-02,2344,13.25,-0.022140221402214055,缺adj,,2018-12-28,13.55,21,TWSE(FMTQIK),complete
tx18-2018-12-29-call,call,2018-12-29,2018-12-29,2019-01-02,1.0,2019-01-03,2344,12.9,-0.047970479704797064,缺adj,,2018-12-28,13.55,21,TWSE(FMTQIK),complete
tx18-2018-12-29-call,call,2018-12-29,2018-12-29,2019-01-02,2.0,2019-01-04,2344,12.9,-0.047970479704797064,缺adj,,2018-12-28,13.55,21,TWSE(FMTQIK),complete
tx18-2018-12-29-call,call,2018-12-29,2018-12-29,2019-01-02,3.0,2019-01-07,2344,13.15,-0.029520295202952074,缺adj,,2018-12-28,13.55,21,TWSE(FMTQIK),complete
tx18-2018-12-29-call,call,2018-12-29,2018-12-29,2019-01-02,4.0,2019-01-08,2344,13.05,-0.03690036900368998,缺adj,,2018-12-28,13.55,21,TWSE(FMTQIK),complete
tx18-2018-12-29-call,call,2018-12-29,2018-12-29,2019-01-02,5.0,2019-01-09,2344,13.4,-0.011070110701107083,缺adj,,2018-12-28,13.55,21,TWSE(FMTQIK),complete
tx18-2018-12-29-call,call,2018-12-29,2018-12-29,2019-01-02,6.0,2019-01-10,2344,13.65,0.007380073800737907,缺adj,,2018-12-28,13.55,21,TWSE(FMTQIK),complete
tx18-2018-12-29-call,call,2018-12-29,2018-12-29,2019-01-02,7.0,2019-01-11,2344,13.4,-0.011070110701107083,缺adj,,2018-12-28,13.55,21,TWSE(FMTQIK),complete
tx18-2018-12-29-call,call,2018-12-29,2018-12-29,2019-01-02,8.0,2019-01-14,2344,13.55,0.0,缺adj,,2018-12-28,13.55,21,TWSE(FMTQIK),complete
tx18-2018-12-29-call,call,2018-12-29,2018-12-29,2019-01-02,9.0,2019-01-15,2344,13.7,0.011070110701106861,缺adj,,2018-12-28,13.55,21,TWSE(FMTQIK),complete
tx18-2018-12-29-call,call,2018-12-29,2018-12-29,2019-01-02,10.0,2019-01-16,2344,13.65,0.007380073800737907,缺adj,,2018-12-28,13.55,21,TWSE(FMTQIK),complete
tx18-2018-12-29-call,call,2018-12-29,2018-12-29,2019-01-02,11.0,2019-01-17,2344,13.7,0.011070110701106861,缺adj,,2018-12-28,13.55,21,TWSE(FMTQIK),complete
tx18-2018-12-29-call,call,2018-12-29,2018-12-29,2019-01-02,12.0,2019-01-18,2344,13.95,0.02952029520295185,缺adj,,2018-12-28,13.55,21,TWSE(FMTQIK),complete
tx18-2018-12-29-call,call,2018-12-29,2018-12-29,2019-01-02,13.0,2019-01-21,2344,14.05,0.03690036900368998,缺adj,,2018-12-28,13.55,21,TWSE(FMTQIK),complete
tx18-2018-12-29-call,call,2018-12-29,2018-12-29,2019-01-02,14.0,2019-01-22,2344,13.8,0.01845018450184499,缺adj,,2018-12-28,13.55,21,TWSE(FMTQIK),complete
tx18-2018-12-29-call,call,2018-12-29,2018-12-29,2019-01-02,15.0,2019-01-23,2344,13.95,0.02952029520295185,缺adj,,2018-12-28,13.55,21,TWSE(FMTQIK),complete
tx18-2018-12-29-call,call,2018-12-29,2018-12-29,2019-01-02,16.0,2019-01-24,2344,14.0,0.03321033210332103,缺adj,,2018-12-28,13.55,21,TWSE(FMTQIK),complete
tx18-2018-12-29-call,call,2018-12-29,2018-12-29,2019-01-02,17.0,2019-01-25,2344,14.7,0.08487084870848705,缺adj,,2018-12-28,13.55,21,TWSE(FMTQIK),complete
tx18-2018-12-29-call,call,2018-12-29,2018-12-29,2019-01-02,18.0,2019-01-28,2344,14.8,0.09225092250922518,缺adj,,2018-12-28,13.55,21,TWSE(FMTQIK),complete
tx18-2018-12-29-call,call,2018-12-29,2018-12-29,2019-01-02,19.0,2019-01-29,2344,14.65,0.08118081180811809,缺adj,,2018-12-28,13.55,21,TWSE(FMTQIK),complete
tx18-2018-12-29-call,call,2018-12-29,2018-12-29,2019-01-02,20.0,2019-01-30,2344,14.7,0.08487084870848705,缺adj,,2018-12-28,13.55,21,TWSE(FMTQIK),complete
tx18-2018-12-29-call,call,2018-12-29,2018-12-29,2019-01-02,0.0,2019-01-02,6770,,,MISSING(未上市，首筆 2020-12-09);缺adj,,2018-12-28,,0,TWSE(FMTQIK),complete
tx18-2018-12-29-call,call,2018-12-29,2018-12-29,2019-01-02,1.0,2019-01-03,6770,,,MISSING(未上市，首筆 2020-12-09);缺adj,,2018-12-28,,0,TWSE(FMTQIK),complete
tx18-2018-12-29-call,call,2018-12-29,2018-12-29,2019-01-02,2.0,2019-01-04,6770,,,MISSING(未上市，首筆 2020-12-09);缺adj,,2018-12-28,,0,TWSE(FMTQIK),complete
tx18-2018-12-29-call,call,2018-12-29,2018-12-29,2019-01-02,3.0,2019-01-07,6770,,,MISSING(未上市，首筆 2020-12-09);缺adj,,2018-12-28,,0,TWSE(FMTQIK),complete
tx18-2018-12-29-call,call,2018-12-29,2018-12-29,2019-01-02,4.0,2019-01-08,6770,,,MISSING(未上市，首筆 2020-12-09);缺adj,,2018-12-28,,0,TWSE(FMTQIK),complete
tx18-2018-12-29-call,call,2018-12-29,2018-12-29,2019-01-02,5.0,2019-01-09,6770,,,MISSING(未上市，首筆 2020-12-09);缺adj,,2018-12-28,,0,TWSE(FMTQIK),complete
tx18-2018-12-29-call,call,2018-12-29,2018-12-29,2019-01-02,6.0,2019-01-10,6770,,,MISSING(未上市，首筆 2020-12-09);缺adj,,2018-12-28,,0,TWSE(FMTQIK),complete
tx18-2018-12-29-call,call,2018-12-29,2018-12-29,2019-01-02,7.0,2019-01-11,6770,,,MISSING(未上市，首筆 2020-12-09);缺adj,,2018-12-28,,0,TWSE(FMTQIK),complete
tx18-2018-12-29-call,call,2018-12-29,2018-12-29,2019-01-02,8.0,2019-01-14,6770,,,MISSING(未上市，首筆 2020-12-09);缺adj,,2018-12-28,,0,TWSE(FMTQIK),complete
tx18-2018-12-29-call,call,2018-12-29,2018-12-29,2019-01-02,9.0,2019-01-15,6770,,,MISSING(未上市，首筆 2020-12-09);缺adj,,2018-12-28,,0,TWSE(FMTQIK),complete
tx18-2018-12-29-call,call,2018-12-29,2018-12-29,2019-01-02,10.0,2019-01-16,6770,,,MISSING(未上市，首筆 2020-12-09);缺adj,,2018-12-28,,0,TWSE(FMTQIK),complete
tx18-2018-12-29-call,call,2018-12-29,2018-12-29,2019-01-02,11.0,2019-01-17,6770,,,MISSING(未上市，首筆 2020-12-09);缺adj,,2018-12-28,,0,TWSE(FMTQIK),complete
tx18-2018-12-29-call,call,2018-12-29,2018-12-29,2019-01-02,12.0,2019-01-18,6770,,,MISSING(未上市，首筆 2020-12-09);缺adj,,2018-12-28,,0,TWSE(FMTQIK),complete
tx18-2018-12-29-call,call,2018-12-29,2018-12-29,2019-01-02,13.0,2019-01-21,6770,,,MISSING(未上市，首筆 2020-12-09);缺adj,,2018-12-28,,0,TWSE(FMTQIK),complete
tx18-2018-12-29-call,call,2018-12-29,2018-12-29,2019-01-02,14.0,2019-01-22,6770,,,MISSING(未上市，首筆 2020-12-09);缺adj,,2018-12-28,,0,TWSE(FMTQIK),complete
tx18-2018-12-29-call,call,2018-12-29,2018-12-29,2019-01-02,15.0,2019-01-23,6770,,,MISSING(未上市，首筆 2020-12-09);缺adj,,2018-12-28,,0,TWSE(FMTQIK),complete
tx18-2018-12-29-call,call,2018-12-29,2018-12-29,2019-01-02,16.0,2019-01-24,6770,,,MISSING(未上市，首筆 2020-12-09);缺adj,,2018-12-28,,0,TWSE(FMTQIK),complete
tx18-2018-12-29-call,call,2018-12-29,2018-12-29,2019-01-02,17.0,2019-01-25,6770,,,MISSING(未上市，首筆 2020-12-09);缺adj,,2018-12-28,,0,TWSE(FMTQIK),complete
tx18-2018-12-29-call,call,2018-12-29,2018-12-29,2019-01-02,18.0,2019-01-28,6770,,,MISSING(未上市，首筆 2020-12-09);缺adj,,2018-12-28,,0,TWSE(FMTQIK),complete
tx18-2018-12-29-call,call,2018-12-29,2018-12-29,2019-01-02,19.0,2019-01-29,6770,,,MISSING(未上市，首筆 2020-12-09);缺adj,,2018-12-28,,0,TWSE(FMTQIK),complete
tx18-2018-12-29-call,call,2018-12-29,2018-12-29,2019-01-02,20.0,2019-01-30,6770,,,MISSING(未上市，首筆 2020-12-09);缺adj,,2018-12-28,,0,TWSE(FMTQIK),complete
tx18-2018-12-29-call,call,2018-12-29,2018-12-29,2019-01-02,0.0,2019-01-02,3711,56.5,-0.030874785591766707,缺adj,,2018-12-28,58.3,21,TWSE(FMTQIK),complete
tx18-2018-12-29-call,call,2018-12-29,2018-12-29,2019-01-02,1.0,2019-01-03,3711,56.0,-0.039451114922812947,缺adj,,2018-12-28,58.3,21,TWSE(FMTQIK),complete
tx18-2018-12-29-call,call,2018-12-29,2018-12-29,2019-01-02,2.0,2019-01-04,3711,55.2,-0.05317324185248706,缺adj,,2018-12-28,58.3,21,TWSE(FMTQIK),complete
tx18-2018-12-29-call,call,2018-12-29,2018-12-29,2019-01-02,3.0,2019-01-07,3711,55.0,-0.05660377358490565,缺adj,,2018-12-28,58.3,21,TWSE(FMTQIK),complete
tx18-2018-12-29-call,call,2018-12-29,2018-12-29,2019-01-02,4.0,2019-01-08,3711,55.2,-0.05317324185248706,缺adj,,2018-12-28,58.3,21,TWSE(FMTQIK),complete
tx18-2018-12-29-call,call,2018-12-29,2018-12-29,2019-01-02,5.0,2019-01-09,3711,56.3,-0.03430531732418529,缺adj,,2018-12-28,58.3,21,TWSE(FMTQIK),complete
tx18-2018-12-29-call,call,2018-12-29,2018-12-29,2019-01-02,6.0,2019-01-10,3711,57.0,-0.022298456260720356,缺adj,,2018-12-28,58.3,21,TWSE(FMTQIK),complete
tx18-2018-12-29-call,call,2018-12-29,2018-12-29,2019-01-02,7.0,2019-01-11,3711,57.6,-0.012006861063464713,缺adj,,2018-12-28,58.3,21,TWSE(FMTQIK),complete
tx18-2018-12-29-call,call,2018-12-29,2018-12-29,2019-01-02,8.0,2019-01-14,3711,57.3,-0.01715265866209259,缺adj,,2018-12-28,58.3,21,TWSE(FMTQIK),complete
tx18-2018-12-29-call,call,2018-12-29,2018-12-29,2019-01-02,9.0,2019-01-15,3711,58.6,0.005145797598627766,缺adj,,2018-12-28,58.3,21,TWSE(FMTQIK),complete
tx18-2018-12-29-call,call,2018-12-29,2018-12-29,2019-01-02,10.0,2019-01-16,3711,58.6,0.005145797598627766,缺adj,,2018-12-28,58.3,21,TWSE(FMTQIK),complete
tx18-2018-12-29-call,call,2018-12-29,2018-12-29,2019-01-02,11.0,2019-01-17,3711,58.1,-0.0034305317324184736,缺adj,,2018-12-28,58.3,21,TWSE(FMTQIK),complete
tx18-2018-12-29-call,call,2018-12-29,2018-12-29,2019-01-02,12.0,2019-01-18,3711,58.8,0.00857632933104635,缺adj,,2018-12-28,58.3,21,TWSE(FMTQIK),complete
tx18-2018-12-29-call,call,2018-12-29,2018-12-29,2019-01-02,13.0,2019-01-21,3711,58.8,0.00857632933104635,缺adj,,2018-12-28,58.3,21,TWSE(FMTQIK),complete
tx18-2018-12-29-call,call,2018-12-29,2018-12-29,2019-01-02,14.0,2019-01-22,3711,58.5,0.0034305317324185847,缺adj,,2018-12-28,58.3,21,TWSE(FMTQIK),complete
tx18-2018-12-29-call,call,2018-12-29,2018-12-29,2019-01-02,15.0,2019-01-23,3711,58.3,0.0,缺adj,,2018-12-28,58.3,21,TWSE(FMTQIK),complete
tx18-2018-12-29-call,call,2018-12-29,2018-12-29,2019-01-02,16.0,2019-01-24,3711,58.7,0.006861063464837169,缺adj,,2018-12-28,58.3,21,TWSE(FMTQIK),complete
tx18-2018-12-29-call,call,2018-12-29,2018-12-29,2019-01-02,17.0,2019-01-25,3711,60.5,0.037735849056603765,缺adj,,2018-12-28,58.3,21,TWSE(FMTQIK),complete
tx18-2018-12-29-call,call,2018-12-29,2018-12-29,2019-01-02,18.0,2019-01-28,3711,60.5,0.037735849056603765,缺adj,,2018-12-28,58.3,21,TWSE(FMTQIK),complete
tx18-2018-12-29-call,call,2018-12-29,2018-12-29,2019-01-02,19.0,2019-01-29,3711,59.9,0.027444253859348233,缺adj,,2018-12-28,58.3,21,TWSE(FMTQIK),complete
tx18-2018-12-29-call,call,2018-12-29,2018-12-29,2019-01-02,20.0,2019-01-30,3711,60.0,0.029159519725557415,缺adj,,2018-12-28,58.3,21,TWSE(FMTQIK),complete
tx18-2018-12-29-call,call,2018-12-29,2018-12-29,2019-01-02,0.0,2019-01-02,EW_TW,,0.006602819307368291,n=10/11;缺adj,10.0,2018-12-28,,21,TWSE(FMTQIK),complete
tx18-2018-12-29-call,call,2018-12-29,2018-12-29,2019-01-02,1.0,2019-01-03,EW_TW,,-0.0015166204204177692,n=10/11;缺adj,10.0,2018-12-28,,21,TWSE(FMTQIK),complete
tx18-2018-12-29-call,call,2018-12-29,2018-12-29,2019-01-02,2.0,2019-01-04,EW_TW,,-0.014689570540272501,n=10/11;缺adj,10.0,2018-12-28,,21,TWSE(FMTQIK),complete
tx18-2018-12-29-call,call,2018-12-29,2018-12-29,2019-01-02,3.0,2019-01-07,EW_TW,,0.016532417838606716,n=10/11;缺adj,10.0,2018-12-28,,21,TWSE(FMTQIK),complete
tx18-2018-12-29-call,call,2018-12-29,2018-12-29,2019-01-02,4.0,2019-01-08,EW_TW,,0.019808767006865968,n=10/11;缺adj,10.0,2018-12-28,,21,TWSE(FMTQIK),complete
tx18-2018-12-29-call,call,2018-12-29,2018-12-29,2019-01-02,5.0,2019-01-09,EW_TW,,0.005240988444289762,n=10/11;缺adj,10.0,2018-12-28,,21,TWSE(FMTQIK),complete
tx18-2018-12-29-call,call,2018-12-29,2018-12-29,2019-01-02,6.0,2019-01-10,EW_TW,,0.009891350996562853,n=10/11;缺adj,10.0,2018-12-28,,21,TWSE(FMTQIK),complete
tx18-2018-12-29-call,call,2018-12-29,2018-12-29,2019-01-02,7.0,2019-01-11,EW_TW,,-0.0018592437348983414,n=10/11;缺adj,10.0,2018-12-28,,21,TWSE(FMTQIK),complete
tx18-2018-12-29-call,call,2018-12-29,2018-12-29,2019-01-02,8.0,2019-01-14,EW_TW,,-0.004215827705509867,n=10/11;缺adj,10.0,2018-12-28,,21,TWSE(FMTQIK),complete
tx18-2018-12-29-call,call,2018-12-29,2018-12-29,2019-01-02,9.0,2019-01-15,EW_TW,,0.013092824783321012,n=10/11;缺adj,10.0,2018-12-28,,21,TWSE(FMTQIK),complete
tx18-2018-12-29-call,call,2018-12-29,2018-12-29,2019-01-02,10.0,2019-01-16,EW_TW,,0.046468475994706694,n=10/11;缺adj,10.0,2018-12-28,,21,TWSE(FMTQIK),complete
tx18-2018-12-29-call,call,2018-12-29,2018-12-29,2019-01-02,11.0,2019-01-17,EW_TW,,0.030594413579193312,n=10/11;缺adj,10.0,2018-12-28,,21,TWSE(FMTQIK),complete
tx18-2018-12-29-call,call,2018-12-29,2018-12-29,2019-01-02,12.0,2019-01-18,EW_TW,,0.052610332742067376,n=10/11;缺adj,10.0,2018-12-28,,21,TWSE(FMTQIK),complete
tx18-2018-12-29-call,call,2018-12-29,2018-12-29,2019-01-02,13.0,2019-01-21,EW_TW,,0.06656415202724855,n=10/11;缺adj,10.0,2018-12-28,,21,TWSE(FMTQIK),complete
tx18-2018-12-29-call,call,2018-12-29,2018-12-29,2019-01-02,14.0,2019-01-22,EW_TW,,0.04578539863528509,n=10/11;缺adj,10.0,2018-12-28,,21,TWSE(FMTQIK),complete
tx18-2018-12-29-call,call,2018-12-29,2018-12-29,2019-01-02,15.0,2019-01-23,EW_TW,,0.05418563272033061,n=10/11;缺adj,10.0,2018-12-28,,21,TWSE(FMTQIK),complete
tx18-2018-12-29-call,call,2018-12-29,2018-12-29,2019-01-02,16.0,2019-01-24,EW_TW,,0.06328831735210981,n=10/11;缺adj,10.0,2018-12-28,,21,TWSE(FMTQIK),complete
tx18-2018-12-29-call,call,2018-12-29,2018-12-29,2019-01-02,17.0,2019-01-25,EW_TW,,0.07038729554530458,n=10/11;缺adj,10.0,2018-12-28,,21,TWSE(FMTQIK),complete
tx18-2018-12-29-call,call,2018-12-29,2018-12-29,2019-01-02,18.0,2019-01-28,EW_TW,,0.07420218135754834,n=10/11;缺adj,10.0,2018-12-28,,21,TWSE(FMTQIK),complete
tx18-2018-12-29-call,call,2018-12-29,2018-12-29,2019-01-02,19.0,2019-01-29,EW_TW,,0.07100050081208839,n=10/11;缺adj,10.0,2018-12-28,,21,TWSE(FMTQIK),complete
tx18-2018-12-29-call,call,2018-12-29,2018-12-29,2019-01-02,20.0,2019-01-30,EW_TW,,0.08033843897744557,n=10/11;缺adj,10.0,2018-12-28,,21,TWSE(FMTQIK),complete
tx18-2018-12-29-call,call,2018-12-29,2018-12-29,缺,,缺,NET,,,MISSING(未上市，首筆 2019-09-13),,缺,,0,US(own bars),complete
tx19-2019-06-18-call,call,2019-06-18,2019-06-18,2019-06-19,0.0,2019-06-19,TAIEX,10775.34,0.019741187916046066,缺adj,,2019-06-18,10566.74,21,TWSE(FMTQIK),complete
tx19-2019-06-18-call,call,2019-06-18,2019-06-18,2019-06-19,1.0,2019-06-20,TAIEX,10785.01,0.020656323520783282,缺adj,,2019-06-18,10566.74,21,TWSE(FMTQIK),complete
tx19-2019-06-18-call,call,2019-06-18,2019-06-18,2019-06-19,2.0,2019-06-21,TAIEX,10803.77,0.022431705521286593,缺adj,,2019-06-18,10566.74,21,TWSE(FMTQIK),complete
tx19-2019-06-18-call,call,2019-06-18,2019-06-18,2019-06-19,3.0,2019-06-24,TAIEX,10779.45,0.020130144207201273,缺adj,,2019-06-18,10566.74,21,TWSE(FMTQIK),complete
tx19-2019-06-18-call,call,2019-06-18,2019-06-18,2019-06-19,4.0,2019-06-25,TAIEX,10706.72,0.01324722667539846,缺adj,,2019-06-18,10566.74,21,TWSE(FMTQIK),complete
tx19-2019-06-18-call,call,2019-06-18,2019-06-18,2019-06-19,5.0,2019-06-26,TAIEX,10652.55,0.00812076383066107,缺adj,,2019-06-18,10566.74,21,TWSE(FMTQIK),complete
tx19-2019-06-18-call,call,2019-06-18,2019-06-18,2019-06-19,6.0,2019-06-27,TAIEX,10773.9,0.01960491125929087,缺adj,,2019-06-18,10566.74,21,TWSE(FMTQIK),complete
tx19-2019-06-18-call,call,2019-06-18,2019-06-18,2019-06-19,7.0,2019-06-28,TAIEX,10730.83,0.015528914310373843,缺adj,,2019-06-18,10566.74,21,TWSE(FMTQIK),complete
tx19-2019-06-18-call,call,2019-06-18,2019-06-18,2019-06-19,8.0,2019-07-01,TAIEX,10895.46,0.031108932367030828,缺adj,,2019-06-18,10566.74,21,TWSE(FMTQIK),complete
tx19-2019-06-18-call,call,2019-06-18,2019-06-18,2019-06-19,9.0,2019-07-02,TAIEX,10865.12,0.028237658918455644,缺adj,,2019-06-18,10566.74,21,TWSE(FMTQIK),complete
tx19-2019-06-18-call,call,2019-06-18,2019-06-18,2019-06-19,10.0,2019-07-03,TAIEX,10743.77,0.016753511489825623,缺adj,,2019-06-18,10566.74,21,TWSE(FMTQIK),complete
tx19-2019-06-18-call,call,2019-06-18,2019-06-18,2019-06-19,11.0,2019-07-04,TAIEX,10775.9,0.019794184393672865,缺adj,,2019-06-18,10566.74,21,TWSE(FMTQIK),complete
tx19-2019-06-18-call,call,2019-06-18,2019-06-18,2019-06-19,12.0,2019-07-05,TAIEX,10785.73,0.020724461849160658,缺adj,,2019-06-18,10566.74,21,TWSE(FMTQIK),complete
tx19-2019-06-18-call,call,2019-06-18,2019-06-18,2019-06-19,13.0,2019-07-08,TAIEX,10751.22,0.017458553915398634,缺adj,,2019-06-18,10566.74,21,TWSE(FMTQIK),complete
tx19-2019-06-18-call,call,2019-06-18,2019-06-18,2019-06-19,14.0,2019-07-09,TAIEX,10702.78,0.01287435860066588,缺adj,,2019-06-18,10566.74,21,TWSE(FMTQIK),complete
tx19-2019-06-18-call,call,2019-06-18,2019-06-18,2019-06-19,15.0,2019-07-10,TAIEX,10798.48,0.021931078080846156,缺adj,,2019-06-18,10566.74,21,TWSE(FMTQIK),complete
tx19-2019-06-18-call,call,2019-06-18,2019-06-18,2019-06-19,16.0,2019-07-11,TAIEX,10843.42,0.026184045410410528,缺adj,,2019-06-18,10566.74,21,TWSE(FMTQIK),complete
tx19-2019-06-18-call,call,2019-06-18,2019-06-18,2019-06-19,17.0,2019-07-12,TAIEX,10824.35,0.024379326074077667,缺adj,,2019-06-18,10566.74,21,TWSE(FMTQIK),complete
tx19-2019-06-18-call,call,2019-06-18,2019-06-18,2019-06-19,18.0,2019-07-15,TAIEX,10876.43,0.029307998493385945,缺adj,,2019-06-18,10566.74,21,TWSE(FMTQIK),complete
tx19-2019-06-18-call,call,2019-06-18,2019-06-18,2019-06-19,19.0,2019-07-16,TAIEX,10886.05,0.030218402269763356,缺adj,,2019-06-18,10566.74,21,TWSE(FMTQIK),complete
tx19-2019-06-18-call,call,2019-06-18,2019-06-18,2019-06-19,20.0,2019-07-17,TAIEX,10828.48,0.02477017509657653,缺adj,,2019-06-18,10566.74,21,TWSE(FMTQIK),complete
tx19-2019-06-18-call,call,2019-06-18,2019-06-18,2019-06-19,0.0,2019-06-19,3037,34.75,0.09968354430379733,缺adj,,2019-06-18,31.6,21,TWSE(FMTQIK),complete
tx19-2019-06-18-call,call,2019-06-18,2019-06-18,2019-06-19,1.0,2019-06-20,3037,35.4,0.120253164556962,缺adj,,2019-06-18,31.6,21,TWSE(FMTQIK),complete
tx19-2019-06-18-call,call,2019-06-18,2019-06-18,2019-06-19,2.0,2019-06-21,3037,34.55,0.09335443037974667,缺adj,,2019-06-18,31.6,21,TWSE(FMTQIK),complete
tx19-2019-06-18-call,call,2019-06-18,2019-06-18,2019-06-19,3.0,2019-06-24,3037,34.6,0.09493670886075956,缺adj,,2019-06-18,31.6,21,TWSE(FMTQIK),complete
tx19-2019-06-18-call,call,2019-06-18,2019-06-18,2019-06-19,4.0,2019-06-25,3037,34.0,0.07594936708860756,缺adj,,2019-06-18,31.6,21,TWSE(FMTQIK),complete
tx19-2019-06-18-call,call,2019-06-18,2019-06-18,2019-06-19,5.0,2019-06-26,3037,34.5,0.09177215189873422,缺adj,,2019-06-18,31.6,21,TWSE(FMTQIK),complete
tx19-2019-06-18-call,call,2019-06-18,2019-06-18,2019-06-19,6.0,2019-06-27,3037,35.5,0.12341772151898733,缺adj,,2019-06-18,31.6,21,TWSE(FMTQIK),complete
tx19-2019-06-18-call,call,2019-06-18,2019-06-18,2019-06-19,7.0,2019-06-28,3037,35.25,0.115506329113924,缺adj,,2019-06-18,31.6,21,TWSE(FMTQIK),complete
tx19-2019-06-18-call,call,2019-06-18,2019-06-18,2019-06-19,8.0,2019-07-01,3037,38.75,0.22626582278481,缺adj,,2019-06-18,31.6,21,TWSE(FMTQIK),complete
tx19-2019-06-18-call,call,2019-06-18,2019-06-18,2019-06-19,9.0,2019-07-02,3037,38.5,0.2183544303797469,缺adj,,2019-06-18,31.6,21,TWSE(FMTQIK),complete
tx19-2019-06-18-call,call,2019-06-18,2019-06-18,2019-06-19,10.0,2019-07-03,3037,37.2,0.17721518987341778,缺adj,,2019-06-18,31.6,21,TWSE(FMTQIK),complete
tx19-2019-06-18-call,call,2019-06-18,2019-06-18,2019-06-19,11.0,2019-07-04,3037,37.3,0.1803797468354429,缺adj,,2019-06-18,31.6,21,TWSE(FMTQIK),complete
tx19-2019-06-18-call,call,2019-06-18,2019-06-18,2019-06-19,12.0,2019-07-05,3037,37.45,0.1851265822784811,缺adj,,2019-06-18,31.6,21,TWSE(FMTQIK),complete
tx19-2019-06-18-call,call,2019-06-18,2019-06-18,2019-06-19,13.0,2019-07-08,3037,37.15,0.1756329113924049,缺adj,,2019-06-18,31.6,21,TWSE(FMTQIK),complete
tx19-2019-06-18-call,call,2019-06-18,2019-06-18,2019-06-19,14.0,2019-07-09,3037,35.3,0.11708860759493667,缺adj,,2019-06-18,31.6,21,TWSE(FMTQIK),complete
tx19-2019-06-18-call,call,2019-06-18,2019-06-18,2019-06-19,15.0,2019-07-10,3037,35.8,0.1329113924050631,缺adj,,2019-06-18,31.6,21,TWSE(FMTQIK),complete
tx19-2019-06-18-call,call,2019-06-18,2019-06-18,2019-06-19,16.0,2019-07-11,3037,37.5,0.18670886075949356,缺adj,,2019-06-18,31.6,21,TWSE(FMTQIK),complete
tx19-2019-06-18-call,call,2019-06-18,2019-06-18,2019-06-19,17.0,2019-07-12,3037,36.7,0.1613924050632911,缺adj,,2019-06-18,31.6,21,TWSE(FMTQIK),complete
tx19-2019-06-18-call,call,2019-06-18,2019-06-18,2019-06-19,18.0,2019-07-15,3037,37.2,0.17721518987341778,缺adj,,2019-06-18,31.6,21,TWSE(FMTQIK),complete
tx19-2019-06-18-call,call,2019-06-18,2019-06-18,2019-06-19,19.0,2019-07-16,3037,36.85,0.1661392405063291,缺adj,,2019-06-18,31.6,21,TWSE(FMTQIK),complete
tx19-2019-06-18-call,call,2019-06-18,2019-06-18,2019-06-19,20.0,2019-07-17,3037,37.15,0.1756329113924049,缺adj,,2019-06-18,31.6,21,TWSE(FMTQIK),complete
tx19-2019-06-18-call,call,2019-06-18,2019-06-18,2019-06-19,0.0,2019-06-19,8046,39.35,0.08852005532503471,缺adj,,2019-06-18,36.15,21,TWSE(FMTQIK),complete
tx19-2019-06-18-call,call,2019-06-18,2019-06-18,2019-06-19,1.0,2019-06-20,8046,38.7,0.07053941908713712,缺adj,,2019-06-18,36.15,21,TWSE(FMTQIK),complete
tx19-2019-06-18-call,call,2019-06-18,2019-06-18,2019-06-19,2.0,2019-06-21,8046,38.2,0.0567081604426003,缺adj,,2019-06-18,36.15,21,TWSE(FMTQIK),complete
tx19-2019-06-18-call,call,2019-06-18,2019-06-18,2019-06-19,3.0,2019-06-24,8046,39.1,0.0816044260027664,缺adj,,2019-06-18,36.15,21,TWSE(FMTQIK),complete
tx19-2019-06-18-call,call,2019-06-18,2019-06-18,2019-06-19,4.0,2019-06-25,8046,38.5,0.06500691562932226,缺adj,,2019-06-18,36.15,21,TWSE(FMTQIK),complete
tx19-2019-06-18-call,call,2019-06-18,2019-06-18,2019-06-19,5.0,2019-06-26,8046,38.75,0.07192254495159056,缺adj,,2019-06-18,36.15,21,TWSE(FMTQIK),complete
tx19-2019-06-18-call,call,2019-06-18,2019-06-18,2019-06-19,6.0,2019-06-27,8046,39.55,0.09405255878284913,缺adj,,2019-06-18,36.15,21,TWSE(FMTQIK),complete
tx19-2019-06-18-call,call,2019-06-18,2019-06-18,2019-06-19,7.0,2019-06-28,8046,39.35,0.08852005532503471,缺adj,,2019-06-18,36.15,21,TWSE(FMTQIK),complete
tx19-2019-06-18-call,call,2019-06-18,2019-06-18,2019-06-19,8.0,2019-07-01,8046,43.25,0.19640387275242044,缺adj,,2019-06-18,36.15,21,TWSE(FMTQIK),complete
tx19-2019-06-18-call,call,2019-06-18,2019-06-18,2019-06-19,9.0,2019-07-02,8046,43.15,0.19363762102351312,缺adj,,2019-06-18,36.15,21,TWSE(FMTQIK),complete
tx19-2019-06-18-call,call,2019-06-18,2019-06-18,2019-06-19,10.0,2019-07-03,8046,41.65,0.15214384508990308,缺adj,,2019-06-18,36.15,21,TWSE(FMTQIK),complete
tx19-2019-06-18-call,call,2019-06-18,2019-06-18,2019-06-19,11.0,2019-07-04,8046,41.55,0.14937759336099576,缺adj,,2019-06-18,36.15,21,TWSE(FMTQIK),complete
tx19-2019-06-18-call,call,2019-06-18,2019-06-18,2019-06-19,12.0,2019-07-05,8046,41.7,0.15352697095435697,缺adj,,2019-06-18,36.15,21,TWSE(FMTQIK),complete
tx19-2019-06-18-call,call,2019-06-18,2019-06-18,2019-06-19,13.0,2019-07-08,8046,40.4,0.11756569847856158,缺adj,,2019-06-18,36.15,21,TWSE(FMTQIK),complete
tx19-2019-06-18-call,call,2019-06-18,2019-06-18,2019-06-19,14.0,2019-07-09,8046,37.6,0.04011065006915637,缺adj,,2019-06-18,36.15,21,TWSE(FMTQIK),complete
tx19-2019-06-18-call,call,2019-06-18,2019-06-18,2019-06-19,15.0,2019-07-10,8046,38.65,0.06915629322268324,缺adj,,2019-06-18,36.15,21,TWSE(FMTQIK),complete
tx19-2019-06-18-call,call,2019-06-18,2019-06-18,2019-06-19,16.0,2019-07-11,8046,39.7,0.09820193637621033,缺adj,,2019-06-18,36.15,21,TWSE(FMTQIK),complete
tx19-2019-06-18-call,call,2019-06-18,2019-06-18,2019-06-19,17.0,2019-07-12,8046,39.6,0.09543568464730301,缺adj,,2019-06-18,36.15,21,TWSE(FMTQIK),complete
tx19-2019-06-18-call,call,2019-06-18,2019-06-18,2019-06-19,18.0,2019-07-15,8046,39.5,0.09266943291839569,缺adj,,2019-06-18,36.15,21,TWSE(FMTQIK),complete
tx19-2019-06-18-call,call,2019-06-18,2019-06-18,2019-06-19,19.0,2019-07-16,8046,39.65,0.09681881051175667,缺adj,,2019-06-18,36.15,21,TWSE(FMTQIK),complete
tx19-2019-06-18-call,call,2019-06-18,2019-06-18,2019-06-19,20.0,2019-07-17,8046,39.25,0.08575380359612739,缺adj,,2019-06-18,36.15,21,TWSE(FMTQIK),complete
tx19-2019-06-18-call,call,2019-06-18,2019-06-18,2019-06-19,0.0,2019-06-19,3189,40.65,0.012453300124533051,缺adj,,2019-06-18,40.15,21,TWSE(FMTQIK),complete
tx19-2019-06-18-call,call,2019-06-18,2019-06-18,2019-06-19,1.0,2019-06-20,3189,41.3,0.028642590286425795,缺adj,,2019-06-18,40.15,21,TWSE(FMTQIK),complete
tx19-2019-06-18-call,call,2019-06-18,2019-06-18,2019-06-19,2.0,2019-06-21,3189,40.2,0.001245330012453305,缺adj,,2019-06-18,40.15,21,TWSE(FMTQIK),complete
tx19-2019-06-18-call,call,2019-06-18,2019-06-18,2019-06-19,3.0,2019-06-24,3189,40.25,0.00249066002490661,缺adj,,2019-06-18,40.15,21,TWSE(FMTQIK),complete
tx19-2019-06-18-call,call,2019-06-18,2019-06-18,2019-06-19,4.0,2019-06-25,3189,39.6,-0.013698630136986245,缺adj,,2019-06-18,40.15,21,TWSE(FMTQIK),complete
tx19-2019-06-18-call,call,2019-06-18,2019-06-18,2019-06-19,5.0,2019-06-26,3189,39.2,-0.023661270236612575,缺adj,,2019-06-18,40.15,21,TWSE(FMTQIK),complete
tx19-2019-06-18-call,call,2019-06-18,2019-06-18,2019-06-19,6.0,2019-06-27,3189,39.55,-0.014943960149439661,缺adj,,2019-06-18,40.15,21,TWSE(FMTQIK),complete
tx19-2019-06-18-call,call,2019-06-18,2019-06-18,2019-06-19,7.0,2019-06-28,3189,39.75,-0.00996264009962633,缺adj,,2019-06-18,40.15,21,TWSE(FMTQIK),complete
tx19-2019-06-18-call,call,2019-06-18,2019-06-18,2019-06-19,8.0,2019-07-01,3189,40.55,0.00996264009962644,缺adj,,2019-06-18,40.15,21,TWSE(FMTQIK),complete
tx19-2019-06-18-call,call,2019-06-18,2019-06-18,2019-06-19,9.0,2019-07-02,3189,41.15,0.024906600249066102,缺adj,,2019-06-18,40.15,21,TWSE(FMTQIK),complete
tx19-2019-06-18-call,call,2019-06-18,2019-06-18,2019-06-19,10.0,2019-07-03,3189,40.7,0.013698630136986356,缺adj,,2019-06-18,40.15,21,TWSE(FMTQIK),complete
tx19-2019-06-18-call,call,2019-06-18,2019-06-18,2019-06-19,11.0,2019-07-04,3189,41.4,0.031133250311332406,缺adj,,2019-06-18,40.15,21,TWSE(FMTQIK),complete
tx19-2019-06-18-call,call,2019-06-18,2019-06-18,2019-06-19,12.0,2019-07-05,3189,41.5,0.03362391033623924,缺adj,,2019-06-18,40.15,21,TWSE(FMTQIK),complete
tx19-2019-06-18-call,call,2019-06-18,2019-06-18,2019-06-19,13.0,2019-07-08,3189,40.7,0.013698630136986356,缺adj,,2019-06-18,40.15,21,TWSE(FMTQIK),complete
tx19-2019-06-18-call,call,2019-06-18,2019-06-18,2019-06-19,14.0,2019-07-09,3189,40.45,0.007471980074719831,缺adj,,2019-06-18,40.15,21,TWSE(FMTQIK),complete
tx19-2019-06-18-call,call,2019-06-18,2019-06-18,2019-06-19,15.0,2019-07-10,3189,40.55,0.00996264009962644,缺adj,,2019-06-18,40.15,21,TWSE(FMTQIK),complete
tx19-2019-06-18-call,call,2019-06-18,2019-06-18,2019-06-19,16.0,2019-07-11,3189,40.75,0.014943960149439661,缺adj,,2019-06-18,40.15,21,TWSE(FMTQIK),complete
tx19-2019-06-18-call,call,2019-06-18,2019-06-18,2019-06-19,17.0,2019-07-12,3189,40.55,0.00996264009962644,缺adj,,2019-06-18,40.15,21,TWSE(FMTQIK),complete
tx19-2019-06-18-call,call,2019-06-18,2019-06-18,2019-06-19,18.0,2019-07-15,3189,40.75,0.014943960149439661,缺adj,,2019-06-18,40.15,21,TWSE(FMTQIK),complete
tx19-2019-06-18-call,call,2019-06-18,2019-06-18,2019-06-19,19.0,2019-07-16,3189,42.65,0.06226650062266503,缺adj,,2019-06-18,40.15,21,TWSE(FMTQIK),complete
tx19-2019-06-18-call,call,2019-06-18,2019-06-18,2019-06-19,20.0,2019-07-17,3189,42.35,0.0547945205479452,缺adj,,2019-06-18,40.15,21,TWSE(FMTQIK),complete
tx19-2019-06-18-call,call,2019-06-18,2019-06-18,2019-06-19,0.0,2019-06-19,2368,11.85,0.03947368421052633,缺adj,,2019-06-18,11.4,21,TWSE(FMTQIK),complete
tx19-2019-06-18-call,call,2019-06-18,2019-06-18,2019-06-19,1.0,2019-06-20,2368,11.95,0.048245614035087536,缺adj,,2019-06-18,11.4,21,TWSE(FMTQIK),complete
tx19-2019-06-18-call,call,2019-06-18,2019-06-18,2019-06-19,2.0,2019-06-21,2368,11.85,0.03947368421052633,缺adj,,2019-06-18,11.4,21,TWSE(FMTQIK),complete
tx19-2019-06-18-call,call,2019-06-18,2019-06-18,2019-06-19,3.0,2019-06-24,2368,12.0,0.05263157894736836,缺adj,,2019-06-18,11.4,21,TWSE(FMTQIK),complete
tx19-2019-06-18-call,call,2019-06-18,2019-06-18,2019-06-19,4.0,2019-06-25,2368,11.8,0.03508771929824572,缺adj,,2019-06-18,11.4,21,TWSE(FMTQIK),complete
tx19-2019-06-18-call,call,2019-06-18,2019-06-18,2019-06-19,5.0,2019-06-26,2368,11.5,0.00877192982456143,缺adj,,2019-06-18,11.4,21,TWSE(FMTQIK),complete
tx19-2019-06-18-call,call,2019-06-18,2019-06-18,2019-06-19,6.0,2019-06-27,2368,11.75,0.030701754385964897,缺adj,,2019-06-18,11.4,21,TWSE(FMTQIK),complete
tx19-2019-06-18-call,call,2019-06-18,2019-06-18,2019-06-19,7.0,2019-06-28,2368,11.65,0.021929824561403466,缺adj,,2019-06-18,11.4,21,TWSE(FMTQIK),complete
tx19-2019-06-18-call,call,2019-06-18,2019-06-18,2019-06-19,8.0,2019-07-01,2368,11.95,0.048245614035087536,缺adj,,2019-06-18,11.4,21,TWSE(FMTQIK),complete
tx19-2019-06-18-call,call,2019-06-18,2019-06-18,2019-06-19,9.0,2019-07-02,2368,12.05,0.05701754385964919,缺adj,,2019-06-18,11.4,21,TWSE(FMTQIK),complete
tx19-2019-06-18-call,call,2019-06-18,2019-06-18,2019-06-19,10.0,2019-07-03,2368,11.8,0.03508771929824572,缺adj,,2019-06-18,11.4,21,TWSE(FMTQIK),complete
tx19-2019-06-18-call,call,2019-06-18,2019-06-18,2019-06-19,11.0,2019-07-04,2368,12.0,0.05263157894736836,缺adj,,2019-06-18,11.4,21,TWSE(FMTQIK),complete
tx19-2019-06-18-call,call,2019-06-18,2019-06-18,2019-06-19,12.0,2019-07-05,2368,12.05,0.05701754385964919,缺adj,,2019-06-18,11.4,21,TWSE(FMTQIK),complete
tx19-2019-06-18-call,call,2019-06-18,2019-06-18,2019-06-19,13.0,2019-07-08,2368,11.9,0.04385964912280693,缺adj,,2019-06-18,11.4,21,TWSE(FMTQIK),complete
tx19-2019-06-18-call,call,2019-06-18,2019-06-18,2019-06-19,14.0,2019-07-09,2368,11.9,0.04385964912280693,缺adj,,2019-06-18,11.4,21,TWSE(FMTQIK),complete
tx19-2019-06-18-call,call,2019-06-18,2019-06-18,2019-06-19,15.0,2019-07-10,2368,12.05,0.05701754385964919,缺adj,,2019-06-18,11.4,21,TWSE(FMTQIK),complete
tx19-2019-06-18-call,call,2019-06-18,2019-06-18,2019-06-19,16.0,2019-07-11,2368,12.2,0.07017543859649122,缺adj,,2019-06-18,11.4,21,TWSE(FMTQIK),complete
tx19-2019-06-18-call,call,2019-06-18,2019-06-18,2019-06-19,17.0,2019-07-12,2368,12.15,0.06578947368421062,缺adj,,2019-06-18,11.4,21,TWSE(FMTQIK),complete
tx19-2019-06-18-call,call,2019-06-18,2019-06-18,2019-06-19,18.0,2019-07-15,2368,12.65,0.10964912280701755,缺adj,,2019-06-18,11.4,21,TWSE(FMTQIK),complete
tx19-2019-06-18-call,call,2019-06-18,2019-06-18,2019-06-19,19.0,2019-07-16,2368,12.9,0.13157894736842102,缺adj,,2019-06-18,11.4,21,TWSE(FMTQIK),complete
tx19-2019-06-18-call,call,2019-06-18,2019-06-18,2019-06-19,20.0,2019-07-17,2368,13.3,0.16666666666666674,缺adj,,2019-06-18,11.4,21,TWSE(FMTQIK),complete
tx19-2019-06-18-call,call,2019-06-18,2019-06-18,2019-06-19,0.0,2019-06-19,2383,95.7,0.04704595185995619,缺adj,,2019-06-18,91.4,21,TWSE(FMTQIK),complete
tx19-2019-06-18-call,call,2019-06-18,2019-06-18,2019-06-19,1.0,2019-06-20,2383,98.5,0.07768052516411372,缺adj,,2019-06-18,91.4,21,TWSE(FMTQIK),complete
tx19-2019-06-18-call,call,2019-06-18,2019-06-18,2019-06-19,2.0,2019-06-21,2383,95.1,0.040481400437636594,缺adj,,2019-06-18,91.4,21,TWSE(FMTQIK),complete
tx19-2019-06-18-call,call,2019-06-18,2019-06-18,2019-06-19,3.0,2019-06-24,2383,94.7,0.03610503282275701,缺adj,,2019-06-18,91.4,21,TWSE(FMTQIK),complete
tx19-2019-06-18-call,call,2019-06-18,2019-06-18,2019-06-19,4.0,2019-06-25,2383,94.8,0.037199124726476906,缺adj,,2019-06-18,91.4,21,TWSE(FMTQIK),complete
tx19-2019-06-18-call,call,2019-06-18,2019-06-18,2019-06-19,5.0,2019-06-26,2383,94.8,0.037199124726476906,缺adj,,2019-06-18,91.4,21,TWSE(FMTQIK),complete
tx19-2019-06-18-call,call,2019-06-18,2019-06-18,2019-06-19,6.0,2019-06-27,2383,95.6,0.045951859956236296,缺adj,,2019-06-18,91.4,21,TWSE(FMTQIK),complete
tx19-2019-06-18-call,call,2019-06-18,2019-06-18,2019-06-19,7.0,2019-06-28,2383,93.7,0.02516411378555805,缺adj,,2019-06-18,91.4,21,TWSE(FMTQIK),complete
tx19-2019-06-18-call,call,2019-06-18,2019-06-18,2019-06-19,8.0,2019-07-01,2383,103.0,0.1269146608315097,缺adj,,2019-06-18,91.4,21,TWSE(FMTQIK),complete
tx19-2019-06-18-call,call,2019-06-18,2019-06-18,2019-06-19,9.0,2019-07-02,2383,102.5,0.12144420131291023,缺adj,,2019-06-18,91.4,21,TWSE(FMTQIK),complete
tx19-2019-06-18-call,call,2019-06-18,2019-06-18,2019-06-19,10.0,2019-07-03,2383,99.8,0.09190371991247259,缺adj,,2019-06-18,91.4,21,TWSE(FMTQIK),complete
tx19-2019-06-18-call,call,2019-06-18,2019-06-18,2019-06-19,11.0,2019-07-04,2383,101.0,0.10503282275711157,缺adj,,2019-06-18,91.4,21,TWSE(FMTQIK),complete
tx19-2019-06-18-call,call,2019-06-18,2019-06-18,2019-06-19,12.0,2019-07-05,2383,100.5,0.09956236323851186,缺adj,,2019-06-18,91.4,21,TWSE(FMTQIK),complete
tx19-2019-06-18-call,call,2019-06-18,2019-06-18,2019-06-19,13.0,2019-07-08,2383,99.1,0.0842450765864331,缺adj,,2019-06-18,91.4,21,TWSE(FMTQIK),complete
tx19-2019-06-18-call,call,2019-06-18,2019-06-18,2019-06-19,14.0,2019-07-09,2383,101.0,0.10503282275711157,缺adj,,2019-06-18,91.4,21,TWSE(FMTQIK),complete
tx19-2019-06-18-call,call,2019-06-18,2019-06-18,2019-06-19,15.0,2019-07-10,2383,102.5,0.12144420131291023,缺adj,,2019-06-18,91.4,21,TWSE(FMTQIK),complete
tx19-2019-06-18-call,call,2019-06-18,2019-06-18,2019-06-19,16.0,2019-07-11,2383,108.5,0.18708971553610487,缺adj,,2019-06-18,91.4,21,TWSE(FMTQIK),complete
tx19-2019-06-18-call,call,2019-06-18,2019-06-18,2019-06-19,17.0,2019-07-12,2383,110.0,0.20350109409190376,缺adj,,2019-06-18,91.4,21,TWSE(FMTQIK),complete
tx19-2019-06-18-call,call,2019-06-18,2019-06-18,2019-06-19,18.0,2019-07-15,2383,113.0,0.23632385120350108,缺adj,,2019-06-18,91.4,21,TWSE(FMTQIK),complete
tx19-2019-06-18-call,call,2019-06-18,2019-06-18,2019-06-19,19.0,2019-07-16,2383,111.0,0.21444201312910272,缺adj,,2019-06-18,91.4,21,TWSE(FMTQIK),complete
tx19-2019-06-18-call,call,2019-06-18,2019-06-18,2019-06-19,20.0,2019-07-17,2383,110.0,0.20350109409190376,缺adj,,2019-06-18,91.4,21,TWSE(FMTQIK),complete
tx19-2019-06-18-call,call,2019-06-18,2019-06-18,2019-06-19,0.0,2019-06-19,6213,103.0,0.0435663627152989,缺adj,,2019-06-18,98.7,21,TWSE(FMTQIK),complete
tx19-2019-06-18-call,call,2019-06-18,2019-06-18,2019-06-19,1.0,2019-06-20,6213,104.5,0.058763931104356626,缺adj,,2019-06-18,98.7,21,TWSE(FMTQIK),complete
tx19-2019-06-18-call,call,2019-06-18,2019-06-18,2019-06-19,2.0,2019-06-21,6213,102.0,0.033434650455927084,缺adj,,2019-06-18,98.7,21,TWSE(FMTQIK),complete
tx19-2019-06-18-call,call,2019-06-18,2019-06-18,2019-06-19,3.0,2019-06-24,6213,103.5,0.04863221884498481,缺adj,,2019-06-18,98.7,21,TWSE(FMTQIK),complete
tx19-2019-06-18-call,call,2019-06-18,2019-06-18,2019-06-19,4.0,2019-06-25,6213,104.0,0.05369807497467072,缺adj,,2019-06-18,98.7,21,TWSE(FMTQIK),complete
tx19-2019-06-18-call,call,2019-06-18,2019-06-18,2019-06-19,5.0,2019-06-26,6213,102.0,0.033434650455927084,缺adj,,2019-06-18,98.7,21,TWSE(FMTQIK),complete
tx19-2019-06-18-call,call,2019-06-18,2019-06-18,2019-06-19,6.0,2019-06-27,6213,112.0,0.13475177304964525,缺adj,,2019-06-18,98.7,21,TWSE(FMTQIK),complete
tx19-2019-06-18-call,call,2019-06-18,2019-06-18,2019-06-19,7.0,2019-06-28,6213,109.0,0.1043566362715298,缺adj,,2019-06-18,98.7,21,TWSE(FMTQIK),complete
tx19-2019-06-18-call,call,2019-06-18,2019-06-18,2019-06-19,8.0,2019-07-01,6213,118.0,0.19554204660587637,缺adj,,2019-06-18,98.7,21,TWSE(FMTQIK),complete
tx19-2019-06-18-call,call,2019-06-18,2019-06-18,2019-06-19,9.0,2019-07-02,6213,118.5,0.20060790273556228,缺adj,,2019-06-18,98.7,21,TWSE(FMTQIK),complete
tx19-2019-06-18-call,call,2019-06-18,2019-06-18,2019-06-19,10.0,2019-07-03,6213,117.5,0.19047619047619047,缺adj,,2019-06-18,98.7,21,TWSE(FMTQIK),complete
tx19-2019-06-18-call,call,2019-06-18,2019-06-18,2019-06-19,11.0,2019-07-04,6213,119.0,0.2056737588652482,缺adj,,2019-06-18,98.7,21,TWSE(FMTQIK),complete
tx19-2019-06-18-call,call,2019-06-18,2019-06-18,2019-06-19,12.0,2019-07-05,6213,116.5,0.18034447821681865,缺adj,,2019-06-18,98.7,21,TWSE(FMTQIK),complete
tx19-2019-06-18-call,call,2019-06-18,2019-06-18,2019-06-19,13.0,2019-07-08,6213,115.5,0.17021276595744683,缺adj,,2019-06-18,98.7,21,TWSE(FMTQIK),complete
tx19-2019-06-18-call,call,2019-06-18,2019-06-18,2019-06-19,14.0,2019-07-09,6213,117.5,0.19047619047619047,缺adj,,2019-06-18,98.7,21,TWSE(FMTQIK),complete
tx19-2019-06-18-call,call,2019-06-18,2019-06-18,2019-06-19,15.0,2019-07-10,6213,112.0,0.13475177304964525,缺adj,,2019-06-18,98.7,21,TWSE(FMTQIK),complete
tx19-2019-06-18-call,call,2019-06-18,2019-06-18,2019-06-19,16.0,2019-07-11,6213,114.0,0.1550151975683891,缺adj,,2019-06-18,98.7,21,TWSE(FMTQIK),complete
tx19-2019-06-18-call,call,2019-06-18,2019-06-18,2019-06-19,17.0,2019-07-12,6213,115.0,0.16514690982776092,缺adj,,2019-06-18,98.7,21,TWSE(FMTQIK),complete
tx19-2019-06-18-call,call,2019-06-18,2019-06-18,2019-06-19,18.0,2019-07-15,6213,117.0,0.18541033434650456,缺adj,,2019-06-18,98.7,21,TWSE(FMTQIK),complete
tx19-2019-06-18-call,call,2019-06-18,2019-06-18,2019-06-19,19.0,2019-07-16,6213,115.0,0.16514690982776092,缺adj,,2019-06-18,98.7,21,TWSE(FMTQIK),complete
tx19-2019-06-18-call,call,2019-06-18,2019-06-18,2019-06-19,20.0,2019-07-17,6213,115.0,0.16514690982776092,缺adj,,2019-06-18,98.7,21,TWSE(FMTQIK),complete
tx19-2019-06-18-call,call,2019-06-18,2019-06-18,2019-06-19,0.0,2019-06-19,6274,124.5,0.05508474576271194,缺adj,,2019-06-18,118.0,21,TWSE(FMTQIK),complete
tx19-2019-06-18-call,call,2019-06-18,2019-06-18,2019-06-19,1.0,2019-06-20,6274,123.5,0.04661016949152552,缺adj,,2019-06-18,118.0,21,TWSE(FMTQIK),complete
tx19-2019-06-18-call,call,2019-06-18,2019-06-18,2019-06-19,2.0,2019-06-21,6274,123.0,0.04237288135593231,缺adj,,2019-06-18,118.0,21,TWSE(FMTQIK),complete
tx19-2019-06-18-call,call,2019-06-18,2019-06-18,2019-06-19,3.0,2019-06-24,6274,121.5,0.029661016949152463,缺adj,,2019-06-18,118.0,21,TWSE(FMTQIK),complete
tx19-2019-06-18-call,call,2019-06-18,2019-06-18,2019-06-19,4.0,2019-06-25,6274,121.5,0.029661016949152463,缺adj,,2019-06-18,118.0,21,TWSE(FMTQIK),complete
tx19-2019-06-18-call,call,2019-06-18,2019-06-18,2019-06-19,5.0,2019-06-26,6274,119.5,0.012711864406779627,缺adj,,2019-06-18,118.0,21,TWSE(FMTQIK),complete
tx19-2019-06-18-call,call,2019-06-18,2019-06-18,2019-06-19,6.0,2019-06-27,6274,122.0,0.03389830508474567,缺adj,,2019-06-18,118.0,21,TWSE(FMTQIK),complete
tx19-2019-06-18-call,call,2019-06-18,2019-06-18,2019-06-19,7.0,2019-06-28,6274,124.5,0.05508474576271194,缺adj,,2019-06-18,118.0,21,TWSE(FMTQIK),complete
tx19-2019-06-18-call,call,2019-06-18,2019-06-18,2019-06-19,8.0,2019-07-01,6274,131.5,0.11440677966101687,缺adj,,2019-06-18,118.0,21,TWSE(FMTQIK),complete
tx19-2019-06-18-call,call,2019-06-18,2019-06-18,2019-06-19,9.0,2019-07-02,6274,130.0,0.10169491525423724,缺adj,,2019-06-18,118.0,21,TWSE(FMTQIK),complete
tx19-2019-06-18-call,call,2019-06-18,2019-06-18,2019-06-19,10.0,2019-07-03,6274,125.0,0.05932203389830515,缺adj,,2019-06-18,118.0,21,TWSE(FMTQIK),complete
tx19-2019-06-18-call,call,2019-06-18,2019-06-18,2019-06-19,11.0,2019-07-04,6274,129.0,0.09322033898305082,缺adj,,2019-06-18,118.0,21,TWSE(FMTQIK),complete
tx19-2019-06-18-call,call,2019-06-18,2019-06-18,2019-06-19,12.0,2019-07-05,6274,124.0,0.05084745762711873,缺adj,,2019-06-18,118.0,21,TWSE(FMTQIK),complete
tx19-2019-06-18-call,call,2019-06-18,2019-06-18,2019-06-19,13.0,2019-07-08,6274,118.5,0.004237288135593209,缺adj,,2019-06-18,118.0,21,TWSE(FMTQIK),complete
tx19-2019-06-18-call,call,2019-06-18,2019-06-18,2019-06-19,14.0,2019-07-09,6274,120.5,0.021186440677966045,缺adj,,2019-06-18,118.0,21,TWSE(FMTQIK),complete
tx19-2019-06-18-call,call,2019-06-18,2019-06-18,2019-06-19,15.0,2019-07-10,6274,120.5,0.021186440677966045,缺adj,,2019-06-18,118.0,21,TWSE(FMTQIK),complete
tx19-2019-06-18-call,call,2019-06-18,2019-06-18,2019-06-19,16.0,2019-07-11,6274,122.0,0.03389830508474567,缺adj,,2019-06-18,118.0,21,TWSE(FMTQIK),complete
tx19-2019-06-18-call,call,2019-06-18,2019-06-18,2019-06-19,17.0,2019-07-12,6274,121.0,0.025423728813559254,缺adj,,2019-06-18,118.0,21,TWSE(FMTQIK),complete
tx19-2019-06-18-call,call,2019-06-18,2019-06-18,2019-06-19,18.0,2019-07-15,6274,119.0,0.008474576271186418,缺adj,,2019-06-18,118.0,21,TWSE(FMTQIK),complete
tx19-2019-06-18-call,call,2019-06-18,2019-06-18,2019-06-19,19.0,2019-07-16,6274,119.0,0.008474576271186418,缺adj,,2019-06-18,118.0,21,TWSE(FMTQIK),complete
tx19-2019-06-18-call,call,2019-06-18,2019-06-18,2019-06-19,20.0,2019-07-17,6274,119.0,0.008474576271186418,缺adj,,2019-06-18,118.0,21,TWSE(FMTQIK),complete
tx19-2019-06-18-call,call,2019-06-18,2019-06-18,2019-06-19,0.0,2019-06-19,2408,62.1,0.019704433497536922,缺adj,,2019-06-18,60.9,21,TWSE(FMTQIK),complete
tx19-2019-06-18-call,call,2019-06-18,2019-06-18,2019-06-19,1.0,2019-06-20,2408,62.3,0.02298850574712641,缺adj,,2019-06-18,60.9,21,TWSE(FMTQIK),complete
tx19-2019-06-18-call,call,2019-06-18,2019-06-18,2019-06-19,2.0,2019-06-21,2408,63.0,0.034482758620689724,缺adj,,2019-06-18,60.9,21,TWSE(FMTQIK),complete
tx19-2019-06-18-call,call,2019-06-18,2019-06-18,2019-06-19,3.0,2019-06-24,2408,63.1,0.03612479474548436,缺adj,,2019-06-18,60.9,21,TWSE(FMTQIK),complete
tx19-2019-06-18-call,call,2019-06-18,2019-06-18,2019-06-19,4.0,2019-06-25,2408,63.3,0.039408866995073843,缺adj,,2019-06-18,60.9,21,TWSE(FMTQIK),complete
tx19-2019-06-18-call,call,2019-06-18,2019-06-18,2019-06-19,5.0,2019-06-26,2408,63.7,0.04597701149425304,缺adj,,2019-06-18,60.9,21,TWSE(FMTQIK),complete
tx19-2019-06-18-call,call,2019-06-18,2019-06-18,2019-06-19,6.0,2019-06-27,2408,64.1,0.05254515599343179,缺adj,,2019-06-18,60.9,21,TWSE(FMTQIK),complete
tx19-2019-06-18-call,call,2019-06-18,2019-06-18,2019-06-19,7.0,2019-06-28,2408,64.5,0.059113300492610765,缺adj,,2019-06-18,60.9,21,TWSE(FMTQIK),complete
tx19-2019-06-18-call,call,2019-06-18,2019-06-18,2019-06-19,8.0,2019-07-01,2408,66.0,0.08374384236453203,缺adj,,2019-06-18,60.9,21,TWSE(FMTQIK),complete
tx19-2019-06-18-call,call,2019-06-18,2019-06-18,2019-06-19,9.0,2019-07-02,2408,66.3,0.08866995073891615,缺adj,,2019-06-18,60.9,21,TWSE(FMTQIK),complete
tx19-2019-06-18-call,call,2019-06-18,2019-06-18,2019-06-19,10.0,2019-07-03,2408,65.2,0.07060755336617408,缺adj,,2019-06-18,60.9,21,TWSE(FMTQIK),complete
tx19-2019-06-18-call,call,2019-06-18,2019-06-18,2019-06-19,11.0,2019-07-04,2408,59.2,-0.02791461412151064,缺adj,,2019-06-18,60.9,21,TWSE(FMTQIK),complete
tx19-2019-06-18-call,call,2019-06-18,2019-06-18,2019-06-19,12.0,2019-07-05,2408,62.0,0.01806239737274229,缺adj,,2019-06-18,60.9,21,TWSE(FMTQIK),complete
tx19-2019-06-18-call,call,2019-06-18,2019-06-18,2019-06-19,13.0,2019-07-08,2408,61.0,0.0016420361247948545,缺adj,,2019-06-18,60.9,21,TWSE(FMTQIK),complete
tx19-2019-06-18-call,call,2019-06-18,2019-06-18,2019-06-19,14.0,2019-07-09,2408,62.8,0.031198686371100237,缺adj,,2019-06-18,60.9,21,TWSE(FMTQIK),complete
tx19-2019-06-18-call,call,2019-06-18,2019-06-18,2019-06-19,15.0,2019-07-10,2408,64.4,0.05747126436781613,缺adj,,2019-06-18,60.9,21,TWSE(FMTQIK),complete
tx19-2019-06-18-call,call,2019-06-18,2019-06-18,2019-06-19,16.0,2019-07-11,2408,65.4,0.07389162561576357,缺adj,,2019-06-18,60.9,21,TWSE(FMTQIK),complete
tx19-2019-06-18-call,call,2019-06-18,2019-06-18,2019-06-19,17.0,2019-07-12,2408,66.7,0.09523809523809534,缺adj,,2019-06-18,60.9,21,TWSE(FMTQIK),complete
tx19-2019-06-18-call,call,2019-06-18,2019-06-18,2019-06-19,18.0,2019-07-15,2408,69.9,0.14778325123152714,缺adj,,2019-06-18,60.9,21,TWSE(FMTQIK),complete
tx19-2019-06-18-call,call,2019-06-18,2019-06-18,2019-06-19,19.0,2019-07-16,2408,67.9,0.11494252873563227,缺adj,,2019-06-18,60.9,21,TWSE(FMTQIK),complete
tx19-2019-06-18-call,call,2019-06-18,2019-06-18,2019-06-19,20.0,2019-07-17,2408,67.7,0.11165845648604278,缺adj,,2019-06-18,60.9,21,TWSE(FMTQIK),complete
tx19-2019-06-18-call,call,2019-06-18,2019-06-18,2019-06-19,0.0,2019-06-19,2344,14.6,0.020979020979020824,缺adj,,2019-06-18,14.3,21,TWSE(FMTQIK),complete
tx19-2019-06-18-call,call,2019-06-18,2019-06-18,2019-06-19,1.0,2019-06-20,2344,14.8,0.034965034965035,缺adj,,2019-06-18,14.3,21,TWSE(FMTQIK),complete
tx19-2019-06-18-call,call,2019-06-18,2019-06-18,2019-06-19,2.0,2019-06-21,2344,14.8,0.034965034965035,缺adj,,2019-06-18,14.3,21,TWSE(FMTQIK),complete
tx19-2019-06-18-call,call,2019-06-18,2019-06-18,2019-06-19,3.0,2019-06-24,2344,15.2,0.06293706293706292,缺adj,,2019-06-18,14.3,21,TWSE(FMTQIK),complete
tx19-2019-06-18-call,call,2019-06-18,2019-06-18,2019-06-19,4.0,2019-06-25,2344,14.95,0.045454545454545414,缺adj,,2019-06-18,14.3,21,TWSE(FMTQIK),complete
tx19-2019-06-18-call,call,2019-06-18,2019-06-18,2019-06-19,5.0,2019-06-26,2344,15.05,0.0524475524475525,缺adj,,2019-06-18,14.3,21,TWSE(FMTQIK),complete
tx19-2019-06-18-call,call,2019-06-18,2019-06-18,2019-06-19,6.0,2019-06-27,2344,15.15,0.05944055944055937,缺adj,,2019-06-18,14.3,21,TWSE(FMTQIK),complete
tx19-2019-06-18-call,call,2019-06-18,2019-06-18,2019-06-19,7.0,2019-06-28,2344,15.2,0.06293706293706292,缺adj,,2019-06-18,14.3,21,TWSE(FMTQIK),complete
tx19-2019-06-18-call,call,2019-06-18,2019-06-18,2019-06-19,8.0,2019-07-01,2344,15.5,0.08391608391608396,缺adj,,2019-06-18,14.3,21,TWSE(FMTQIK),complete
tx19-2019-06-18-call,call,2019-06-18,2019-06-18,2019-06-19,9.0,2019-07-02,2344,15.7,0.0979020979020977,缺adj,,2019-06-18,14.3,21,TWSE(FMTQIK),complete
tx19-2019-06-18-call,call,2019-06-18,2019-06-18,2019-06-19,10.0,2019-07-03,2344,15.9,0.11188811188811187,缺adj,,2019-06-18,14.3,21,TWSE(FMTQIK),complete
tx19-2019-06-18-call,call,2019-06-18,2019-06-18,2019-06-19,11.0,2019-07-04,2344,16.3,0.1398601398601398,缺adj,,2019-06-18,14.3,21,TWSE(FMTQIK),complete
tx19-2019-06-18-call,call,2019-06-18,2019-06-18,2019-06-19,12.0,2019-07-05,2344,16.4,0.14685314685314665,缺adj,,2019-06-18,14.3,21,TWSE(FMTQIK),complete
tx19-2019-06-18-call,call,2019-06-18,2019-06-18,2019-06-19,13.0,2019-07-08,2344,16.4,0.14685314685314665,缺adj,,2019-06-18,14.3,21,TWSE(FMTQIK),complete
tx19-2019-06-18-call,call,2019-06-18,2019-06-18,2019-06-19,14.0,2019-07-09,2344,16.45,0.1503496503496502,缺adj,,2019-06-18,14.3,21,TWSE(FMTQIK),complete
tx19-2019-06-18-call,call,2019-06-18,2019-06-18,2019-06-19,15.0,2019-07-10,2344,16.85,0.17832167832167833,缺adj,,2019-06-18,14.3,21,TWSE(FMTQIK),complete
tx19-2019-06-18-call,call,2019-06-18,2019-06-18,2019-06-19,16.0,2019-07-11,2344,16.45,0.1503496503496502,缺adj,,2019-06-18,14.3,21,TWSE(FMTQIK),complete
tx19-2019-06-18-call,call,2019-06-18,2019-06-18,2019-06-19,17.0,2019-07-12,2344,16.7,0.1678321678321677,缺adj,,2019-06-18,14.3,21,TWSE(FMTQIK),complete
tx19-2019-06-18-call,call,2019-06-18,2019-06-18,2019-06-19,18.0,2019-07-15,2344,17.15,0.19930069930069916,缺adj,,2019-06-18,14.3,21,TWSE(FMTQIK),complete
tx19-2019-06-18-call,call,2019-06-18,2019-06-18,2019-06-19,19.0,2019-07-16,2344,16.95,0.1853146853146852,缺adj,,2019-06-18,14.3,21,TWSE(FMTQIK),complete
tx19-2019-06-18-call,call,2019-06-18,2019-06-18,2019-06-19,20.0,2019-07-17,2344,16.85,0.17832167832167833,缺adj,,2019-06-18,14.3,21,TWSE(FMTQIK),complete
tx19-2019-06-18-call,call,2019-06-18,2019-06-18,2019-06-19,0.0,2019-06-19,6770,,,MISSING(未上市，首筆 2020-12-09);缺adj,,2019-06-18,,0,TWSE(FMTQIK),complete
tx19-2019-06-18-call,call,2019-06-18,2019-06-18,2019-06-19,1.0,2019-06-20,6770,,,MISSING(未上市，首筆 2020-12-09);缺adj,,2019-06-18,,0,TWSE(FMTQIK),complete
tx19-2019-06-18-call,call,2019-06-18,2019-06-18,2019-06-19,2.0,2019-06-21,6770,,,MISSING(未上市，首筆 2020-12-09);缺adj,,2019-06-18,,0,TWSE(FMTQIK),complete
tx19-2019-06-18-call,call,2019-06-18,2019-06-18,2019-06-19,3.0,2019-06-24,6770,,,MISSING(未上市，首筆 2020-12-09);缺adj,,2019-06-18,,0,TWSE(FMTQIK),complete
tx19-2019-06-18-call,call,2019-06-18,2019-06-18,2019-06-19,4.0,2019-06-25,6770,,,MISSING(未上市，首筆 2020-12-09);缺adj,,2019-06-18,,0,TWSE(FMTQIK),complete
tx19-2019-06-18-call,call,2019-06-18,2019-06-18,2019-06-19,5.0,2019-06-26,6770,,,MISSING(未上市，首筆 2020-12-09);缺adj,,2019-06-18,,0,TWSE(FMTQIK),complete
tx19-2019-06-18-call,call,2019-06-18,2019-06-18,2019-06-19,6.0,2019-06-27,6770,,,MISSING(未上市，首筆 2020-12-09);缺adj,,2019-06-18,,0,TWSE(FMTQIK),complete
tx19-2019-06-18-call,call,2019-06-18,2019-06-18,2019-06-19,7.0,2019-06-28,6770,,,MISSING(未上市，首筆 2020-12-09);缺adj,,2019-06-18,,0,TWSE(FMTQIK),complete
tx19-2019-06-18-call,call,2019-06-18,2019-06-18,2019-06-19,8.0,2019-07-01,6770,,,MISSING(未上市，首筆 2020-12-09);缺adj,,2019-06-18,,0,TWSE(FMTQIK),complete
tx19-2019-06-18-call,call,2019-06-18,2019-06-18,2019-06-19,9.0,2019-07-02,6770,,,MISSING(未上市，首筆 2020-12-09);缺adj,,2019-06-18,,0,TWSE(FMTQIK),complete
tx19-2019-06-18-call,call,2019-06-18,2019-06-18,2019-06-19,10.0,2019-07-03,6770,,,MISSING(未上市，首筆 2020-12-09);缺adj,,2019-06-18,,0,TWSE(FMTQIK),complete
tx19-2019-06-18-call,call,2019-06-18,2019-06-18,2019-06-19,11.0,2019-07-04,6770,,,MISSING(未上市，首筆 2020-12-09);缺adj,,2019-06-18,,0,TWSE(FMTQIK),complete
tx19-2019-06-18-call,call,2019-06-18,2019-06-18,2019-06-19,12.0,2019-07-05,6770,,,MISSING(未上市，首筆 2020-12-09);缺adj,,2019-06-18,,0,TWSE(FMTQIK),complete
tx19-2019-06-18-call,call,2019-06-18,2019-06-18,2019-06-19,13.0,2019-07-08,6770,,,MISSING(未上市，首筆 2020-12-09);缺adj,,2019-06-18,,0,TWSE(FMTQIK),complete
tx19-2019-06-18-call,call,2019-06-18,2019-06-18,2019-06-19,14.0,2019-07-09,6770,,,MISSING(未上市，首筆 2020-12-09);缺adj,,2019-06-18,,0,TWSE(FMTQIK),complete
tx19-2019-06-18-call,call,2019-06-18,2019-06-18,2019-06-19,15.0,2019-07-10,6770,,,MISSING(未上市，首筆 2020-12-09);缺adj,,2019-06-18,,0,TWSE(FMTQIK),complete
tx19-2019-06-18-call,call,2019-06-18,2019-06-18,2019-06-19,16.0,2019-07-11,6770,,,MISSING(未上市，首筆 2020-12-09);缺adj,,2019-06-18,,0,TWSE(FMTQIK),complete
tx19-2019-06-18-call,call,2019-06-18,2019-06-18,2019-06-19,17.0,2019-07-12,6770,,,MISSING(未上市，首筆 2020-12-09);缺adj,,2019-06-18,,0,TWSE(FMTQIK),complete
tx19-2019-06-18-call,call,2019-06-18,2019-06-18,2019-06-19,18.0,2019-07-15,6770,,,MISSING(未上市，首筆 2020-12-09);缺adj,,2019-06-18,,0,TWSE(FMTQIK),complete
tx19-2019-06-18-call,call,2019-06-18,2019-06-18,2019-06-19,19.0,2019-07-16,6770,,,MISSING(未上市，首筆 2020-12-09);缺adj,,2019-06-18,,0,TWSE(FMTQIK),complete
tx19-2019-06-18-call,call,2019-06-18,2019-06-18,2019-06-19,20.0,2019-07-17,6770,,,MISSING(未上市，首筆 2020-12-09);缺adj,,2019-06-18,,0,TWSE(FMTQIK),complete
tx19-2019-06-18-call,call,2019-06-18,2019-06-18,2019-06-19,0.0,2019-06-19,3711,62.3,0.0667808219178081,缺adj,,2019-06-18,58.4,21,TWSE(FMTQIK),complete
tx19-2019-06-18-call,call,2019-06-18,2019-06-18,2019-06-19,1.0,2019-06-20,3711,62.5,0.0702054794520548,缺adj,,2019-06-18,58.4,21,TWSE(FMTQIK),complete
tx19-2019-06-18-call,call,2019-06-18,2019-06-18,2019-06-19,2.0,2019-06-21,3711,63.2,0.08219178082191791,缺adj,,2019-06-18,58.4,21,TWSE(FMTQIK),complete
tx19-2019-06-18-call,call,2019-06-18,2019-06-18,2019-06-19,3.0,2019-06-24,3711,63.0,0.07876712328767121,缺adj,,2019-06-18,58.4,21,TWSE(FMTQIK),complete
tx19-2019-06-18-call,call,2019-06-18,2019-06-18,2019-06-19,4.0,2019-06-25,3711,61.3,0.04965753424657526,缺adj,,2019-06-18,58.4,21,TWSE(FMTQIK),complete
tx19-2019-06-18-call,call,2019-06-18,2019-06-18,2019-06-19,5.0,2019-06-26,3711,60.5,0.03595890410958913,缺adj,,2019-06-18,58.4,21,TWSE(FMTQIK),complete
tx19-2019-06-18-call,call,2019-06-18,2019-06-18,2019-06-19,6.0,2019-06-27,3711,62.8,0.07534246575342474,缺adj,,2019-06-18,58.4,21,TWSE(FMTQIK),complete
tx19-2019-06-18-call,call,2019-06-18,2019-06-18,2019-06-19,7.0,2019-06-28,3711,61.5,0.05308219178082196,缺adj,,2019-06-18,58.4,21,TWSE(FMTQIK),complete
tx19-2019-06-18-call,call,2019-06-18,2019-06-18,2019-06-19,8.0,2019-07-01,3711,66.1,0.13184931506849318,缺adj,,2019-06-18,58.4,21,TWSE(FMTQIK),complete
tx19-2019-06-18-call,call,2019-06-18,2019-06-18,2019-06-19,9.0,2019-07-02,3711,64.6,0.1061643835616437,缺adj,,2019-06-18,58.4,21,TWSE(FMTQIK),complete
tx19-2019-06-18-call,call,2019-06-18,2019-06-18,2019-06-19,10.0,2019-07-03,3711,64.4,0.10273972602739745,缺adj,,2019-06-18,58.4,21,TWSE(FMTQIK),complete
tx19-2019-06-18-call,call,2019-06-18,2019-06-18,2019-06-19,11.0,2019-07-04,3711,65.3,0.11815068493150682,缺adj,,2019-06-18,58.4,21,TWSE(FMTQIK),complete
tx19-2019-06-18-call,call,2019-06-18,2019-06-18,2019-06-19,12.0,2019-07-05,3711,66.2,0.13356164383561642,缺adj,,2019-06-18,58.4,21,TWSE(FMTQIK),complete
tx19-2019-06-18-call,call,2019-06-18,2019-06-18,2019-06-19,13.0,2019-07-08,3711,64.5,0.10445205479452047,缺adj,,2019-06-18,58.4,21,TWSE(FMTQIK),complete
tx19-2019-06-18-call,call,2019-06-18,2019-06-18,2019-06-19,14.0,2019-07-09,3711,64.1,0.09760273972602729,缺adj,,2019-06-18,58.4,21,TWSE(FMTQIK),complete
tx19-2019-06-18-call,call,2019-06-18,2019-06-18,2019-06-19,15.0,2019-07-10,3711,66.1,0.13184931506849318,缺adj,,2019-06-18,58.4,21,TWSE(FMTQIK),complete
tx19-2019-06-18-call,call,2019-06-18,2019-06-18,2019-06-19,16.0,2019-07-11,3711,68.4,0.17123287671232879,缺adj,,2019-06-18,58.4,21,TWSE(FMTQIK),complete
tx19-2019-06-18-call,call,2019-06-18,2019-06-18,2019-06-19,17.0,2019-07-12,3711,67.5,0.1558219178082192,缺adj,,2019-06-18,58.4,21,TWSE(FMTQIK),complete
tx19-2019-06-18-call,call,2019-06-18,2019-06-18,2019-06-19,18.0,2019-07-15,3711,69.1,0.18321917808219168,缺adj,,2019-06-18,58.4,21,TWSE(FMTQIK),complete
tx19-2019-06-18-call,call,2019-06-18,2019-06-18,2019-06-19,19.0,2019-07-16,3711,69.1,0.18321917808219168,缺adj,,2019-06-18,58.4,21,TWSE(FMTQIK),complete
tx19-2019-06-18-call,call,2019-06-18,2019-06-18,2019-06-19,20.0,2019-07-17,3711,67.5,0.1558219178082192,缺adj,,2019-06-18,58.4,21,TWSE(FMTQIK),complete
tx19-2019-06-18-call,call,2019-06-18,2019-06-18,2019-06-19,0.0,2019-06-19,EW_TW,,0.04932919206962243,n=10/11;缺adj,10.0,2019-06-18,,21,TWSE(FMTQIK),complete
tx19-2019-06-18-call,call,2019-06-18,2019-06-18,2019-06-19,1.0,2019-06-20,EW_TW,,0.057889443388982456,n=10/11;缺adj,10.0,2019-06-18,,21,TWSE(FMTQIK),complete
tx19-2019-06-18-call,call,2019-06-18,2019-06-18,2019-06-19,2.0,2019-06-21,EW_TW,,0.04587101117024652,n=10/11;缺adj,10.0,2019-06-18,,21,TWSE(FMTQIK),complete
tx19-2019-06-18-call,call,2019-06-18,2019-06-18,2019-06-19,3.0,2019-06-24,EW_TW,,0.05238906234229137,n=10/11;缺adj,10.0,2019-06-18,,21,TWSE(FMTQIK),complete
tx19-2019-06-18-call,call,2019-06-18,2019-06-18,2019-06-19,4.0,2019-06-25,EW_TW,,0.04174245352256839,n=10/11;缺adj,10.0,2019-06-18,,21,TWSE(FMTQIK),complete
tx19-2019-06-18-call,call,2019-06-18,2019-06-18,2019-06-19,5.0,2019-06-26,EW_TW,,0.03665344640788519,n=10/11;缺adj,10.0,2019-06-18,,21,TWSE(FMTQIK),complete
tx19-2019-06-18-call,call,2019-06-18,2019-06-18,2019-06-19,6.0,2019-06-27,EW_TW,,0.06351581938164048,n=10/11;缺adj,10.0,2019-06-18,,21,TWSE(FMTQIK),complete
tx19-2019-06-18-call,call,2019-06-18,2019-06-18,2019-06-19,7.0,2019-06-28,EW_TW,,0.057573161993103125,n=10/11;缺adj,10.0,2019-06-18,,21,TWSE(FMTQIK),complete
tx19-2019-06-18-call,call,2019-06-18,2019-06-18,2019-06-19,8.0,2019-07-01,EW_TW,,0.12172506781194566,n=10/11;缺adj,10.0,2019-06-18,,21,TWSE(FMTQIK),complete
tx19-2019-06-18-call,call,2019-06-18,2019-06-18,2019-06-19,9.0,2019-07-02,EW_TW,,0.12103996470173425,n=10/11;缺adj,10.0,2019-06-18,,21,TWSE(FMTQIK),complete
tx19-2019-06-18-call,call,2019-06-18,2019-06-18,2019-06-19,10.0,2019-07-03,EW_TW,,0.10050827199672045,n=10/11;缺adj,10.0,2019-06-18,,21,TWSE(FMTQIK),complete
tx19-2019-06-18-call,call,2019-06-18,2019-06-18,2019-06-19,11.0,2019-07-04,EW_TW,,0.1047545300730686,n=10/11;缺adj,10.0,2019-06-18,,21,TWSE(FMTQIK),complete
tx19-2019-06-18-call,call,2019-06-18,2019-06-18,2019-06-19,12.0,2019-07-05,EW_TW,,0.1058526494572681,n=10/11;缺adj,10.0,2019-06-18,,21,TWSE(FMTQIK),complete
tx19-2019-06-18-call,call,2019-06-18,2019-06-18,2019-06-19,13.0,2019-07-08,EW_TW,,0.08623992575826948,n=10/11;缺adj,10.0,2019-06-18,,21,TWSE(FMTQIK),complete
tx19-2019-06-18-call,call,2019-06-18,2019-06-18,2019-06-19,14.0,2019-07-09,EW_TW,,0.08043774172196656,n=10/11;缺adj,10.0,2019-06-18,,21,TWSE(FMTQIK),complete
tx19-2019-06-18-call,call,2019-06-18,2019-06-18,2019-06-19,15.0,2019-07-10,EW_TW,,0.09140725423855312,n=10/11;缺adj,10.0,2019-06-18,,21,TWSE(FMTQIK),complete
tx19-2019-06-18-call,call,2019-06-18,2019-06-18,2019-06-19,16.0,2019-07-11,EW_TW,,0.1141507566748617,n=10/11;缺adj,10.0,2019-06-18,,21,TWSE(FMTQIK),complete
tx19-2019-06-18-call,call,2019-06-18,2019-06-18,2019-06-19,17.0,2019-07-12,EW_TW,,0.11455441171061373,n=10/11;缺adj,10.0,2019-06-18,,21,TWSE(FMTQIK),complete
tx19-2019-06-18-call,call,2019-06-18,2019-06-18,2019-06-19,18.0,2019-07-15,EW_TW,,0.13549895961838807,n=10/11;缺adj,10.0,2019-06-18,,21,TWSE(FMTQIK),complete
tx19-2019-06-18-call,call,2019-06-18,2019-06-18,2019-06-19,19.0,2019-07-16,EW_TW,,0.13283433903697311,n=10/11;缺adj,10.0,2019-06-18,,21,TWSE(FMTQIK),complete
tx19-2019-06-18-call,call,2019-06-18,2019-06-18,2019-06-19,20.0,2019-07-17,EW_TW,,0.13057725350099356,n=10/11;缺adj,10.0,2019-06-18,,21,TWSE(FMTQIK),complete
tx19-2019-06-18-call,call,2019-06-18,2019-06-18,缺,,缺,NET,,,MISSING(未上市，首筆 2019-09-13),,缺,,0,US(own bars),complete
tx21-2019-12-20-call,call,2019-12-20,2019-12-20,2019-12-23,0.0,2019-12-23,TAIEX,12022.23,0.005280506527257867,缺adj,,2019-12-20,11959.08,21,TWSE(FMTQIK),complete
tx21-2019-12-20-call,call,2019-12-20,2019-12-20,2019-12-23,1.0,2019-12-24,TAIEX,11976.38,0.001446599571204521,缺adj,,2019-12-20,11959.08,21,TWSE(FMTQIK),complete
tx21-2019-12-20-call,call,2019-12-20,2019-12-20,2019-12-23,2.0,2019-12-25,TAIEX,12008.13,0.004101486067490168,缺adj,,2019-12-20,11959.08,21,TWSE(FMTQIK),complete
tx21-2019-12-20-call,call,2019-12-20,2019-12-20,2019-12-23,3.0,2019-12-26,TAIEX,12001.01,0.003506122544543633,缺adj,,2019-12-20,11959.08,21,TWSE(FMTQIK),complete
tx21-2019-12-20-call,call,2019-12-20,2019-12-20,2019-12-23,4.0,2019-12-27,TAIEX,12091.59,0.011080283767647803,缺adj,,2019-12-20,11959.08,21,TWSE(FMTQIK),complete
tx21-2019-12-20-call,call,2019-12-20,2019-12-20,2019-12-23,5.0,2019-12-30,TAIEX,12053.37,0.007884385755426049,缺adj,,2019-12-20,11959.08,21,TWSE(FMTQIK),complete
tx21-2019-12-20-call,call,2019-12-20,2019-12-20,2019-12-23,6.0,2019-12-31,TAIEX,11997.14,0.0031825190566499018,缺adj,,2019-12-20,11959.08,21,TWSE(FMTQIK),complete
tx21-2019-12-20-call,call,2019-12-20,2019-12-20,2019-12-23,7.0,2020-01-02,TAIEX,12100.48,0.01182365198660773,缺adj,,2019-12-20,11959.08,21,TWSE(FMTQIK),complete
tx21-2019-12-20-call,call,2019-12-20,2019-12-20,2019-12-23,8.0,2020-01-03,TAIEX,12110.43,0.01265565578623118,缺adj,,2019-12-20,11959.08,21,TWSE(FMTQIK),complete
tx21-2019-12-20-call,call,2019-12-20,2019-12-20,2019-12-23,9.0,2020-01-06,TAIEX,11953.36,-0.0004782976616929391,缺adj,,2019-12-20,11959.08,21,TWSE(FMTQIK),complete
tx21-2019-12-20-call,call,2019-12-20,2019-12-20,2019-12-23,10.0,2020-01-07,TAIEX,11880.32,-0.006585790880234921,缺adj,,2019-12-20,11959.08,21,TWSE(FMTQIK),complete
tx21-2019-12-20-call,call,2019-12-20,2019-12-20,2019-12-23,11.0,2020-01-08,TAIEX,11817.1,-0.011872150700555473,缺adj,,2019-12-20,11959.08,21,TWSE(FMTQIK),complete
tx21-2019-12-20-call,call,2019-12-20,2019-12-20,2019-12-23,12.0,2020-01-09,TAIEX,11970.63,0.0009657933553417486,缺adj,,2019-12-20,11959.08,21,TWSE(FMTQIK),complete
tx21-2019-12-20-call,call,2019-12-20,2019-12-20,2019-12-23,13.0,2020-01-10,TAIEX,12024.65,0.005482863230281909,缺adj,,2019-12-20,11959.08,21,TWSE(FMTQIK),complete
tx21-2019-12-20-call,call,2019-12-20,2019-12-20,2019-12-23,14.0,2020-01-13,TAIEX,12113.42,0.012905675018479723,缺adj,,2019-12-20,11959.08,21,TWSE(FMTQIK),complete
tx21-2019-12-20-call,call,2019-12-20,2019-12-20,2019-12-23,15.0,2020-01-14,TAIEX,12179.81,0.018457105396067153,缺adj,,2019-12-20,11959.08,21,TWSE(FMTQIK),complete
tx21-2019-12-20-call,call,2019-12-20,2019-12-20,2019-12-23,16.0,2020-01-15,TAIEX,12091.88,0.011104533124621563,缺adj,,2019-12-20,11959.08,21,TWSE(FMTQIK),complete
tx21-2019-12-20-call,call,2019-12-20,2019-12-20,2019-12-23,17.0,2020-01-16,TAIEX,12066.93,0.009018252240138969,缺adj,,2019-12-20,11959.08,21,TWSE(FMTQIK),complete
tx21-2019-12-20-call,call,2019-12-20,2019-12-20,2019-12-23,18.0,2020-01-17,TAIEX,12090.29,0.010971579753626504,缺adj,,2019-12-20,11959.08,21,TWSE(FMTQIK),complete
tx21-2019-12-20-call,call,2019-12-20,2019-12-20,2019-12-23,19.0,2020-01-20,TAIEX,12118.71,0.01334801673707342,缺adj,,2019-12-20,11959.08,21,TWSE(FMTQIK),complete
tx21-2019-12-20-call,call,2019-12-20,2019-12-20,2019-12-23,20.0,2020-01-30,TAIEX,11421.74,-0.044931549918555636,缺adj,,2019-12-20,11959.08,21,TWSE(FMTQIK),complete
tx21-2019-12-20-call,call,2019-12-20,2019-12-20,2019-12-23,0.0,2019-12-23,3037,41.5,-0.05895691609977327,缺adj,,2019-12-20,44.1,21,TWSE(FMTQIK),complete
tx21-2019-12-20-call,call,2019-12-20,2019-12-20,2019-12-23,1.0,2019-12-24,3037,42.25,-0.04195011337868482,缺adj,,2019-12-20,44.1,21,TWSE(FMTQIK),complete
tx21-2019-12-20-call,call,2019-12-20,2019-12-20,2019-12-23,2.0,2019-12-25,3037,41.5,-0.05895691609977327,缺adj,,2019-12-20,44.1,21,TWSE(FMTQIK),complete
tx21-2019-12-20-call,call,2019-12-20,2019-12-20,2019-12-23,3.0,2019-12-26,3037,41.1,-0.0680272108843537,缺adj,,2019-12-20,44.1,21,TWSE(FMTQIK),complete
tx21-2019-12-20-call,call,2019-12-20,2019-12-20,2019-12-23,4.0,2019-12-27,3037,41.65,-0.05555555555555558,缺adj,,2019-12-20,44.1,21,TWSE(FMTQIK),complete
tx21-2019-12-20-call,call,2019-12-20,2019-12-20,2019-12-23,5.0,2019-12-30,3037,41.8,-0.052154195011338,缺adj,,2019-12-20,44.1,21,TWSE(FMTQIK),complete
tx21-2019-12-20-call,call,2019-12-20,2019-12-20,2019-12-23,6.0,2019-12-31,3037,42.0,-0.04761904761904767,缺adj,,2019-12-20,44.1,21,TWSE(FMTQIK),complete
tx21-2019-12-20-call,call,2019-12-20,2019-12-20,2019-12-23,7.0,2020-01-02,3037,43.6,-0.0113378684807256,缺adj,,2019-12-20,44.1,21,TWSE(FMTQIK),complete
tx21-2019-12-20-call,call,2019-12-20,2019-12-20,2019-12-23,8.0,2020-01-03,3037,42.5,-0.03628117913832207,缺adj,,2019-12-20,44.1,21,TWSE(FMTQIK),complete
tx21-2019-12-20-call,call,2019-12-20,2019-12-20,2019-12-23,9.0,2020-01-06,3037,41.35,-0.06235827664399096,缺adj,,2019-12-20,44.1,21,TWSE(FMTQIK),complete
tx21-2019-12-20-call,call,2019-12-20,2019-12-20,2019-12-23,10.0,2020-01-07,3037,41.3,-0.0634920634920636,缺adj,,2019-12-20,44.1,21,TWSE(FMTQIK),complete
tx21-2019-12-20-call,call,2019-12-20,2019-12-20,2019-12-23,11.0,2020-01-08,3037,40.45,-0.082766439909297,缺adj,,2019-12-20,44.1,21,TWSE(FMTQIK),complete
tx21-2019-12-20-call,call,2019-12-20,2019-12-20,2019-12-23,12.0,2020-01-09,3037,41.05,-0.06916099773242634,缺adj,,2019-12-20,44.1,21,TWSE(FMTQIK),complete
tx21-2019-12-20-call,call,2019-12-20,2019-12-20,2019-12-23,13.0,2020-01-10,3037,42.4,-0.03854875283446724,缺adj,,2019-12-20,44.1,21,TWSE(FMTQIK),complete
tx21-2019-12-20-call,call,2019-12-20,2019-12-20,2019-12-23,14.0,2020-01-13,3037,43.9,-0.0045351473922903285,缺adj,,2019-12-20,44.1,21,TWSE(FMTQIK),complete
tx21-2019-12-20-call,call,2019-12-20,2019-12-20,2019-12-23,15.0,2020-01-14,3037,45.4,0.02947845804988658,缺adj,,2019-12-20,44.1,21,TWSE(FMTQIK),complete
tx21-2019-12-20-call,call,2019-12-20,2019-12-20,2019-12-23,16.0,2020-01-15,3037,44.75,0.01473922902494329,缺adj,,2019-12-20,44.1,21,TWSE(FMTQIK),complete
tx21-2019-12-20-call,call,2019-12-20,2019-12-20,2019-12-23,17.0,2020-01-16,3037,43.6,-0.0113378684807256,缺adj,,2019-12-20,44.1,21,TWSE(FMTQIK),complete
tx21-2019-12-20-call,call,2019-12-20,2019-12-20,2019-12-23,18.0,2020-01-17,3037,43.25,-0.01927437641723362,缺adj,,2019-12-20,44.1,21,TWSE(FMTQIK),complete
tx21-2019-12-20-call,call,2019-12-20,2019-12-20,2019-12-23,19.0,2020-01-20,3037,44.8,0.015873015873015817,缺adj,,2019-12-20,44.1,21,TWSE(FMTQIK),complete
tx21-2019-12-20-call,call,2019-12-20,2019-12-20,2019-12-23,20.0,2020-01-30,3037,40.35,-0.08503401360544216,缺adj,,2019-12-20,44.1,21,TWSE(FMTQIK),complete
tx21-2019-12-20-call,call,2019-12-20,2019-12-20,2019-12-23,0.0,2019-12-23,8046,47.6,-0.02857142857142858,缺adj,,2019-12-20,49.0,21,TWSE(FMTQIK),complete
tx21-2019-12-20-call,call,2019-12-20,2019-12-20,2019-12-23,1.0,2019-12-24,8046,47.5,-0.030612244897959218,缺adj,,2019-12-20,49.0,21,TWSE(FMTQIK),complete
tx21-2019-12-20-call,call,2019-12-20,2019-12-20,2019-12-23,2.0,2019-12-25,8046,47.95,-0.021428571428571352,缺adj,,2019-12-20,49.0,21,TWSE(FMTQIK),complete
tx21-2019-12-20-call,call,2019-12-20,2019-12-20,2019-12-23,3.0,2019-12-26,8046,47.2,-0.03673469387755102,缺adj,,2019-12-20,49.0,21,TWSE(FMTQIK),complete
tx21-2019-12-20-call,call,2019-12-20,2019-12-20,2019-12-23,4.0,2019-12-27,8046,47.05,-0.03979591836734697,缺adj,,2019-12-20,49.0,21,TWSE(FMTQIK),complete
tx21-2019-12-20-call,call,2019-12-20,2019-12-20,2019-12-23,5.0,2019-12-30,8046,45.9,-0.06326530612244896,缺adj,,2019-12-20,49.0,21,TWSE(FMTQIK),complete
tx21-2019-12-20-call,call,2019-12-20,2019-12-20,2019-12-23,6.0,2019-12-31,8046,45.95,-0.06224489795918364,缺adj,,2019-12-20,49.0,21,TWSE(FMTQIK),complete
tx21-2019-12-20-call,call,2019-12-20,2019-12-20,2019-12-23,7.0,2020-01-02,8046,47.9,-0.022448979591836782,缺adj,,2019-12-20,49.0,21,TWSE(FMTQIK),complete
tx21-2019-12-20-call,call,2019-12-20,2019-12-20,2019-12-23,8.0,2020-01-03,8046,46.65,-0.04795918367346941,缺adj,,2019-12-20,49.0,21,TWSE(FMTQIK),complete
tx21-2019-12-20-call,call,2019-12-20,2019-12-20,2019-12-23,9.0,2020-01-06,8046,44.55,-0.09081632653061233,缺adj,,2019-12-20,49.0,21,TWSE(FMTQIK),complete
tx21-2019-12-20-call,call,2019-12-20,2019-12-20,2019-12-23,10.0,2020-01-07,8046,45.4,-0.07346938775510203,缺adj,,2019-12-20,49.0,21,TWSE(FMTQIK),complete
tx21-2019-12-20-call,call,2019-12-20,2019-12-20,2019-12-23,11.0,2020-01-08,8046,45.15,-0.07857142857142863,缺adj,,2019-12-20,49.0,21,TWSE(FMTQIK),complete
tx21-2019-12-20-call,call,2019-12-20,2019-12-20,2019-12-23,12.0,2020-01-09,8046,45.4,-0.07346938775510203,缺adj,,2019-12-20,49.0,21,TWSE(FMTQIK),complete
tx21-2019-12-20-call,call,2019-12-20,2019-12-20,2019-12-23,13.0,2020-01-10,8046,46.75,-0.04591836734693877,缺adj,,2019-12-20,49.0,21,TWSE(FMTQIK),complete
tx21-2019-12-20-call,call,2019-12-20,2019-12-20,2019-12-23,14.0,2020-01-13,8046,50.0,0.020408163265306145,缺adj,,2019-12-20,49.0,21,TWSE(FMTQIK),complete
tx21-2019-12-20-call,call,2019-12-20,2019-12-20,2019-12-23,15.0,2020-01-14,8046,50.2,0.02448979591836742,缺adj,,2019-12-20,49.0,21,TWSE(FMTQIK),complete
tx21-2019-12-20-call,call,2019-12-20,2019-12-20,2019-12-23,16.0,2020-01-15,8046,49.9,0.01836734693877551,缺adj,,2019-12-20,49.0,21,TWSE(FMTQIK),complete
tx21-2019-12-20-call,call,2019-12-20,2019-12-20,2019-12-23,17.0,2020-01-16,8046,49.85,0.0173469387755103,缺adj,,2019-12-20,49.0,21,TWSE(FMTQIK),complete
tx21-2019-12-20-call,call,2019-12-20,2019-12-20,2019-12-23,18.0,2020-01-17,8046,50.2,0.02448979591836742,缺adj,,2019-12-20,49.0,21,TWSE(FMTQIK),complete
tx21-2019-12-20-call,call,2019-12-20,2019-12-20,2019-12-23,19.0,2020-01-20,8046,49.8,0.01632653061224487,缺adj,,2019-12-20,49.0,21,TWSE(FMTQIK),complete
tx21-2019-12-20-call,call,2019-12-20,2019-12-20,2019-12-23,20.0,2020-01-30,8046,44.85,-0.08469387755102042,缺adj,,2019-12-20,49.0,21,TWSE(FMTQIK),complete
tx21-2019-12-20-call,call,2019-12-20,2019-12-20,2019-12-23,0.0,2019-12-23,3189,52.2,-0.02063789868667909,缺adj,,2019-12-20,53.3,21,TWSE(FMTQIK),complete
tx21-2019-12-20-call,call,2019-12-20,2019-12-20,2019-12-23,1.0,2019-12-24,3189,51.8,-0.02814258911819889,缺adj,,2019-12-20,53.3,21,TWSE(FMTQIK),complete
tx21-2019-12-20-call,call,2019-12-20,2019-12-20,2019-12-23,2.0,2019-12-25,3189,51.9,-0.026266416510318913,缺adj,,2019-12-20,53.3,21,TWSE(FMTQIK),complete
tx21-2019-12-20-call,call,2019-12-20,2019-12-20,2019-12-23,3.0,2019-12-26,3189,51.5,-0.0337711069418386,缺adj,,2019-12-20,53.3,21,TWSE(FMTQIK),complete
tx21-2019-12-20-call,call,2019-12-20,2019-12-20,2019-12-23,4.0,2019-12-27,3189,52.4,-0.016885553470919246,缺adj,,2019-12-20,53.3,21,TWSE(FMTQIK),complete
tx21-2019-12-20-call,call,2019-12-20,2019-12-20,2019-12-23,5.0,2019-12-30,3189,51.9,-0.026266416510318913,缺adj,,2019-12-20,53.3,21,TWSE(FMTQIK),complete
tx21-2019-12-20-call,call,2019-12-20,2019-12-20,2019-12-23,6.0,2019-12-31,3189,51.8,-0.02814258911819889,缺adj,,2019-12-20,53.3,21,TWSE(FMTQIK),complete
tx21-2019-12-20-call,call,2019-12-20,2019-12-20,2019-12-23,7.0,2020-01-02,3189,51.5,-0.0337711069418386,缺adj,,2019-12-20,53.3,21,TWSE(FMTQIK),complete
tx21-2019-12-20-call,call,2019-12-20,2019-12-20,2019-12-23,8.0,2020-01-03,3189,51.0,-0.04315196998123827,缺adj,,2019-12-20,53.3,21,TWSE(FMTQIK),complete
tx21-2019-12-20-call,call,2019-12-20,2019-12-20,2019-12-23,9.0,2020-01-06,3189,49.1,-0.07879924953095674,缺adj,,2019-12-20,53.3,21,TWSE(FMTQIK),complete
tx21-2019-12-20-call,call,2019-12-20,2019-12-20,2019-12-23,10.0,2020-01-07,3189,47.95,-0.10037523452157593,缺adj,,2019-12-20,53.3,21,TWSE(FMTQIK),complete
tx21-2019-12-20-call,call,2019-12-20,2019-12-20,2019-12-23,11.0,2020-01-08,3189,47.95,-0.10037523452157593,缺adj,,2019-12-20,53.3,21,TWSE(FMTQIK),complete
tx21-2019-12-20-call,call,2019-12-20,2019-12-20,2019-12-23,12.0,2020-01-09,3189,48.0,-0.09943714821763594,缺adj,,2019-12-20,53.3,21,TWSE(FMTQIK),complete
tx21-2019-12-20-call,call,2019-12-20,2019-12-20,2019-12-23,13.0,2020-01-10,3189,48.2,-0.0956848030018761,缺adj,,2019-12-20,53.3,21,TWSE(FMTQIK),complete
tx21-2019-12-20-call,call,2019-12-20,2019-12-20,2019-12-23,14.0,2020-01-13,3189,49.65,-0.0684803001876172,缺adj,,2019-12-20,53.3,21,TWSE(FMTQIK),complete
tx21-2019-12-20-call,call,2019-12-20,2019-12-20,2019-12-23,15.0,2020-01-14,3189,50.3,-0.05628517823639778,缺adj,,2019-12-20,53.3,21,TWSE(FMTQIK),complete
tx21-2019-12-20-call,call,2019-12-20,2019-12-20,2019-12-23,16.0,2020-01-15,3189,49.95,-0.06285178236397737,缺adj,,2019-12-20,53.3,21,TWSE(FMTQIK),complete
tx21-2019-12-20-call,call,2019-12-20,2019-12-20,2019-12-23,17.0,2020-01-16,3189,48.9,-0.0825515947467167,缺adj,,2019-12-20,53.3,21,TWSE(FMTQIK),complete
tx21-2019-12-20-call,call,2019-12-20,2019-12-20,2019-12-23,18.0,2020-01-17,3189,50.0,-0.06191369606003749,缺adj,,2019-12-20,53.3,21,TWSE(FMTQIK),complete
tx21-2019-12-20-call,call,2019-12-20,2019-12-20,2019-12-23,19.0,2020-01-20,3189,50.6,-0.05065666041275785,缺adj,,2019-12-20,53.3,21,TWSE(FMTQIK),complete
tx21-2019-12-20-call,call,2019-12-20,2019-12-20,2019-12-23,20.0,2020-01-30,3189,45.55,-0.14540337711069418,缺adj,,2019-12-20,53.3,21,TWSE(FMTQIK),complete
tx21-2019-12-20-call,call,2019-12-20,2019-12-20,2019-12-23,0.0,2019-12-23,2368,15.3,-0.02857142857142858,缺adj,,2019-12-20,15.75,21,TWSE(FMTQIK),complete
tx21-2019-12-20-call,call,2019-12-20,2019-12-20,2019-12-23,1.0,2019-12-24,2368,15.6,-0.009523809523809601,缺adj,,2019-12-20,15.75,21,TWSE(FMTQIK),complete
tx21-2019-12-20-call,call,2019-12-20,2019-12-20,2019-12-23,2.0,2019-12-25,2368,15.8,0.0031746031746031633,缺adj,,2019-12-20,15.75,21,TWSE(FMTQIK),complete
tx21-2019-12-20-call,call,2019-12-20,2019-12-20,2019-12-23,3.0,2019-12-26,2368,16.2,0.02857142857142847,缺adj,,2019-12-20,15.75,21,TWSE(FMTQIK),complete
tx21-2019-12-20-call,call,2019-12-20,2019-12-20,2019-12-23,4.0,2019-12-27,2368,16.75,0.06349206349206349,缺adj,,2019-12-20,15.75,21,TWSE(FMTQIK),complete
tx21-2019-12-20-call,call,2019-12-20,2019-12-20,2019-12-23,5.0,2019-12-30,2368,16.8,0.06666666666666665,缺adj,,2019-12-20,15.75,21,TWSE(FMTQIK),complete
tx21-2019-12-20-call,call,2019-12-20,2019-12-20,2019-12-23,6.0,2019-12-31,2368,16.65,0.05714285714285716,缺adj,,2019-12-20,15.75,21,TWSE(FMTQIK),complete
tx21-2019-12-20-call,call,2019-12-20,2019-12-20,2019-12-23,7.0,2020-01-02,2368,16.85,0.06984126984127004,缺adj,,2019-12-20,15.75,21,TWSE(FMTQIK),complete
tx21-2019-12-20-call,call,2019-12-20,2019-12-20,2019-12-23,8.0,2020-01-03,2368,16.85,0.06984126984127004,缺adj,,2019-12-20,15.75,21,TWSE(FMTQIK),complete
tx21-2019-12-20-call,call,2019-12-20,2019-12-20,2019-12-23,9.0,2020-01-06,2368,17.4,0.10476190476190461,缺adj,,2019-12-20,15.75,21,TWSE(FMTQIK),complete
tx21-2019-12-20-call,call,2019-12-20,2019-12-20,2019-12-23,10.0,2020-01-07,2368,17.05,0.08253968253968269,缺adj,,2019-12-20,15.75,21,TWSE(FMTQIK),complete
tx21-2019-12-20-call,call,2019-12-20,2019-12-20,2019-12-23,11.0,2020-01-08,2368,17.15,0.0888888888888888,缺adj,,2019-12-20,15.75,21,TWSE(FMTQIK),complete
tx21-2019-12-20-call,call,2019-12-20,2019-12-20,2019-12-23,12.0,2020-01-09,2368,18.3,0.161904761904762,缺adj,,2019-12-20,15.75,21,TWSE(FMTQIK),complete
tx21-2019-12-20-call,call,2019-12-20,2019-12-20,2019-12-23,13.0,2020-01-10,2368,17.8,0.13015873015873014,缺adj,,2019-12-20,15.75,21,TWSE(FMTQIK),complete
tx21-2019-12-20-call,call,2019-12-20,2019-12-20,2019-12-23,14.0,2020-01-13,2368,17.85,0.13333333333333353,缺adj,,2019-12-20,15.75,21,TWSE(FMTQIK),complete
tx21-2019-12-20-call,call,2019-12-20,2019-12-20,2019-12-23,15.0,2020-01-14,2368,18.4,0.1682539682539681,缺adj,,2019-12-20,15.75,21,TWSE(FMTQIK),complete
tx21-2019-12-20-call,call,2019-12-20,2019-12-20,2019-12-23,16.0,2020-01-15,2368,18.1,0.14920634920634934,缺adj,,2019-12-20,15.75,21,TWSE(FMTQIK),complete
tx21-2019-12-20-call,call,2019-12-20,2019-12-20,2019-12-23,17.0,2020-01-16,2368,17.7,0.12380952380952381,缺adj,,2019-12-20,15.75,21,TWSE(FMTQIK),complete
tx21-2019-12-20-call,call,2019-12-20,2019-12-20,2019-12-23,18.0,2020-01-17,2368,18.0,0.1428571428571428,缺adj,,2019-12-20,15.75,21,TWSE(FMTQIK),complete
tx21-2019-12-20-call,call,2019-12-20,2019-12-20,2019-12-23,19.0,2020-01-20,2368,18.0,0.1428571428571428,缺adj,,2019-12-20,15.75,21,TWSE(FMTQIK),complete
tx21-2019-12-20-call,call,2019-12-20,2019-12-20,2019-12-23,20.0,2020-01-30,2368,16.2,0.02857142857142847,缺adj,,2019-12-20,15.75,21,TWSE(FMTQIK),complete
tx21-2019-12-20-call,call,2019-12-20,2019-12-20,2019-12-23,0.0,2019-12-23,2383,125.0,0.0,缺adj,,2019-12-20,125.0,21,TWSE(FMTQIK),complete
tx21-2019-12-20-call,call,2019-12-20,2019-12-20,2019-12-23,1.0,2019-12-24,2383,125.0,0.0,缺adj,,2019-12-20,125.0,21,TWSE(FMTQIK),complete
tx21-2019-12-20-call,call,2019-12-20,2019-12-20,2019-12-23,2.0,2019-12-25,2383,131.5,0.052000000000000046,缺adj,,2019-12-20,125.0,21,TWSE(FMTQIK),complete
tx21-2019-12-20-call,call,2019-12-20,2019-12-20,2019-12-23,3.0,2019-12-26,2383,135.5,0.08400000000000007,缺adj,,2019-12-20,125.0,21,TWSE(FMTQIK),complete
tx21-2019-12-20-call,call,2019-12-20,2019-12-20,2019-12-23,4.0,2019-12-27,2383,135.0,0.08000000000000007,缺adj,,2019-12-20,125.0,21,TWSE(FMTQIK),complete
tx21-2019-12-20-call,call,2019-12-20,2019-12-20,2019-12-23,5.0,2019-12-30,2383,136.5,0.09200000000000008,缺adj,,2019-12-20,125.0,21,TWSE(FMTQIK),complete
tx21-2019-12-20-call,call,2019-12-20,2019-12-20,2019-12-23,6.0,2019-12-31,2383,137.0,0.09600000000000009,缺adj,,2019-12-20,125.0,21,TWSE(FMTQIK),complete
tx21-2019-12-20-call,call,2019-12-20,2019-12-20,2019-12-23,7.0,2020-01-02,2383,137.5,0.10000000000000009,缺adj,,2019-12-20,125.0,21,TWSE(FMTQIK),complete
tx21-2019-12-20-call,call,2019-12-20,2019-12-20,2019-12-23,8.0,2020-01-03,2383,133.0,0.06400000000000006,缺adj,,2019-12-20,125.0,21,TWSE(FMTQIK),complete
tx21-2019-12-20-call,call,2019-12-20,2019-12-20,2019-12-23,9.0,2020-01-06,2383,132.0,0.05600000000000005,缺adj,,2019-12-20,125.0,21,TWSE(FMTQIK),complete
tx21-2019-12-20-call,call,2019-12-20,2019-12-20,2019-12-23,10.0,2020-01-07,2383,129.5,0.03600000000000003,缺adj,,2019-12-20,125.0,21,TWSE(FMTQIK),complete
tx21-2019-12-20-call,call,2019-12-20,2019-12-20,2019-12-23,11.0,2020-01-08,2383,127.0,0.016000000000000014,缺adj,,2019-12-20,125.0,21,TWSE(FMTQIK),complete
tx21-2019-12-20-call,call,2019-12-20,2019-12-20,2019-12-23,12.0,2020-01-09,2383,131.0,0.04800000000000004,缺adj,,2019-12-20,125.0,21,TWSE(FMTQIK),complete
tx21-2019-12-20-call,call,2019-12-20,2019-12-20,2019-12-23,13.0,2020-01-10,2383,129.0,0.03200000000000003,缺adj,,2019-12-20,125.0,21,TWSE(FMTQIK),complete
tx21-2019-12-20-call,call,2019-12-20,2019-12-20,2019-12-23,14.0,2020-01-13,2383,134.5,0.07600000000000007,缺adj,,2019-12-20,125.0,21,TWSE(FMTQIK),complete
tx21-2019-12-20-call,call,2019-12-20,2019-12-20,2019-12-23,15.0,2020-01-14,2383,136.0,0.08800000000000008,缺adj,,2019-12-20,125.0,21,TWSE(FMTQIK),complete
tx21-2019-12-20-call,call,2019-12-20,2019-12-20,2019-12-23,16.0,2020-01-15,2383,132.0,0.05600000000000005,缺adj,,2019-12-20,125.0,21,TWSE(FMTQIK),complete
tx21-2019-12-20-call,call,2019-12-20,2019-12-20,2019-12-23,17.0,2020-01-16,2383,134.5,0.07600000000000007,缺adj,,2019-12-20,125.0,21,TWSE(FMTQIK),complete
tx21-2019-12-20-call,call,2019-12-20,2019-12-20,2019-12-23,18.0,2020-01-17,2383,135.5,0.08400000000000007,缺adj,,2019-12-20,125.0,21,TWSE(FMTQIK),complete
tx21-2019-12-20-call,call,2019-12-20,2019-12-20,2019-12-23,19.0,2020-01-20,2383,136.0,0.08800000000000008,缺adj,,2019-12-20,125.0,21,TWSE(FMTQIK),complete
tx21-2019-12-20-call,call,2019-12-20,2019-12-20,2019-12-23,20.0,2020-01-30,2383,122.5,-0.020000000000000018,缺adj,,2019-12-20,125.0,21,TWSE(FMTQIK),complete
tx21-2019-12-20-call,call,2019-12-20,2019-12-20,2019-12-23,0.0,2019-12-23,6213,125.0,-0.03474903474903479,缺adj,,2019-12-20,129.5,21,TWSE(FMTQIK),complete
tx21-2019-12-20-call,call,2019-12-20,2019-12-20,2019-12-23,1.0,2019-12-24,6213,126.0,-0.027027027027026973,缺adj,,2019-12-20,129.5,21,TWSE(FMTQIK),complete
tx21-2019-12-20-call,call,2019-12-20,2019-12-20,2019-12-23,2.0,2019-12-25,6213,130.0,0.0038610038610038533,缺adj,,2019-12-20,129.5,21,TWSE(FMTQIK),complete
tx21-2019-12-20-call,call,2019-12-20,2019-12-20,2019-12-23,3.0,2019-12-26,6213,130.5,0.007722007722007707,缺adj,,2019-12-20,129.5,21,TWSE(FMTQIK),complete
tx21-2019-12-20-call,call,2019-12-20,2019-12-20,2019-12-23,4.0,2019-12-27,6213,129.0,-0.0038610038610038533,缺adj,,2019-12-20,129.5,21,TWSE(FMTQIK),complete
tx21-2019-12-20-call,call,2019-12-20,2019-12-20,2019-12-23,5.0,2019-12-30,6213,129.5,0.0,缺adj,,2019-12-20,129.5,21,TWSE(FMTQIK),complete
tx21-2019-12-20-call,call,2019-12-20,2019-12-20,2019-12-23,6.0,2019-12-31,6213,127.5,-0.015444015444015413,缺adj,,2019-12-20,129.5,21,TWSE(FMTQIK),complete
tx21-2019-12-20-call,call,2019-12-20,2019-12-20,2019-12-23,7.0,2020-01-02,6213,136.5,0.054054054054053946,缺adj,,2019-12-20,129.5,21,TWSE(FMTQIK),complete
tx21-2019-12-20-call,call,2019-12-20,2019-12-20,2019-12-23,8.0,2020-01-03,6213,130.0,0.0038610038610038533,缺adj,,2019-12-20,129.5,21,TWSE(FMTQIK),complete
tx21-2019-12-20-call,call,2019-12-20,2019-12-20,2019-12-23,9.0,2020-01-06,6213,130.0,0.0038610038610038533,缺adj,,2019-12-20,129.5,21,TWSE(FMTQIK),complete
tx21-2019-12-20-call,call,2019-12-20,2019-12-20,2019-12-23,10.0,2020-01-07,6213,131.5,0.015444015444015413,缺adj,,2019-12-20,129.5,21,TWSE(FMTQIK),complete
tx21-2019-12-20-call,call,2019-12-20,2019-12-20,2019-12-23,11.0,2020-01-08,6213,126.0,-0.027027027027026973,缺adj,,2019-12-20,129.5,21,TWSE(FMTQIK),complete
tx21-2019-12-20-call,call,2019-12-20,2019-12-20,2019-12-23,12.0,2020-01-09,6213,132.0,0.019305019305019266,缺adj,,2019-12-20,129.5,21,TWSE(FMTQIK),complete
tx21-2019-12-20-call,call,2019-12-20,2019-12-20,2019-12-23,13.0,2020-01-10,6213,131.0,0.01158301158301156,缺adj,,2019-12-20,129.5,21,TWSE(FMTQIK),complete
tx21-2019-12-20-call,call,2019-12-20,2019-12-20,2019-12-23,14.0,2020-01-13,6213,137.0,0.05791505791505802,缺adj,,2019-12-20,129.5,21,TWSE(FMTQIK),complete
tx21-2019-12-20-call,call,2019-12-20,2019-12-20,2019-12-23,15.0,2020-01-14,6213,139.5,0.07722007722007729,缺adj,,2019-12-20,129.5,21,TWSE(FMTQIK),complete
tx21-2019-12-20-call,call,2019-12-20,2019-12-20,2019-12-23,16.0,2020-01-15,6213,137.5,0.061776061776061875,缺adj,,2019-12-20,129.5,21,TWSE(FMTQIK),complete
tx21-2019-12-20-call,call,2019-12-20,2019-12-20,2019-12-23,17.0,2020-01-16,6213,139.0,0.07335907335907343,缺adj,,2019-12-20,129.5,21,TWSE(FMTQIK),complete
tx21-2019-12-20-call,call,2019-12-20,2019-12-20,2019-12-23,18.0,2020-01-17,6213,144.5,0.11583011583011582,缺adj,,2019-12-20,129.5,21,TWSE(FMTQIK),complete
tx21-2019-12-20-call,call,2019-12-20,2019-12-20,2019-12-23,19.0,2020-01-20,6213,147.0,0.1351351351351351,缺adj,,2019-12-20,129.5,21,TWSE(FMTQIK),complete
tx21-2019-12-20-call,call,2019-12-20,2019-12-20,2019-12-23,20.0,2020-01-30,6213,132.5,0.02316602316602312,缺adj,,2019-12-20,129.5,21,TWSE(FMTQIK),complete
tx21-2019-12-20-call,call,2019-12-20,2019-12-20,2019-12-23,0.0,2019-12-23,6274,143.0,0.0,缺adj,,2019-12-20,143.0,21,TWSE(FMTQIK),complete
tx21-2019-12-20-call,call,2019-12-20,2019-12-20,2019-12-23,1.0,2019-12-24,6274,142.5,-0.0034965034965035446,缺adj,,2019-12-20,143.0,21,TWSE(FMTQIK),complete
tx21-2019-12-20-call,call,2019-12-20,2019-12-20,2019-12-23,2.0,2019-12-25,6274,143.5,0.0034965034965035446,缺adj,,2019-12-20,143.0,21,TWSE(FMTQIK),complete
tx21-2019-12-20-call,call,2019-12-20,2019-12-20,2019-12-23,3.0,2019-12-26,6274,145.0,0.013986013986013957,缺adj,,2019-12-20,143.0,21,TWSE(FMTQIK),complete
tx21-2019-12-20-call,call,2019-12-20,2019-12-20,2019-12-23,4.0,2019-12-27,6274,144.0,0.006993006993007089,缺adj,,2019-12-20,143.0,21,TWSE(FMTQIK),complete
tx21-2019-12-20-call,call,2019-12-20,2019-12-20,2019-12-23,5.0,2019-12-30,6274,146.5,0.02447552447552437,缺adj,,2019-12-20,143.0,21,TWSE(FMTQIK),complete
tx21-2019-12-20-call,call,2019-12-20,2019-12-20,2019-12-23,6.0,2019-12-31,6274,148.0,0.034965034965035,缺adj,,2019-12-20,143.0,21,TWSE(FMTQIK),complete
tx21-2019-12-20-call,call,2019-12-20,2019-12-20,2019-12-23,7.0,2020-01-02,6274,145.5,0.0174825174825175,缺adj,,2019-12-20,143.0,21,TWSE(FMTQIK),complete
tx21-2019-12-20-call,call,2019-12-20,2019-12-20,2019-12-23,8.0,2020-01-03,6274,143.5,0.0034965034965035446,缺adj,,2019-12-20,143.0,21,TWSE(FMTQIK),complete
tx21-2019-12-20-call,call,2019-12-20,2019-12-20,2019-12-23,9.0,2020-01-06,6274,140.5,-0.0174825174825175,缺adj,,2019-12-20,143.0,21,TWSE(FMTQIK),complete
tx21-2019-12-20-call,call,2019-12-20,2019-12-20,2019-12-23,10.0,2020-01-07,6274,141.0,-0.013986013986013957,缺adj,,2019-12-20,143.0,21,TWSE(FMTQIK),complete
tx21-2019-12-20-call,call,2019-12-20,2019-12-20,2019-12-23,11.0,2020-01-08,6274,134.0,-0.06293706293706292,缺adj,,2019-12-20,143.0,21,TWSE(FMTQIK),complete
tx21-2019-12-20-call,call,2019-12-20,2019-12-20,2019-12-23,12.0,2020-01-09,6274,136.0,-0.04895104895104896,缺adj,,2019-12-20,143.0,21,TWSE(FMTQIK),complete
tx21-2019-12-20-call,call,2019-12-20,2019-12-20,2019-12-23,13.0,2020-01-10,6274,135.0,-0.05594405594405594,缺adj,,2019-12-20,143.0,21,TWSE(FMTQIK),complete
tx21-2019-12-20-call,call,2019-12-20,2019-12-20,2019-12-23,14.0,2020-01-13,6274,136.5,-0.045454545454545414,缺adj,,2019-12-20,143.0,21,TWSE(FMTQIK),complete
tx21-2019-12-20-call,call,2019-12-20,2019-12-20,2019-12-23,15.0,2020-01-14,6274,136.0,-0.04895104895104896,缺adj,,2019-12-20,143.0,21,TWSE(FMTQIK),complete
tx21-2019-12-20-call,call,2019-12-20,2019-12-20,2019-12-23,16.0,2020-01-15,6274,134.0,-0.06293706293706292,缺adj,,2019-12-20,143.0,21,TWSE(FMTQIK),complete
tx21-2019-12-20-call,call,2019-12-20,2019-12-20,2019-12-23,17.0,2020-01-16,6274,134.5,-0.05944055944055948,缺adj,,2019-12-20,143.0,21,TWSE(FMTQIK),complete
tx21-2019-12-20-call,call,2019-12-20,2019-12-20,2019-12-23,18.0,2020-01-17,6274,133.0,-0.0699300699300699,缺adj,,2019-12-20,143.0,21,TWSE(FMTQIK),complete
tx21-2019-12-20-call,call,2019-12-20,2019-12-20,2019-12-23,19.0,2020-01-20,6274,133.0,-0.0699300699300699,缺adj,,2019-12-20,143.0,21,TWSE(FMTQIK),complete
tx21-2019-12-20-call,call,2019-12-20,2019-12-20,2019-12-23,20.0,2020-01-30,6274,122.0,-0.14685314685314688,缺adj,,2019-12-20,143.0,21,TWSE(FMTQIK),complete
tx21-2019-12-20-call,call,2019-12-20,2019-12-20,2019-12-23,0.0,2019-12-23,2408,82.6,-0.010778443113772518,缺adj,,2019-12-20,83.5,21,TWSE(FMTQIK),complete
tx21-2019-12-20-call,call,2019-12-20,2019-12-20,2019-12-23,1.0,2019-12-24,2408,83.5,0.0,缺adj,,2019-12-20,83.5,21,TWSE(FMTQIK),complete
tx21-2019-12-20-call,call,2019-12-20,2019-12-20,2019-12-23,2.0,2019-12-25,2408,84.1,0.007185628742514938,缺adj,,2019-12-20,83.5,21,TWSE(FMTQIK),complete
tx21-2019-12-20-call,call,2019-12-20,2019-12-20,2019-12-23,3.0,2019-12-26,2408,83.7,0.0023952095808383866,缺adj,,2019-12-20,83.5,21,TWSE(FMTQIK),complete
tx21-2019-12-20-call,call,2019-12-20,2019-12-20,2019-12-23,4.0,2019-12-27,2408,83.6,0.0011976047904191933,缺adj,,2019-12-20,83.5,21,TWSE(FMTQIK),complete
tx21-2019-12-20-call,call,2019-12-20,2019-12-20,2019-12-23,5.0,2019-12-30,2408,84.5,0.011976047904191711,缺adj,,2019-12-20,83.5,21,TWSE(FMTQIK),complete
tx21-2019-12-20-call,call,2019-12-20,2019-12-20,2019-12-23,6.0,2019-12-31,2408,83.4,-0.0011976047904190823,缺adj,,2019-12-20,83.5,21,TWSE(FMTQIK),complete
tx21-2019-12-20-call,call,2019-12-20,2019-12-20,2019-12-23,7.0,2020-01-02,2408,86.0,0.029940119760478945,缺adj,,2019-12-20,83.5,21,TWSE(FMTQIK),complete
tx21-2019-12-20-call,call,2019-12-20,2019-12-20,2019-12-23,8.0,2020-01-03,2408,84.8,0.015568862275449069,缺adj,,2019-12-20,83.5,21,TWSE(FMTQIK),complete
tx21-2019-12-20-call,call,2019-12-20,2019-12-20,2019-12-23,9.0,2020-01-06,2408,83.7,0.0023952095808383866,缺adj,,2019-12-20,83.5,21,TWSE(FMTQIK),complete
tx21-2019-12-20-call,call,2019-12-20,2019-12-20,2019-12-23,10.0,2020-01-07,2408,81.1,-0.028742514970059974,缺adj,,2019-12-20,83.5,21,TWSE(FMTQIK),complete
tx21-2019-12-20-call,call,2019-12-20,2019-12-20,2019-12-23,11.0,2020-01-08,2408,82.6,-0.010778443113772518,缺adj,,2019-12-20,83.5,21,TWSE(FMTQIK),complete
tx21-2019-12-20-call,call,2019-12-20,2019-12-20,2019-12-23,12.0,2020-01-09,2408,83.4,-0.0011976047904190823,缺adj,,2019-12-20,83.5,21,TWSE(FMTQIK),complete
tx21-2019-12-20-call,call,2019-12-20,2019-12-20,2019-12-23,13.0,2020-01-10,2408,84.3,0.009580838323353325,缺adj,,2019-12-20,83.5,21,TWSE(FMTQIK),complete
tx21-2019-12-20-call,call,2019-12-20,2019-12-20,2019-12-23,14.0,2020-01-13,2408,85.5,0.0239520958083832,缺adj,,2019-12-20,83.5,21,TWSE(FMTQIK),complete
tx21-2019-12-20-call,call,2019-12-20,2019-12-20,2019-12-23,15.0,2020-01-14,2408,85.3,0.021556886227544814,缺adj,,2019-12-20,83.5,21,TWSE(FMTQIK),complete
tx21-2019-12-20-call,call,2019-12-20,2019-12-20,2019-12-23,16.0,2020-01-15,2408,83.8,0.003592814371257358,缺adj,,2019-12-20,83.5,21,TWSE(FMTQIK),complete
tx21-2019-12-20-call,call,2019-12-20,2019-12-20,2019-12-23,17.0,2020-01-16,2408,83.4,-0.0011976047904190823,缺adj,,2019-12-20,83.5,21,TWSE(FMTQIK),complete
tx21-2019-12-20-call,call,2019-12-20,2019-12-20,2019-12-23,18.0,2020-01-17,2408,83.6,0.0011976047904191933,缺adj,,2019-12-20,83.5,21,TWSE(FMTQIK),complete
tx21-2019-12-20-call,call,2019-12-20,2019-12-20,2019-12-23,19.0,2020-01-20,2408,85.2,0.020359281437125842,缺adj,,2019-12-20,83.5,21,TWSE(FMTQIK),complete
tx21-2019-12-20-call,call,2019-12-20,2019-12-20,2019-12-23,20.0,2020-01-30,2408,77.8,-0.06826347305389224,缺adj,,2019-12-20,83.5,21,TWSE(FMTQIK),complete
tx21-2019-12-20-call,call,2019-12-20,2019-12-20,2019-12-23,0.0,2019-12-23,2344,19.75,-0.002525252525252597,缺adj,,2019-12-20,19.8,21,TWSE(FMTQIK),complete
tx21-2019-12-20-call,call,2019-12-20,2019-12-20,2019-12-23,1.0,2019-12-24,2344,19.4,-0.020202020202020332,缺adj,,2019-12-20,19.8,21,TWSE(FMTQIK),complete
tx21-2019-12-20-call,call,2019-12-20,2019-12-20,2019-12-23,2.0,2019-12-25,2344,19.65,-0.00757575757575768,缺adj,,2019-12-20,19.8,21,TWSE(FMTQIK),complete
tx21-2019-12-20-call,call,2019-12-20,2019-12-20,2019-12-23,3.0,2019-12-26,2344,19.45,-0.017676767676767735,缺adj,,2019-12-20,19.8,21,TWSE(FMTQIK),complete
tx21-2019-12-20-call,call,2019-12-20,2019-12-20,2019-12-23,4.0,2019-12-27,2344,19.55,-0.012626262626262652,缺adj,,2019-12-20,19.8,21,TWSE(FMTQIK),complete
tx21-2019-12-20-call,call,2019-12-20,2019-12-20,2019-12-23,5.0,2019-12-30,2344,19.55,-0.012626262626262652,缺adj,,2019-12-20,19.8,21,TWSE(FMTQIK),complete
tx21-2019-12-20-call,call,2019-12-20,2019-12-20,2019-12-23,6.0,2019-12-31,2344,19.55,-0.012626262626262652,缺adj,,2019-12-20,19.8,21,TWSE(FMTQIK),complete
tx21-2019-12-20-call,call,2019-12-20,2019-12-20,2019-12-23,7.0,2020-01-02,2344,19.65,-0.00757575757575768,缺adj,,2019-12-20,19.8,21,TWSE(FMTQIK),complete
tx21-2019-12-20-call,call,2019-12-20,2019-12-20,2019-12-23,8.0,2020-01-03,2344,19.9,0.005050505050504972,缺adj,,2019-12-20,19.8,21,TWSE(FMTQIK),complete
tx21-2019-12-20-call,call,2019-12-20,2019-12-20,2019-12-23,9.0,2020-01-06,2344,19.45,-0.017676767676767735,缺adj,,2019-12-20,19.8,21,TWSE(FMTQIK),complete
tx21-2019-12-20-call,call,2019-12-20,2019-12-20,2019-12-23,10.0,2020-01-07,2344,19.05,-0.037878787878787845,缺adj,,2019-12-20,19.8,21,TWSE(FMTQIK),complete
tx21-2019-12-20-call,call,2019-12-20,2019-12-20,2019-12-23,11.0,2020-01-08,2344,19.1,-0.03535353535353536,缺adj,,2019-12-20,19.8,21,TWSE(FMTQIK),complete
tx21-2019-12-20-call,call,2019-12-20,2019-12-20,2019-12-23,12.0,2020-01-09,2344,19.3,-0.025252525252525304,缺adj,,2019-12-20,19.8,21,TWSE(FMTQIK),complete
tx21-2019-12-20-call,call,2019-12-20,2019-12-20,2019-12-23,13.0,2020-01-10,2344,19.15,-0.032828282828282984,缺adj,,2019-12-20,19.8,21,TWSE(FMTQIK),complete
tx21-2019-12-20-call,call,2019-12-20,2019-12-20,2019-12-23,14.0,2020-01-13,2344,19.55,-0.012626262626262652,缺adj,,2019-12-20,19.8,21,TWSE(FMTQIK),complete
tx21-2019-12-20-call,call,2019-12-20,2019-12-20,2019-12-23,15.0,2020-01-14,2344,19.6,-0.010101010101010055,缺adj,,2019-12-20,19.8,21,TWSE(FMTQIK),complete
tx21-2019-12-20-call,call,2019-12-20,2019-12-20,2019-12-23,16.0,2020-01-15,2344,19.15,-0.032828282828282984,缺adj,,2019-12-20,19.8,21,TWSE(FMTQIK),complete
tx21-2019-12-20-call,call,2019-12-20,2019-12-20,2019-12-23,17.0,2020-01-16,2344,19.25,-0.02777777777777779,缺adj,,2019-12-20,19.8,21,TWSE(FMTQIK),complete
tx21-2019-12-20-call,call,2019-12-20,2019-12-20,2019-12-23,18.0,2020-01-17,2344,19.05,-0.037878787878787845,缺adj,,2019-12-20,19.8,21,TWSE(FMTQIK),complete
tx21-2019-12-20-call,call,2019-12-20,2019-12-20,2019-12-23,19.0,2020-01-20,2344,19.2,-0.030303030303030387,缺adj,,2019-12-20,19.8,21,TWSE(FMTQIK),complete
tx21-2019-12-20-call,call,2019-12-20,2019-12-20,2019-12-23,20.0,2020-01-30,2344,17.3,-0.1262626262626263,缺adj,,2019-12-20,19.8,21,TWSE(FMTQIK),complete
tx21-2019-12-20-call,call,2019-12-20,2019-12-20,2019-12-23,0.0,2019-12-23,6770,,,MISSING(未上市，首筆 2020-12-09);缺adj,,2019-12-20,,0,TWSE(FMTQIK),complete
tx21-2019-12-20-call,call,2019-12-20,2019-12-20,2019-12-23,1.0,2019-12-24,6770,,,MISSING(未上市，首筆 2020-12-09);缺adj,,2019-12-20,,0,TWSE(FMTQIK),complete
tx21-2019-12-20-call,call,2019-12-20,2019-12-20,2019-12-23,2.0,2019-12-25,6770,,,MISSING(未上市，首筆 2020-12-09);缺adj,,2019-12-20,,0,TWSE(FMTQIK),complete
tx21-2019-12-20-call,call,2019-12-20,2019-12-20,2019-12-23,3.0,2019-12-26,6770,,,MISSING(未上市，首筆 2020-12-09);缺adj,,2019-12-20,,0,TWSE(FMTQIK),complete
tx21-2019-12-20-call,call,2019-12-20,2019-12-20,2019-12-23,4.0,2019-12-27,6770,,,MISSING(未上市，首筆 2020-12-09);缺adj,,2019-12-20,,0,TWSE(FMTQIK),complete
tx21-2019-12-20-call,call,2019-12-20,2019-12-20,2019-12-23,5.0,2019-12-30,6770,,,MISSING(未上市，首筆 2020-12-09);缺adj,,2019-12-20,,0,TWSE(FMTQIK),complete
tx21-2019-12-20-call,call,2019-12-20,2019-12-20,2019-12-23,6.0,2019-12-31,6770,,,MISSING(未上市，首筆 2020-12-09);缺adj,,2019-12-20,,0,TWSE(FMTQIK),complete
tx21-2019-12-20-call,call,2019-12-20,2019-12-20,2019-12-23,7.0,2020-01-02,6770,,,MISSING(未上市，首筆 2020-12-09);缺adj,,2019-12-20,,0,TWSE(FMTQIK),complete
tx21-2019-12-20-call,call,2019-12-20,2019-12-20,2019-12-23,8.0,2020-01-03,6770,,,MISSING(未上市，首筆 2020-12-09);缺adj,,2019-12-20,,0,TWSE(FMTQIK),complete
tx21-2019-12-20-call,call,2019-12-20,2019-12-20,2019-12-23,9.0,2020-01-06,6770,,,MISSING(未上市，首筆 2020-12-09);缺adj,,2019-12-20,,0,TWSE(FMTQIK),complete
tx21-2019-12-20-call,call,2019-12-20,2019-12-20,2019-12-23,10.0,2020-01-07,6770,,,MISSING(未上市，首筆 2020-12-09);缺adj,,2019-12-20,,0,TWSE(FMTQIK),complete
tx21-2019-12-20-call,call,2019-12-20,2019-12-20,2019-12-23,11.0,2020-01-08,6770,,,MISSING(未上市，首筆 2020-12-09);缺adj,,2019-12-20,,0,TWSE(FMTQIK),complete
tx21-2019-12-20-call,call,2019-12-20,2019-12-20,2019-12-23,12.0,2020-01-09,6770,,,MISSING(未上市，首筆 2020-12-09);缺adj,,2019-12-20,,0,TWSE(FMTQIK),complete
tx21-2019-12-20-call,call,2019-12-20,2019-12-20,2019-12-23,13.0,2020-01-10,6770,,,MISSING(未上市，首筆 2020-12-09);缺adj,,2019-12-20,,0,TWSE(FMTQIK),complete
tx21-2019-12-20-call,call,2019-12-20,2019-12-20,2019-12-23,14.0,2020-01-13,6770,,,MISSING(未上市，首筆 2020-12-09);缺adj,,2019-12-20,,0,TWSE(FMTQIK),complete
tx21-2019-12-20-call,call,2019-12-20,2019-12-20,2019-12-23,15.0,2020-01-14,6770,,,MISSING(未上市，首筆 2020-12-09);缺adj,,2019-12-20,,0,TWSE(FMTQIK),complete
tx21-2019-12-20-call,call,2019-12-20,2019-12-20,2019-12-23,16.0,2020-01-15,6770,,,MISSING(未上市，首筆 2020-12-09);缺adj,,2019-12-20,,0,TWSE(FMTQIK),complete
tx21-2019-12-20-call,call,2019-12-20,2019-12-20,2019-12-23,17.0,2020-01-16,6770,,,MISSING(未上市，首筆 2020-12-09);缺adj,,2019-12-20,,0,TWSE(FMTQIK),complete
tx21-2019-12-20-call,call,2019-12-20,2019-12-20,2019-12-23,18.0,2020-01-17,6770,,,MISSING(未上市，首筆 2020-12-09);缺adj,,2019-12-20,,0,TWSE(FMTQIK),complete
tx21-2019-12-20-call,call,2019-12-20,2019-12-20,2019-12-23,19.0,2020-01-20,6770,,,MISSING(未上市，首筆 2020-12-09);缺adj,,2019-12-20,,0,TWSE(FMTQIK),complete
tx21-2019-12-20-call,call,2019-12-20,2019-12-20,2019-12-23,20.0,2020-01-30,6770,,,MISSING(未上市，首筆 2020-12-09);缺adj,,2019-12-20,,0,TWSE(FMTQIK),complete
tx21-2019-12-20-call,call,2019-12-20,2019-12-20,2019-12-23,0.0,2019-12-23,3711,85.4,0.009456264775413947,缺adj,,2019-12-20,84.6,21,TWSE(FMTQIK),complete
tx21-2019-12-20-call,call,2019-12-20,2019-12-20,2019-12-23,1.0,2019-12-24,3711,84.8,0.0023640661938535423,缺adj,,2019-12-20,84.6,21,TWSE(FMTQIK),complete
tx21-2019-12-20-call,call,2019-12-20,2019-12-20,2019-12-23,2.0,2019-12-25,3711,83.9,-0.008274231678486843,缺adj,,2019-12-20,84.6,21,TWSE(FMTQIK),complete
tx21-2019-12-20-call,call,2019-12-20,2019-12-20,2019-12-23,3.0,2019-12-26,3711,83.5,-0.013002364066193817,缺adj,,2019-12-20,84.6,21,TWSE(FMTQIK),complete
tx21-2019-12-20-call,call,2019-12-20,2019-12-20,2019-12-23,4.0,2019-12-27,3711,85.2,0.007092198581560405,缺adj,,2019-12-20,84.6,21,TWSE(FMTQIK),complete
tx21-2019-12-20-call,call,2019-12-20,2019-12-20,2019-12-23,5.0,2019-12-30,3711,84.4,-0.0023640661938533203,缺adj,,2019-12-20,84.6,21,TWSE(FMTQIK),complete
tx21-2019-12-20-call,call,2019-12-20,2019-12-20,2019-12-23,6.0,2019-12-31,3711,83.2,-0.016548463356973908,缺adj,,2019-12-20,84.6,21,TWSE(FMTQIK),complete
tx21-2019-12-20-call,call,2019-12-20,2019-12-20,2019-12-23,7.0,2020-01-02,3711,82.8,-0.02127659574468077,缺adj,,2019-12-20,84.6,21,TWSE(FMTQIK),complete
tx21-2019-12-20-call,call,2019-12-20,2019-12-20,2019-12-23,8.0,2020-01-03,3711,81.8,-0.03309692671394793,缺adj,,2019-12-20,84.6,21,TWSE(FMTQIK),complete
tx21-2019-12-20-call,call,2019-12-20,2019-12-20,2019-12-23,9.0,2020-01-06,3711,78.7,-0.06973995271867606,缺adj,,2019-12-20,84.6,21,TWSE(FMTQIK),complete
tx21-2019-12-20-call,call,2019-12-20,2019-12-20,2019-12-23,10.0,2020-01-07,3711,78.7,-0.06973995271867606,缺adj,,2019-12-20,84.6,21,TWSE(FMTQIK),complete
tx21-2019-12-20-call,call,2019-12-20,2019-12-20,2019-12-23,11.0,2020-01-08,3711,77.4,-0.0851063829787233,缺adj,,2019-12-20,84.6,21,TWSE(FMTQIK),complete
tx21-2019-12-20-call,call,2019-12-20,2019-12-20,2019-12-23,12.0,2020-01-09,3711,79.8,-0.05673758865248224,缺adj,,2019-12-20,84.6,21,TWSE(FMTQIK),complete
tx21-2019-12-20-call,call,2019-12-20,2019-12-20,2019-12-23,13.0,2020-01-10,3711,79.6,-0.05910165484633567,缺adj,,2019-12-20,84.6,21,TWSE(FMTQIK),complete
tx21-2019-12-20-call,call,2019-12-20,2019-12-20,2019-12-23,14.0,2020-01-13,3711,80.7,-0.046099290780141744,缺adj,,2019-12-20,84.6,21,TWSE(FMTQIK),complete
tx21-2019-12-20-call,call,2019-12-20,2019-12-20,2019-12-23,15.0,2020-01-14,3711,81.2,-0.04018912529550822,缺adj,,2019-12-20,84.6,21,TWSE(FMTQIK),complete
tx21-2019-12-20-call,call,2019-12-20,2019-12-20,2019-12-23,16.0,2020-01-15,3711,81.1,-0.04137115839243499,缺adj,,2019-12-20,84.6,21,TWSE(FMTQIK),complete
tx21-2019-12-20-call,call,2019-12-20,2019-12-20,2019-12-23,17.0,2020-01-16,3711,79.3,-0.06264775413711576,缺adj,,2019-12-20,84.6,21,TWSE(FMTQIK),complete
tx21-2019-12-20-call,call,2019-12-20,2019-12-20,2019-12-23,18.0,2020-01-17,3711,79.3,-0.06264775413711576,缺adj,,2019-12-20,84.6,21,TWSE(FMTQIK),complete
tx21-2019-12-20-call,call,2019-12-20,2019-12-20,2019-12-23,19.0,2020-01-20,3711,79.0,-0.06619385342789597,缺adj,,2019-12-20,84.6,21,TWSE(FMTQIK),complete
tx21-2019-12-20-call,call,2019-12-20,2019-12-20,2019-12-23,20.0,2020-01-30,3711,74.1,-0.12411347517730498,缺adj,,2019-12-20,84.6,21,TWSE(FMTQIK),complete
tx21-2019-12-20-call,call,2019-12-20,2019-12-20,2019-12-23,0.0,2019-12-23,EW_TW,,-0.017533413754195547,n=10/11;缺adj,10.0,2019-12-20,,21,TWSE(FMTQIK),complete
tx21-2019-12-20-call,call,2019-12-20,2019-12-20,2019-12-23,1.0,2019-12-24,EW_TW,,-0.015859024145034983,n=10/11;缺adj,10.0,2019-12-20,,21,TWSE(FMTQIK),complete
tx21-2019-12-20-call,call,2019-12-20,2019-12-20,2019-12-23,2.0,2019-12-25,EW_TW,,-0.005278415401828251,n=10/11;缺adj,10.0,2019-12-20,,21,TWSE(FMTQIK),complete
tx21-2019-12-20-call,call,2019-12-20,2019-12-20,2019-12-23,3.0,2019-12-26,EW_TW,,-0.0032537483586416284,n=10/11;缺adj,10.0,2019-12-20,,21,TWSE(FMTQIK),complete
tx21-2019-12-20-call,call,2019-12-20,2019-12-20,2019-12-23,4.0,2019-12-27,EW_TW,,0.0030050579975961942,n=10/11;缺adj,10.0,2019-12-20,,21,TWSE(FMTQIK),complete
tx21-2019-12-20-call,call,2019-12-20,2019-12-20,2019-12-23,5.0,2019-12-30,EW_TW,,0.0038441992582160965,n=10/11;缺adj,10.0,2019-12-20,,21,TWSE(FMTQIK),complete
tx21-2019-12-20-call,call,2019-12-20,2019-12-20,2019-12-23,6.0,2019-12-31,EW_TW,,0.00042850111937909886,n=10/11;缺adj,10.0,2019-12-20,,21,TWSE(FMTQIK),complete
tx21-2019-12-20-call,call,2019-12-20,2019-12-20,2019-12-23,7.0,2020-01-02,EW_TW,,0.017490765280348108,n=10/11;缺adj,10.0,2019-12-20,,21,TWSE(FMTQIK),complete
tx21-2019-12-20-call,call,2019-12-20,2019-12-20,2019-12-23,8.0,2020-01-03,EW_TW,,0.00013288850177538557,n=10/11;缺adj,10.0,2019-12-20,,21,TWSE(FMTQIK),complete
tx21-2019-12-20-call,call,2019-12-20,2019-12-20,2019-12-23,9.0,2020-01-06,EW_TW,,-0.016985497237977442,n=10/11;缺adj,10.0,2019-12-20,,21,TWSE(FMTQIK),complete
tx21-2019-12-20-call,call,2019-12-20,2019-12-20,2019-12-23,10.0,2020-01-07,EW_TW,,-0.025370025733858124,n=10/11;缺adj,10.0,2019-12-20,,21,TWSE(FMTQIK),complete
tx21-2019-12-20-call,call,2019-12-20,2019-12-20,2019-12-23,11.0,2020-01-08,EW_TW,,-0.037802666552353384,n=10/11;缺adj,10.0,2019-12-20,,21,TWSE(FMTQIK),complete
tx21-2019-12-20-call,call,2019-12-20,2019-12-20,2019-12-23,12.0,2020-01-09,EW_TW,,-0.014499652014185859,n=10/11;缺adj,10.0,2019-12-20,,21,TWSE(FMTQIK),complete
tx21-2019-12-20-call,call,2019-12-20,2019-12-20,2019-12-23,13.0,2020-01-10,EW_TW,,-0.014470333673686164,n=10/11;缺adj,10.0,2019-12-20,,21,TWSE(FMTQIK),complete
tx21-2019-12-20-call,call,2019-12-20,2019-12-20,2019-12-23,14.0,2020-01-13,EW_TW,,0.013441310388122362,n=10/11;缺adj,10.0,2019-12-20,,21,TWSE(FMTQIK),complete
tx21-2019-12-20-call,call,2019-12-20,2019-12-20,2019-12-23,15.0,2020-01-14,EW_TW,,0.025347282308587925,n=10/11;缺adj,10.0,2019-12-20,,21,TWSE(FMTQIK),complete
tx21-2019-12-20-call,call,2019-12-20,2019-12-20,2019-12-23,16.0,2020-01-15,EW_TW,,0.010369351479562916,n=10/11;缺adj,10.0,2019-12-20,,21,TWSE(FMTQIK),complete
tx21-2019-12-20-call,call,2019-12-20,2019-12-20,2019-12-23,17.0,2020-01-16,EW_TW,,0.004556237657079321,n=10/11;缺adj,10.0,2019-12-20,,21,TWSE(FMTQIK),complete
tx21-2019-12-20-call,call,2019-12-20,2019-12-20,2019-12-23,18.0,2020-01-17,EW_TW,,0.011672997497280069,n=10/11;缺adj,10.0,2019-12-20,,21,TWSE(FMTQIK),complete
tx21-2019-12-20-call,call,2019-12-20,2019-12-20,2019-12-23,19.0,2020-01-20,EW_TW,,0.02014674918409104,n=10/11;缺adj,10.0,2019-12-20,,21,TWSE(FMTQIK),complete
tx21-2019-12-20-call,call,2019-12-20,2019-12-20,2019-12-23,20.0,2020-01-30,EW_TW,,-0.07488865378766756,n=10/11;缺adj,10.0,2019-12-20,,21,TWSE(FMTQIK),complete
tx21-2019-12-20-call,call,2019-12-20,2019-12-20,2019-12-23,0.0,2019-12-23,NET,17.34,-0.04304635761589415,缺adj,,2019-12-20,18.12,21,US(own bars),complete
tx21-2019-12-20-call,call,2019-12-20,2019-12-20,2019-12-23,1.0,2019-12-24,NET,17.35,-0.04249448123620303,缺adj,,2019-12-20,18.12,21,US(own bars),complete
tx21-2019-12-20-call,call,2019-12-20,2019-12-20,2019-12-23,2.0,2019-12-26,NET,17.18,-0.05187637969094927,缺adj,,2019-12-20,18.12,21,US(own bars),complete
tx21-2019-12-20-call,call,2019-12-20,2019-12-20,2019-12-23,3.0,2019-12-27,NET,16.69,-0.07891832229580575,缺adj,,2019-12-20,18.12,21,US(own bars),complete
tx21-2019-12-20-call,call,2019-12-20,2019-12-20,2019-12-23,4.0,2019-12-30,NET,17.21,-0.05022075055187636,缺adj,,2019-12-20,18.12,21,US(own bars),complete
tx21-2019-12-20-call,call,2019-12-20,2019-12-20,2019-12-23,5.0,2019-12-31,NET,17.06,-0.058498896247240695,缺adj,,2019-12-20,18.12,21,US(own bars),complete
tx21-2019-12-20-call,call,2019-12-20,2019-12-20,2019-12-23,6.0,2020-01-02,NET,17.03,-0.060154525386313495,缺adj,,2019-12-20,18.12,21,US(own bars),complete
tx21-2019-12-20-call,call,2019-12-20,2019-12-20,2019-12-23,7.0,2020-01-03,NET,17.17,-0.05242825607064017,缺adj,,2019-12-20,18.12,21,US(own bars),complete
tx21-2019-12-20-call,call,2019-12-20,2019-12-20,2019-12-23,8.0,2020-01-06,NET,17.69,-0.02373068432671077,缺adj,,2019-12-20,18.12,21,US(own bars),complete
tx21-2019-12-20-call,call,2019-12-20,2019-12-20,2019-12-23,9.0,2020-01-07,NET,17.67,-0.024834437086092676,缺adj,,2019-12-20,18.12,21,US(own bars),complete
tx21-2019-12-20-call,call,2019-12-20,2019-12-20,2019-12-23,10.0,2020-01-08,NET,17.78,-0.01876379690949226,缺adj,,2019-12-20,18.12,21,US(own bars),complete
tx21-2019-12-20-call,call,2019-12-20,2019-12-20,2019-12-23,11.0,2020-01-09,NET,17.02,-0.0607064017660045,缺adj,,2019-12-20,18.12,21,US(own bars),complete
tx21-2019-12-20-call,call,2019-12-20,2019-12-20,2019-12-23,12.0,2020-01-10,NET,17.48,-0.03532008830022082,缺adj,,2019-12-20,18.12,21,US(own bars),complete
tx21-2019-12-20-call,call,2019-12-20,2019-12-20,2019-12-23,13.0,2020-01-13,NET,18.36,0.013245033112582627,缺adj,,2019-12-20,18.12,21,US(own bars),complete
tx21-2019-12-20-call,call,2019-12-20,2019-12-20,2019-12-23,14.0,2020-01-14,NET,18.7,0.032008830022074886,缺adj,,2019-12-20,18.12,21,US(own bars),complete
tx21-2019-12-20-call,call,2019-12-20,2019-12-20,2019-12-23,15.0,2020-01-15,NET,18.85,0.04028697571743933,缺adj,,2019-12-20,18.12,21,US(own bars),complete
tx21-2019-12-20-call,call,2019-12-20,2019-12-20,2019-12-23,16.0,2020-01-16,NET,18.96,0.04635761589403975,缺adj,,2019-12-20,18.12,21,US(own bars),complete
tx21-2019-12-20-call,call,2019-12-20,2019-12-20,2019-12-23,17.0,2020-01-17,NET,18.6,0.026490066225165476,缺adj,,2019-12-20,18.12,21,US(own bars),complete
tx21-2019-12-20-call,call,2019-12-20,2019-12-20,2019-12-23,18.0,2020-01-21,NET,18.0,-0.0066225165562914245,缺adj,,2019-12-20,18.12,21,US(own bars),complete
tx21-2019-12-20-call,call,2019-12-20,2019-12-20,2019-12-23,19.0,2020-01-22,NET,18.05,-0.003863134657836609,缺adj,,2019-12-20,18.12,21,US(own bars),complete
tx21-2019-12-20-call,call,2019-12-20,2019-12-20,2019-12-23,20.0,2020-01-23,NET,18.17,0.0027593818984548157,缺adj,,2019-12-20,18.12,21,US(own bars),complete
tx22-2020-02-07-call,call,2020-02-07,2020-02-07,2020-02-10,0.0,2020-02-10,TAIEX,11574.07,-0.003335971224880052,缺adj,,2020-02-07,11612.81,21,TWSE(FMTQIK),complete
tx22-2020-02-07-call,call,2020-02-07,2020-02-07,2020-02-10,1.0,2020-02-11,TAIEX,11664.04,0.004411507636825407,缺adj,,2020-02-07,11612.81,21,TWSE(FMTQIK),complete
tx22-2020-02-07-call,call,2020-02-07,2020-02-07,2020-02-10,2.0,2020-02-12,TAIEX,11774.19,0.013896722670912576,缺adj,,2020-02-07,11612.81,21,TWSE(FMTQIK),complete
tx22-2020-02-07-call,call,2020-02-07,2020-02-07,2020-02-10,3.0,2020-02-13,TAIEX,11791.78,0.015411429275085098,缺adj,,2020-02-07,11612.81,21,TWSE(FMTQIK),complete
tx22-2020-02-07-call,call,2020-02-07,2020-02-07,2020-02-10,4.0,2020-02-14,TAIEX,11815.7,0.017471223588434004,缺adj,,2020-02-07,11612.81,21,TWSE(FMTQIK),complete
tx22-2020-02-07-call,call,2020-02-07,2020-02-07,2020-02-10,5.0,2020-02-17,TAIEX,11763.51,0.012977048621306997,缺adj,,2020-02-07,11612.81,21,TWSE(FMTQIK),complete
tx22-2020-02-07-call,call,2020-02-07,2020-02-07,2020-02-10,6.0,2020-02-18,TAIEX,11648.98,0.0031146638927184167,缺adj,,2020-02-07,11612.81,21,TWSE(FMTQIK),complete
tx22-2020-02-07-call,call,2020-02-07,2020-02-07,2020-02-10,7.0,2020-02-19,TAIEX,11758.84,0.012574906504110528,缺adj,,2020-02-07,11612.81,21,TWSE(FMTQIK),complete
tx22-2020-02-07-call,call,2020-02-07,2020-02-07,2020-02-10,8.0,2020-02-20,TAIEX,11725.09,0.009668633173194108,缺adj,,2020-02-07,11612.81,21,TWSE(FMTQIK),complete
tx22-2020-02-07-call,call,2020-02-07,2020-02-07,2020-02-10,9.0,2020-02-21,TAIEX,11686.35,0.006332661948313945,缺adj,,2020-02-07,11612.81,21,TWSE(FMTQIK),complete
tx22-2020-02-07-call,call,2020-02-07,2020-02-07,2020-02-10,10.0,2020-02-24,TAIEX,11534.87,-0.006711553878863019,缺adj,,2020-02-07,11612.81,21,TWSE(FMTQIK),complete
tx22-2020-02-07-call,call,2020-02-07,2020-02-07,2020-02-10,11.0,2020-02-25,TAIEX,11540.23,-0.0062499946180123445,缺adj,,2020-02-07,11612.81,21,TWSE(FMTQIK),complete
tx22-2020-02-07-call,call,2020-02-07,2020-02-07,2020-02-10,12.0,2020-02-26,TAIEX,11433.62,-0.01543037387161239,缺adj,,2020-02-07,11612.81,21,TWSE(FMTQIK),complete
tx22-2020-02-07-call,call,2020-02-07,2020-02-07,2020-02-10,13.0,2020-02-27,TAIEX,11292.17,-0.02761088832074232,缺adj,,2020-02-07,11612.81,21,TWSE(FMTQIK),complete
tx22-2020-02-07-call,call,2020-02-07,2020-02-07,2020-02-10,14.0,2020-03-02,TAIEX,11170.46,-0.03809155579054513,缺adj,,2020-02-07,11612.81,21,TWSE(FMTQIK),complete
tx22-2020-02-07-call,call,2020-02-07,2020-02-07,2020-02-10,15.0,2020-03-03,TAIEX,11327.72,-0.024549613745510346,缺adj,,2020-02-07,11612.81,21,TWSE(FMTQIK),complete
tx22-2020-02-07-call,call,2020-02-07,2020-02-07,2020-02-10,16.0,2020-03-04,TAIEX,11392.35,-0.018984207956558197,缺adj,,2020-02-07,11612.81,21,TWSE(FMTQIK),complete
tx22-2020-02-07-call,call,2020-02-07,2020-02-07,2020-02-10,17.0,2020-03-05,TAIEX,11514.82,-0.00843809551693342,缺adj,,2020-02-07,11612.81,21,TWSE(FMTQIK),complete
tx22-2020-02-07-call,call,2020-02-07,2020-02-07,2020-02-10,18.0,2020-03-06,TAIEX,11321.81,-0.025058534497679696,缺adj,,2020-02-07,11612.81,21,TWSE(FMTQIK),complete
tx22-2020-02-07-call,call,2020-02-07,2020-02-07,2020-02-10,19.0,2020-03-09,TAIEX,10977.64,-0.054695633528835885,缺adj,,2020-02-07,11612.81,21,TWSE(FMTQIK),complete
tx22-2020-02-07-call,call,2020-02-07,2020-02-07,2020-02-10,20.0,2020-03-10,TAIEX,11003.54,-0.05246533784673979,缺adj,,2020-02-07,11612.81,21,TWSE(FMTQIK),complete
tx22-2020-02-07-call,call,2020-02-07,2020-02-07,2020-02-10,0.0,2020-02-10,3037,39.85,0.024421593830334265,缺adj,,2020-02-07,38.9,21,TWSE(FMTQIK),complete
tx22-2020-02-07-call,call,2020-02-07,2020-02-07,2020-02-10,1.0,2020-02-11,3037,40.3,0.0359897172236503,缺adj,,2020-02-07,38.9,21,TWSE(FMTQIK),complete
tx22-2020-02-07-call,call,2020-02-07,2020-02-07,2020-02-10,2.0,2020-02-12,3037,42.85,0.10154241645244233,缺adj,,2020-02-07,38.9,21,TWSE(FMTQIK),complete
tx22-2020-02-07-call,call,2020-02-07,2020-02-07,2020-02-10,3.0,2020-02-13,3037,42.05,0.08097686375321334,缺adj,,2020-02-07,38.9,21,TWSE(FMTQIK),complete
tx22-2020-02-07-call,call,2020-02-07,2020-02-07,2020-02-10,4.0,2020-02-14,3037,41.5,0.06683804627249357,缺adj,,2020-02-07,38.9,21,TWSE(FMTQIK),complete
tx22-2020-02-07-call,call,2020-02-07,2020-02-07,2020-02-10,5.0,2020-02-17,3037,41.35,0.0629820051413883,缺adj,,2020-02-07,38.9,21,TWSE(FMTQIK),complete
tx22-2020-02-07-call,call,2020-02-07,2020-02-07,2020-02-10,6.0,2020-02-18,3037,41.1,0.05655526992287929,缺adj,,2020-02-07,38.9,21,TWSE(FMTQIK),complete
tx22-2020-02-07-call,call,2020-02-07,2020-02-07,2020-02-10,7.0,2020-02-19,3037,41.75,0.07326478149100257,缺adj,,2020-02-07,38.9,21,TWSE(FMTQIK),complete
tx22-2020-02-07-call,call,2020-02-07,2020-02-07,2020-02-10,8.0,2020-02-20,3037,42.0,0.07969151670951158,缺adj,,2020-02-07,38.9,21,TWSE(FMTQIK),complete
tx22-2020-02-07-call,call,2020-02-07,2020-02-07,2020-02-10,9.0,2020-02-21,3037,41.7,0.07197943444730082,缺adj,,2020-02-07,38.9,21,TWSE(FMTQIK),complete
tx22-2020-02-07-call,call,2020-02-07,2020-02-07,2020-02-10,10.0,2020-02-24,3037,42.45,0.09125964010282783,缺adj,,2020-02-07,38.9,21,TWSE(FMTQIK),complete
tx22-2020-02-07-call,call,2020-02-07,2020-02-07,2020-02-10,11.0,2020-02-25,3037,41.75,0.07326478149100257,缺adj,,2020-02-07,38.9,21,TWSE(FMTQIK),complete
tx22-2020-02-07-call,call,2020-02-07,2020-02-07,2020-02-10,12.0,2020-02-26,3037,41.25,0.06041131105398456,缺adj,,2020-02-07,38.9,21,TWSE(FMTQIK),complete
tx22-2020-02-07-call,call,2020-02-07,2020-02-07,2020-02-10,13.0,2020-02-27,3037,40.0,0.028277634961439535,缺adj,,2020-02-07,38.9,21,TWSE(FMTQIK),complete
tx22-2020-02-07-call,call,2020-02-07,2020-02-07,2020-02-10,14.0,2020-03-02,3037,39.25,0.00899742930591274,缺adj,,2020-02-07,38.9,21,TWSE(FMTQIK),complete
tx22-2020-02-07-call,call,2020-02-07,2020-02-07,2020-02-10,15.0,2020-03-03,3037,41.45,0.06555269922879181,缺adj,,2020-02-07,38.9,21,TWSE(FMTQIK),complete
tx22-2020-02-07-call,call,2020-02-07,2020-02-07,2020-02-10,16.0,2020-03-04,3037,41.4,0.06426735218509005,缺adj,,2020-02-07,38.9,21,TWSE(FMTQIK),complete
tx22-2020-02-07-call,call,2020-02-07,2020-02-07,2020-02-10,17.0,2020-03-05,3037,41.9,0.07712082262210807,缺adj,,2020-02-07,38.9,21,TWSE(FMTQIK),complete
tx22-2020-02-07-call,call,2020-02-07,2020-02-07,2020-02-10,18.0,2020-03-06,3037,41.6,0.0694087403598973,缺adj,,2020-02-07,38.9,21,TWSE(FMTQIK),complete
tx22-2020-02-07-call,call,2020-02-07,2020-02-07,2020-02-10,19.0,2020-03-09,3037,39.5,0.015424164524421524,缺adj,,2020-02-07,38.9,21,TWSE(FMTQIK),complete
tx22-2020-02-07-call,call,2020-02-07,2020-02-07,2020-02-10,20.0,2020-03-10,3037,38.95,0.0012853470437019787,缺adj,,2020-02-07,38.9,21,TWSE(FMTQIK),complete
tx22-2020-02-07-call,call,2020-02-07,2020-02-07,2020-02-10,0.0,2020-02-10,8046,42.9,-0.03919372900335949,缺adj,,2020-02-07,44.65,21,TWSE(FMTQIK),complete
tx22-2020-02-07-call,call,2020-02-07,2020-02-07,2020-02-10,1.0,2020-02-11,8046,45.05,0.008958566629339249,缺adj,,2020-02-07,44.65,21,TWSE(FMTQIK),complete
tx22-2020-02-07-call,call,2020-02-07,2020-02-07,2020-02-10,2.0,2020-02-12,8046,47.0,0.05263157894736836,缺adj,,2020-02-07,44.65,21,TWSE(FMTQIK),complete
tx22-2020-02-07-call,call,2020-02-07,2020-02-07,2020-02-10,3.0,2020-02-13,8046,47.5,0.06382978723404253,缺adj,,2020-02-07,44.65,21,TWSE(FMTQIK),complete
tx22-2020-02-07-call,call,2020-02-07,2020-02-07,2020-02-10,4.0,2020-02-14,8046,47.7,0.06830907054871238,缺adj,,2020-02-07,44.65,21,TWSE(FMTQIK),complete
tx22-2020-02-07-call,call,2020-02-07,2020-02-07,2020-02-10,5.0,2020-02-17,8046,47.0,0.05263157894736836,缺adj,,2020-02-07,44.65,21,TWSE(FMTQIK),complete
tx22-2020-02-07-call,call,2020-02-07,2020-02-07,2020-02-10,6.0,2020-02-18,8046,47.1,0.054871220604703286,缺adj,,2020-02-07,44.65,21,TWSE(FMTQIK),complete
tx22-2020-02-07-call,call,2020-02-07,2020-02-07,2020-02-10,7.0,2020-02-19,8046,48.55,0.08734602463605823,缺adj,,2020-02-07,44.65,21,TWSE(FMTQIK),complete
tx22-2020-02-07-call,call,2020-02-07,2020-02-07,2020-02-10,8.0,2020-02-20,8046,50.8,0.1377379619260919,缺adj,,2020-02-07,44.65,21,TWSE(FMTQIK),complete
tx22-2020-02-07-call,call,2020-02-07,2020-02-07,2020-02-10,9.0,2020-02-21,8046,55.8,0.24972004479283316,缺adj,,2020-02-07,44.65,21,TWSE(FMTQIK),complete
tx22-2020-02-07-call,call,2020-02-07,2020-02-07,2020-02-10,10.0,2020-02-24,8046,56.9,0.2743561030235162,缺adj,,2020-02-07,44.65,21,TWSE(FMTQIK),complete
tx22-2020-02-07-call,call,2020-02-07,2020-02-07,2020-02-10,11.0,2020-02-25,8046,55.3,0.238521836506159,缺adj,,2020-02-07,44.65,21,TWSE(FMTQIK),complete
tx22-2020-02-07-call,call,2020-02-07,2020-02-07,2020-02-10,12.0,2020-02-26,8046,55.2,0.2362821948488243,缺adj,,2020-02-07,44.65,21,TWSE(FMTQIK),complete
tx22-2020-02-07-call,call,2020-02-07,2020-02-07,2020-02-10,13.0,2020-02-27,8046,53.0,0.18701007838745798,缺adj,,2020-02-07,44.65,21,TWSE(FMTQIK),complete
tx22-2020-02-07-call,call,2020-02-07,2020-02-07,2020-02-10,14.0,2020-03-02,8046,56.0,0.2541993281075028,缺adj,,2020-02-07,44.65,21,TWSE(FMTQIK),complete
tx22-2020-02-07-call,call,2020-02-07,2020-02-07,2020-02-10,15.0,2020-03-03,8046,55.5,0.24300111982082861,缺adj,,2020-02-07,44.65,21,TWSE(FMTQIK),complete
tx22-2020-02-07-call,call,2020-02-07,2020-02-07,2020-02-10,16.0,2020-03-04,8046,56.2,0.25867861142217263,缺adj,,2020-02-07,44.65,21,TWSE(FMTQIK),complete
tx22-2020-02-07-call,call,2020-02-07,2020-02-07,2020-02-10,17.0,2020-03-05,8046,56.1,0.2564389697648377,缺adj,,2020-02-07,44.65,21,TWSE(FMTQIK),complete
tx22-2020-02-07-call,call,2020-02-07,2020-02-07,2020-02-10,18.0,2020-03-06,8046,57.4,0.2855543113101904,缺adj,,2020-02-07,44.65,21,TWSE(FMTQIK),complete
tx22-2020-02-07-call,call,2020-02-07,2020-02-07,2020-02-10,19.0,2020-03-09,8046,55.0,0.23180291153415467,缺adj,,2020-02-07,44.65,21,TWSE(FMTQIK),complete
tx22-2020-02-07-call,call,2020-02-07,2020-02-07,2020-02-10,20.0,2020-03-10,8046,56.0,0.2541993281075028,缺adj,,2020-02-07,44.65,21,TWSE(FMTQIK),complete
tx22-2020-02-07-call,call,2020-02-07,2020-02-07,2020-02-10,0.0,2020-02-10,3189,48.75,-0.028884462151394508,缺adj,,2020-02-07,50.2,21,TWSE(FMTQIK),complete
tx22-2020-02-07-call,call,2020-02-07,2020-02-07,2020-02-10,1.0,2020-02-11,3189,51.2,0.019920318725099584,缺adj,,2020-02-07,50.2,21,TWSE(FMTQIK),complete
tx22-2020-02-07-call,call,2020-02-07,2020-02-07,2020-02-10,2.0,2020-02-12,3189,52.7,0.04980079681274896,缺adj,,2020-02-07,50.2,21,TWSE(FMTQIK),complete
tx22-2020-02-07-call,call,2020-02-07,2020-02-07,2020-02-10,3.0,2020-02-13,3189,53.0,0.055776892430278835,缺adj,,2020-02-07,50.2,21,TWSE(FMTQIK),complete
tx22-2020-02-07-call,call,2020-02-07,2020-02-07,2020-02-10,4.0,2020-02-14,3189,53.0,0.055776892430278835,缺adj,,2020-02-07,50.2,21,TWSE(FMTQIK),complete
tx22-2020-02-07-call,call,2020-02-07,2020-02-07,2020-02-10,5.0,2020-02-17,3189,54.2,0.07968127490039834,缺adj,,2020-02-07,50.2,21,TWSE(FMTQIK),complete
tx22-2020-02-07-call,call,2020-02-07,2020-02-07,2020-02-10,6.0,2020-02-18,3189,52.4,0.043824701195219085,缺adj,,2020-02-07,50.2,21,TWSE(FMTQIK),complete
tx22-2020-02-07-call,call,2020-02-07,2020-02-07,2020-02-10,7.0,2020-02-19,3189,53.7,0.06972111553784854,缺adj,,2020-02-07,50.2,21,TWSE(FMTQIK),complete
tx22-2020-02-07-call,call,2020-02-07,2020-02-07,2020-02-10,8.0,2020-02-20,3189,54.1,0.07768924302788838,缺adj,,2020-02-07,50.2,21,TWSE(FMTQIK),complete
tx22-2020-02-07-call,call,2020-02-07,2020-02-07,2020-02-10,9.0,2020-02-21,3189,54.2,0.07968127490039834,缺adj,,2020-02-07,50.2,21,TWSE(FMTQIK),complete
tx22-2020-02-07-call,call,2020-02-07,2020-02-07,2020-02-10,10.0,2020-02-24,3189,55.8,0.11155378486055767,缺adj,,2020-02-07,50.2,21,TWSE(FMTQIK),complete
tx22-2020-02-07-call,call,2020-02-07,2020-02-07,2020-02-10,11.0,2020-02-25,3189,54.3,0.0816733067729083,缺adj,,2020-02-07,50.2,21,TWSE(FMTQIK),complete
tx22-2020-02-07-call,call,2020-02-07,2020-02-07,2020-02-10,12.0,2020-02-26,3189,52.6,0.047808764940239,缺adj,,2020-02-07,50.2,21,TWSE(FMTQIK),complete
tx22-2020-02-07-call,call,2020-02-07,2020-02-07,2020-02-10,13.0,2020-02-27,3189,51.6,0.027888446215139417,缺adj,,2020-02-07,50.2,21,TWSE(FMTQIK),complete
tx22-2020-02-07-call,call,2020-02-07,2020-02-07,2020-02-10,14.0,2020-03-02,3189,52.8,0.05179282868525892,缺adj,,2020-02-07,50.2,21,TWSE(FMTQIK),complete
tx22-2020-02-07-call,call,2020-02-07,2020-02-07,2020-02-10,15.0,2020-03-03,3189,52.6,0.047808764940239,缺adj,,2020-02-07,50.2,21,TWSE(FMTQIK),complete
tx22-2020-02-07-call,call,2020-02-07,2020-02-07,2020-02-10,16.0,2020-03-04,3189,52.7,0.04980079681274896,缺adj,,2020-02-07,50.2,21,TWSE(FMTQIK),complete
tx22-2020-02-07-call,call,2020-02-07,2020-02-07,2020-02-10,17.0,2020-03-05,3189,52.5,0.04581673306772904,缺adj,,2020-02-07,50.2,21,TWSE(FMTQIK),complete
tx22-2020-02-07-call,call,2020-02-07,2020-02-07,2020-02-10,18.0,2020-03-06,3189,52.7,0.04980079681274896,缺adj,,2020-02-07,50.2,21,TWSE(FMTQIK),complete
tx22-2020-02-07-call,call,2020-02-07,2020-02-07,2020-02-10,19.0,2020-03-09,3189,49.2,-0.019920318725099584,缺adj,,2020-02-07,50.2,21,TWSE(FMTQIK),complete
tx22-2020-02-07-call,call,2020-02-07,2020-02-07,2020-02-10,20.0,2020-03-10,3189,49.6,-0.01195219123505975,缺adj,,2020-02-07,50.2,21,TWSE(FMTQIK),complete
tx22-2020-02-07-call,call,2020-02-07,2020-02-07,2020-02-10,0.0,2020-02-10,2368,14.4,0.006993006993006867,缺adj,,2020-02-07,14.3,21,TWSE(FMTQIK),complete
tx22-2020-02-07-call,call,2020-02-07,2020-02-07,2020-02-10,1.0,2020-02-11,2368,14.85,0.038461538461538325,缺adj,,2020-02-07,14.3,21,TWSE(FMTQIK),complete
tx22-2020-02-07-call,call,2020-02-07,2020-02-07,2020-02-10,2.0,2020-02-12,2368,15.5,0.08391608391608396,缺adj,,2020-02-07,14.3,21,TWSE(FMTQIK),complete
tx22-2020-02-07-call,call,2020-02-07,2020-02-07,2020-02-10,3.0,2020-02-13,2368,15.25,0.06643356643356646,缺adj,,2020-02-07,14.3,21,TWSE(FMTQIK),complete
tx22-2020-02-07-call,call,2020-02-07,2020-02-07,2020-02-10,4.0,2020-02-14,2368,15.75,0.10139860139860124,缺adj,,2020-02-07,14.3,21,TWSE(FMTQIK),complete
tx22-2020-02-07-call,call,2020-02-07,2020-02-07,2020-02-10,5.0,2020-02-17,2368,15.55,0.0874125874125875,缺adj,,2020-02-07,14.3,21,TWSE(FMTQIK),complete
tx22-2020-02-07-call,call,2020-02-07,2020-02-07,2020-02-10,6.0,2020-02-18,2368,15.7,0.0979020979020977,缺adj,,2020-02-07,14.3,21,TWSE(FMTQIK),complete
tx22-2020-02-07-call,call,2020-02-07,2020-02-07,2020-02-10,7.0,2020-02-19,2368,15.7,0.0979020979020977,缺adj,,2020-02-07,14.3,21,TWSE(FMTQIK),complete
tx22-2020-02-07-call,call,2020-02-07,2020-02-07,2020-02-10,8.0,2020-02-20,2368,15.85,0.10839160839160833,缺adj,,2020-02-07,14.3,21,TWSE(FMTQIK),complete
tx22-2020-02-07-call,call,2020-02-07,2020-02-07,2020-02-10,9.0,2020-02-21,2368,16.1,0.12587412587412583,缺adj,,2020-02-07,14.3,21,TWSE(FMTQIK),complete
tx22-2020-02-07-call,call,2020-02-07,2020-02-07,2020-02-10,10.0,2020-02-24,2368,15.65,0.09440559440559437,缺adj,,2020-02-07,14.3,21,TWSE(FMTQIK),complete
tx22-2020-02-07-call,call,2020-02-07,2020-02-07,2020-02-10,11.0,2020-02-25,2368,15.95,0.1153846153846152,缺adj,,2020-02-07,14.3,21,TWSE(FMTQIK),complete
tx22-2020-02-07-call,call,2020-02-07,2020-02-07,2020-02-10,12.0,2020-02-26,2368,15.45,0.08041958041958042,缺adj,,2020-02-07,14.3,21,TWSE(FMTQIK),complete
tx22-2020-02-07-call,call,2020-02-07,2020-02-07,2020-02-10,13.0,2020-02-27,2368,14.8,0.034965034965035,缺adj,,2020-02-07,14.3,21,TWSE(FMTQIK),complete
tx22-2020-02-07-call,call,2020-02-07,2020-02-07,2020-02-10,14.0,2020-03-02,2368,15.5,0.08391608391608396,缺adj,,2020-02-07,14.3,21,TWSE(FMTQIK),complete
tx22-2020-02-07-call,call,2020-02-07,2020-02-07,2020-02-10,15.0,2020-03-03,2368,17.05,0.1923076923076923,缺adj,,2020-02-07,14.3,21,TWSE(FMTQIK),complete
tx22-2020-02-07-call,call,2020-02-07,2020-02-07,2020-02-10,16.0,2020-03-04,2368,17.75,0.24125874125874125,缺adj,,2020-02-07,14.3,21,TWSE(FMTQIK),complete
tx22-2020-02-07-call,call,2020-02-07,2020-02-07,2020-02-10,17.0,2020-03-05,2368,18.5,0.29370629370629375,缺adj,,2020-02-07,14.3,21,TWSE(FMTQIK),complete
tx22-2020-02-07-call,call,2020-02-07,2020-02-07,2020-02-10,18.0,2020-03-06,2368,20.1,0.4055944055944056,缺adj,,2020-02-07,14.3,21,TWSE(FMTQIK),complete
tx22-2020-02-07-call,call,2020-02-07,2020-02-07,2020-02-10,19.0,2020-03-09,2368,18.65,0.30419580419580394,缺adj,,2020-02-07,14.3,21,TWSE(FMTQIK),complete
tx22-2020-02-07-call,call,2020-02-07,2020-02-07,2020-02-10,20.0,2020-03-10,2368,20.5,0.43356643356643354,缺adj,,2020-02-07,14.3,21,TWSE(FMTQIK),complete
tx22-2020-02-07-call,call,2020-02-07,2020-02-07,2020-02-10,0.0,2020-02-10,2383,117.5,0.0,缺adj,,2020-02-07,117.5,21,TWSE(FMTQIK),complete
tx22-2020-02-07-call,call,2020-02-07,2020-02-07,2020-02-10,1.0,2020-02-11,2383,120.5,0.025531914893617058,缺adj,,2020-02-07,117.5,21,TWSE(FMTQIK),complete
tx22-2020-02-07-call,call,2020-02-07,2020-02-07,2020-02-10,2.0,2020-02-12,2383,127.5,0.0851063829787233,缺adj,,2020-02-07,117.5,21,TWSE(FMTQIK),complete
tx22-2020-02-07-call,call,2020-02-07,2020-02-07,2020-02-10,3.0,2020-02-13,2383,127.5,0.0851063829787233,缺adj,,2020-02-07,117.5,21,TWSE(FMTQIK),complete
tx22-2020-02-07-call,call,2020-02-07,2020-02-07,2020-02-10,4.0,2020-02-14,2383,128.5,0.09361702127659566,缺adj,,2020-02-07,117.5,21,TWSE(FMTQIK),complete
tx22-2020-02-07-call,call,2020-02-07,2020-02-07,2020-02-10,5.0,2020-02-17,2383,128.5,0.09361702127659566,缺adj,,2020-02-07,117.5,21,TWSE(FMTQIK),complete
tx22-2020-02-07-call,call,2020-02-07,2020-02-07,2020-02-10,6.0,2020-02-18,2383,128.5,0.09361702127659566,缺adj,,2020-02-07,117.5,21,TWSE(FMTQIK),complete
tx22-2020-02-07-call,call,2020-02-07,2020-02-07,2020-02-10,7.0,2020-02-19,2383,127.5,0.0851063829787233,缺adj,,2020-02-07,117.5,21,TWSE(FMTQIK),complete
tx22-2020-02-07-call,call,2020-02-07,2020-02-07,2020-02-10,8.0,2020-02-20,2383,127.5,0.0851063829787233,缺adj,,2020-02-07,117.5,21,TWSE(FMTQIK),complete
tx22-2020-02-07-call,call,2020-02-07,2020-02-07,2020-02-10,9.0,2020-02-21,2383,125.5,0.06808510638297882,缺adj,,2020-02-07,117.5,21,TWSE(FMTQIK),complete
tx22-2020-02-07-call,call,2020-02-07,2020-02-07,2020-02-10,10.0,2020-02-24,2383,126.5,0.07659574468085117,缺adj,,2020-02-07,117.5,21,TWSE(FMTQIK),complete
tx22-2020-02-07-call,call,2020-02-07,2020-02-07,2020-02-10,11.0,2020-02-25,2383,127.0,0.08085106382978724,缺adj,,2020-02-07,117.5,21,TWSE(FMTQIK),complete
tx22-2020-02-07-call,call,2020-02-07,2020-02-07,2020-02-10,12.0,2020-02-26,2383,128.0,0.08936170212765959,缺adj,,2020-02-07,117.5,21,TWSE(FMTQIK),complete
tx22-2020-02-07-call,call,2020-02-07,2020-02-07,2020-02-10,13.0,2020-02-27,2383,120.0,0.02127659574468077,缺adj,,2020-02-07,117.5,21,TWSE(FMTQIK),complete
tx22-2020-02-07-call,call,2020-02-07,2020-02-07,2020-02-10,14.0,2020-03-02,2383,119.0,0.012765957446808418,缺adj,,2020-02-07,117.5,21,TWSE(FMTQIK),complete
tx22-2020-02-07-call,call,2020-02-07,2020-02-07,2020-02-10,15.0,2020-03-03,2383,123.5,0.051063829787234116,缺adj,,2020-02-07,117.5,21,TWSE(FMTQIK),complete
tx22-2020-02-07-call,call,2020-02-07,2020-02-07,2020-02-10,16.0,2020-03-04,2383,122.5,0.042553191489361764,缺adj,,2020-02-07,117.5,21,TWSE(FMTQIK),complete
tx22-2020-02-07-call,call,2020-02-07,2020-02-07,2020-02-10,17.0,2020-03-05,2383,123.5,0.051063829787234116,缺adj,,2020-02-07,117.5,21,TWSE(FMTQIK),complete
tx22-2020-02-07-call,call,2020-02-07,2020-02-07,2020-02-10,18.0,2020-03-06,2383,125.5,0.06808510638297882,缺adj,,2020-02-07,117.5,21,TWSE(FMTQIK),complete
tx22-2020-02-07-call,call,2020-02-07,2020-02-07,2020-02-10,19.0,2020-03-09,2383,119.0,0.012765957446808418,缺adj,,2020-02-07,117.5,21,TWSE(FMTQIK),complete
tx22-2020-02-07-call,call,2020-02-07,2020-02-07,2020-02-10,20.0,2020-03-10,2383,125.5,0.06808510638297882,缺adj,,2020-02-07,117.5,21,TWSE(FMTQIK),complete
tx22-2020-02-07-call,call,2020-02-07,2020-02-07,2020-02-10,0.0,2020-02-10,6213,125.5,-0.015686274509803977,缺adj,,2020-02-07,127.5,21,TWSE(FMTQIK),complete
tx22-2020-02-07-call,call,2020-02-07,2020-02-07,2020-02-10,1.0,2020-02-11,6213,132.0,0.03529411764705892,缺adj,,2020-02-07,127.5,21,TWSE(FMTQIK),complete
tx22-2020-02-07-call,call,2020-02-07,2020-02-07,2020-02-10,2.0,2020-02-12,6213,140.0,0.0980392156862746,缺adj,,2020-02-07,127.5,21,TWSE(FMTQIK),complete
tx22-2020-02-07-call,call,2020-02-07,2020-02-07,2020-02-10,3.0,2020-02-13,6213,139.0,0.09019607843137245,缺adj,,2020-02-07,127.5,21,TWSE(FMTQIK),complete
tx22-2020-02-07-call,call,2020-02-07,2020-02-07,2020-02-10,4.0,2020-02-14,6213,141.5,0.1098039215686275,缺adj,,2020-02-07,127.5,21,TWSE(FMTQIK),complete
tx22-2020-02-07-call,call,2020-02-07,2020-02-07,2020-02-10,5.0,2020-02-17,6213,140.5,0.10196078431372557,缺adj,,2020-02-07,127.5,21,TWSE(FMTQIK),complete
tx22-2020-02-07-call,call,2020-02-07,2020-02-07,2020-02-10,6.0,2020-02-18,6213,138.0,0.08235294117647052,缺adj,,2020-02-07,127.5,21,TWSE(FMTQIK),complete
tx22-2020-02-07-call,call,2020-02-07,2020-02-07,2020-02-10,7.0,2020-02-19,6213,135.5,0.06274509803921569,缺adj,,2020-02-07,127.5,21,TWSE(FMTQIK),complete
tx22-2020-02-07-call,call,2020-02-07,2020-02-07,2020-02-10,8.0,2020-02-20,6213,136.0,0.06666666666666665,缺adj,,2020-02-07,127.5,21,TWSE(FMTQIK),complete
tx22-2020-02-07-call,call,2020-02-07,2020-02-07,2020-02-10,9.0,2020-02-21,6213,138.0,0.08235294117647052,缺adj,,2020-02-07,127.5,21,TWSE(FMTQIK),complete
tx22-2020-02-07-call,call,2020-02-07,2020-02-07,2020-02-10,10.0,2020-02-24,6213,145.0,0.13725490196078427,缺adj,,2020-02-07,127.5,21,TWSE(FMTQIK),complete
tx22-2020-02-07-call,call,2020-02-07,2020-02-07,2020-02-10,11.0,2020-02-25,6213,148.0,0.1607843137254903,缺adj,,2020-02-07,127.5,21,TWSE(FMTQIK),complete
tx22-2020-02-07-call,call,2020-02-07,2020-02-07,2020-02-10,12.0,2020-02-26,6213,152.0,0.19215686274509802,缺adj,,2020-02-07,127.5,21,TWSE(FMTQIK),complete
tx22-2020-02-07-call,call,2020-02-07,2020-02-07,2020-02-10,13.0,2020-02-27,6213,143.5,0.12549019607843137,缺adj,,2020-02-07,127.5,21,TWSE(FMTQIK),complete
tx22-2020-02-07-call,call,2020-02-07,2020-02-07,2020-02-10,14.0,2020-03-02,6213,151.0,0.1843137254901961,缺adj,,2020-02-07,127.5,21,TWSE(FMTQIK),complete
tx22-2020-02-07-call,call,2020-02-07,2020-02-07,2020-02-10,15.0,2020-03-03,6213,148.5,0.16470588235294126,缺adj,,2020-02-07,127.5,21,TWSE(FMTQIK),complete
tx22-2020-02-07-call,call,2020-02-07,2020-02-07,2020-02-10,16.0,2020-03-04,6213,151.0,0.1843137254901961,缺adj,,2020-02-07,127.5,21,TWSE(FMTQIK),complete
tx22-2020-02-07-call,call,2020-02-07,2020-02-07,2020-02-10,17.0,2020-03-05,6213,152.0,0.19215686274509802,缺adj,,2020-02-07,127.5,21,TWSE(FMTQIK),complete
tx22-2020-02-07-call,call,2020-02-07,2020-02-07,2020-02-10,18.0,2020-03-06,6213,153.5,0.20392156862745092,缺adj,,2020-02-07,127.5,21,TWSE(FMTQIK),complete
tx22-2020-02-07-call,call,2020-02-07,2020-02-07,2020-02-10,19.0,2020-03-09,6213,145.5,0.14117647058823524,缺adj,,2020-02-07,127.5,21,TWSE(FMTQIK),complete
tx22-2020-02-07-call,call,2020-02-07,2020-02-07,2020-02-10,20.0,2020-03-10,6213,152.0,0.19215686274509802,缺adj,,2020-02-07,127.5,21,TWSE(FMTQIK),complete
tx22-2020-02-07-call,call,2020-02-07,2020-02-07,2020-02-10,0.0,2020-02-10,6274,128.5,0.00390625,缺adj,,2020-02-07,128.0,21,TWSE(FMTQIK),complete
tx22-2020-02-07-call,call,2020-02-07,2020-02-07,2020-02-10,1.0,2020-02-11,6274,131.0,0.0234375,缺adj,,2020-02-07,128.0,21,TWSE(FMTQIK),complete
tx22-2020-02-07-call,call,2020-02-07,2020-02-07,2020-02-10,2.0,2020-02-12,6274,137.5,0.07421875,缺adj,,2020-02-07,128.0,21,TWSE(FMTQIK),complete
tx22-2020-02-07-call,call,2020-02-07,2020-02-07,2020-02-10,3.0,2020-02-13,6274,136.5,0.06640625,缺adj,,2020-02-07,128.0,21,TWSE(FMTQIK),complete
tx22-2020-02-07-call,call,2020-02-07,2020-02-07,2020-02-10,4.0,2020-02-14,6274,136.5,0.06640625,缺adj,,2020-02-07,128.0,21,TWSE(FMTQIK),complete
tx22-2020-02-07-call,call,2020-02-07,2020-02-07,2020-02-10,5.0,2020-02-17,6274,134.0,0.046875,缺adj,,2020-02-07,128.0,21,TWSE(FMTQIK),complete
tx22-2020-02-07-call,call,2020-02-07,2020-02-07,2020-02-10,6.0,2020-02-18,6274,133.5,0.04296875,缺adj,,2020-02-07,128.0,21,TWSE(FMTQIK),complete
tx22-2020-02-07-call,call,2020-02-07,2020-02-07,2020-02-10,7.0,2020-02-19,6274,134.5,0.05078125,缺adj,,2020-02-07,128.0,21,TWSE(FMTQIK),complete
tx22-2020-02-07-call,call,2020-02-07,2020-02-07,2020-02-10,8.0,2020-02-20,6274,136.0,0.0625,缺adj,,2020-02-07,128.0,21,TWSE(FMTQIK),complete
tx22-2020-02-07-call,call,2020-02-07,2020-02-07,2020-02-10,9.0,2020-02-21,6274,139.5,0.08984375,缺adj,,2020-02-07,128.0,21,TWSE(FMTQIK),complete
tx22-2020-02-07-call,call,2020-02-07,2020-02-07,2020-02-10,10.0,2020-02-24,6274,138.0,0.078125,缺adj,,2020-02-07,128.0,21,TWSE(FMTQIK),complete
tx22-2020-02-07-call,call,2020-02-07,2020-02-07,2020-02-10,11.0,2020-02-25,6274,138.0,0.078125,缺adj,,2020-02-07,128.0,21,TWSE(FMTQIK),complete
tx22-2020-02-07-call,call,2020-02-07,2020-02-07,2020-02-10,12.0,2020-02-26,6274,138.0,0.078125,缺adj,,2020-02-07,128.0,21,TWSE(FMTQIK),complete
tx22-2020-02-07-call,call,2020-02-07,2020-02-07,2020-02-10,13.0,2020-02-27,6274,133.0,0.0390625,缺adj,,2020-02-07,128.0,21,TWSE(FMTQIK),complete
tx22-2020-02-07-call,call,2020-02-07,2020-02-07,2020-02-10,14.0,2020-03-02,6274,132.0,0.03125,缺adj,,2020-02-07,128.0,21,TWSE(FMTQIK),complete
tx22-2020-02-07-call,call,2020-02-07,2020-02-07,2020-02-10,15.0,2020-03-03,6274,135.0,0.0546875,缺adj,,2020-02-07,128.0,21,TWSE(FMTQIK),complete
tx22-2020-02-07-call,call,2020-02-07,2020-02-07,2020-02-10,16.0,2020-03-04,6274,138.0,0.078125,缺adj,,2020-02-07,128.0,21,TWSE(FMTQIK),complete
tx22-2020-02-07-call,call,2020-02-07,2020-02-07,2020-02-10,17.0,2020-03-05,6274,143.0,0.1171875,缺adj,,2020-02-07,128.0,21,TWSE(FMTQIK),complete
tx22-2020-02-07-call,call,2020-02-07,2020-02-07,2020-02-10,18.0,2020-03-06,6274,141.0,0.1015625,缺adj,,2020-02-07,128.0,21,TWSE(FMTQIK),complete
tx22-2020-02-07-call,call,2020-02-07,2020-02-07,2020-02-10,19.0,2020-03-09,6274,130.5,0.01953125,缺adj,,2020-02-07,128.0,21,TWSE(FMTQIK),complete
tx22-2020-02-07-call,call,2020-02-07,2020-02-07,2020-02-10,20.0,2020-03-10,6274,131.0,0.0234375,缺adj,,2020-02-07,128.0,21,TWSE(FMTQIK),complete
tx22-2020-02-07-call,call,2020-02-07,2020-02-07,2020-02-10,0.0,2020-02-10,2408,83.5,-0.009489916963226541,缺adj,,2020-02-07,84.3,21,TWSE(FMTQIK),complete
tx22-2020-02-07-call,call,2020-02-07,2020-02-07,2020-02-10,1.0,2020-02-11,2408,85.1,0.009489916963226541,缺adj,,2020-02-07,84.3,21,TWSE(FMTQIK),complete
tx22-2020-02-07-call,call,2020-02-07,2020-02-07,2020-02-10,2.0,2020-02-12,2408,84.7,0.004744958481613271,缺adj,,2020-02-07,84.3,21,TWSE(FMTQIK),complete
tx22-2020-02-07-call,call,2020-02-07,2020-02-07,2020-02-10,3.0,2020-02-13,2408,86.5,0.02609727164887321,缺adj,,2020-02-07,84.3,21,TWSE(FMTQIK),complete
tx22-2020-02-07-call,call,2020-02-07,2020-02-07,2020-02-10,4.0,2020-02-14,2408,86.8,0.029655990510083052,缺adj,,2020-02-07,84.3,21,TWSE(FMTQIK),complete
tx22-2020-02-07-call,call,2020-02-07,2020-02-07,2020-02-10,5.0,2020-02-17,2408,88.0,0.043890865954922864,缺adj,,2020-02-07,84.3,21,TWSE(FMTQIK),complete
tx22-2020-02-07-call,call,2020-02-07,2020-02-07,2020-02-10,6.0,2020-02-18,2408,83.8,-0.005931198102016588,缺adj,,2020-02-07,84.3,21,TWSE(FMTQIK),complete
tx22-2020-02-07-call,call,2020-02-07,2020-02-07,2020-02-10,7.0,2020-02-19,2408,84.8,0.005931198102016699,缺adj,,2020-02-07,84.3,21,TWSE(FMTQIK),complete
tx22-2020-02-07-call,call,2020-02-07,2020-02-07,2020-02-10,8.0,2020-02-20,2408,83.6,-0.008303677342823335,缺adj,,2020-02-07,84.3,21,TWSE(FMTQIK),complete
tx22-2020-02-07-call,call,2020-02-07,2020-02-07,2020-02-10,9.0,2020-02-21,2408,84.4,0.0011862396204034287,缺adj,,2020-02-07,84.3,21,TWSE(FMTQIK),complete
tx22-2020-02-07-call,call,2020-02-07,2020-02-07,2020-02-10,10.0,2020-02-24,2408,84.5,0.0023724792408066353,缺adj,,2020-02-07,84.3,21,TWSE(FMTQIK),complete
tx22-2020-02-07-call,call,2020-02-07,2020-02-07,2020-02-10,11.0,2020-02-25,2408,83.3,-0.011862396204033177,缺adj,,2020-02-07,84.3,21,TWSE(FMTQIK),complete
tx22-2020-02-07-call,call,2020-02-07,2020-02-07,2020-02-10,12.0,2020-02-26,2408,81.4,-0.03440094899169621,缺adj,,2020-02-07,84.3,21,TWSE(FMTQIK),complete
tx22-2020-02-07-call,call,2020-02-07,2020-02-07,2020-02-10,13.0,2020-02-27,2408,77.3,-0.08303677342823246,缺adj,,2020-02-07,84.3,21,TWSE(FMTQIK),complete
tx22-2020-02-07-call,call,2020-02-07,2020-02-07,2020-02-10,14.0,2020-03-02,2408,76.3,-0.09489916963226575,缺adj,,2020-02-07,84.3,21,TWSE(FMTQIK),complete
tx22-2020-02-07-call,call,2020-02-07,2020-02-07,2020-02-10,15.0,2020-03-03,2408,77.8,-0.07710557532621587,缺adj,,2020-02-07,84.3,21,TWSE(FMTQIK),complete
tx22-2020-02-07-call,call,2020-02-07,2020-02-07,2020-02-10,16.0,2020-03-04,2408,78.6,-0.06761565836298933,缺adj,,2020-02-07,84.3,21,TWSE(FMTQIK),complete
tx22-2020-02-07-call,call,2020-02-07,2020-02-07,2020-02-10,17.0,2020-03-05,2408,80.1,-0.04982206405693956,缺adj,,2020-02-07,84.3,21,TWSE(FMTQIK),complete
tx22-2020-02-07-call,call,2020-02-07,2020-02-07,2020-02-10,18.0,2020-03-06,2408,78.5,-0.06880189798339265,缺adj,,2020-02-07,84.3,21,TWSE(FMTQIK),complete
tx22-2020-02-07-call,call,2020-02-07,2020-02-07,2020-02-10,19.0,2020-03-09,2408,74.8,-0.11269276393831551,缺adj,,2020-02-07,84.3,21,TWSE(FMTQIK),complete
tx22-2020-02-07-call,call,2020-02-07,2020-02-07,2020-02-10,20.0,2020-03-10,2408,74.9,-0.11150652431791208,缺adj,,2020-02-07,84.3,21,TWSE(FMTQIK),complete
tx22-2020-02-07-call,call,2020-02-07,2020-02-07,2020-02-10,0.0,2020-02-10,2344,16.1,-0.05014749262536866,缺adj,,2020-02-07,16.95,21,TWSE(FMTQIK),complete
tx22-2020-02-07-call,call,2020-02-07,2020-02-07,2020-02-10,1.0,2020-02-11,2344,16.4,-0.03244837758112096,缺adj,,2020-02-07,16.95,21,TWSE(FMTQIK),complete
tx22-2020-02-07-call,call,2020-02-07,2020-02-07,2020-02-10,2.0,2020-02-12,2344,16.8,-0.008849557522123797,缺adj,,2020-02-07,16.95,21,TWSE(FMTQIK),complete
tx22-2020-02-07-call,call,2020-02-07,2020-02-07,2020-02-10,3.0,2020-02-13,2344,16.65,-0.017699115044247815,缺adj,,2020-02-07,16.95,21,TWSE(FMTQIK),complete
tx22-2020-02-07-call,call,2020-02-07,2020-02-07,2020-02-10,4.0,2020-02-14,2344,16.5,-0.02654867256637161,缺adj,,2020-02-07,16.95,21,TWSE(FMTQIK),complete
tx22-2020-02-07-call,call,2020-02-07,2020-02-07,2020-02-10,5.0,2020-02-17,2344,16.75,-0.01179941002949847,缺adj,,2020-02-07,16.95,21,TWSE(FMTQIK),complete
tx22-2020-02-07-call,call,2020-02-07,2020-02-07,2020-02-10,6.0,2020-02-18,2344,16.6,-0.020648967551622266,缺adj,,2020-02-07,16.95,21,TWSE(FMTQIK),complete
tx22-2020-02-07-call,call,2020-02-07,2020-02-07,2020-02-10,7.0,2020-02-19,2344,16.45,-0.029498525073746285,缺adj,,2020-02-07,16.95,21,TWSE(FMTQIK),complete
tx22-2020-02-07-call,call,2020-02-07,2020-02-07,2020-02-10,8.0,2020-02-20,2344,17.15,0.01179941002949847,缺adj,,2020-02-07,16.95,21,TWSE(FMTQIK),complete
tx22-2020-02-07-call,call,2020-02-07,2020-02-07,2020-02-10,9.0,2020-02-21,2344,17.0,0.002949852507374784,缺adj,,2020-02-07,16.95,21,TWSE(FMTQIK),complete
tx22-2020-02-07-call,call,2020-02-07,2020-02-07,2020-02-10,10.0,2020-02-24,2344,16.9,-0.002949852507374673,缺adj,,2020-02-07,16.95,21,TWSE(FMTQIK),complete
tx22-2020-02-07-call,call,2020-02-07,2020-02-07,2020-02-10,11.0,2020-02-25,2344,17.0,0.002949852507374784,缺adj,,2020-02-07,16.95,21,TWSE(FMTQIK),complete
tx22-2020-02-07-call,call,2020-02-07,2020-02-07,2020-02-10,12.0,2020-02-26,2344,16.55,-0.02359882005899694,缺adj,,2020-02-07,16.95,21,TWSE(FMTQIK),complete
tx22-2020-02-07-call,call,2020-02-07,2020-02-07,2020-02-10,13.0,2020-02-27,2344,16.0,-0.05604719764011801,缺adj,,2020-02-07,16.95,21,TWSE(FMTQIK),complete
tx22-2020-02-07-call,call,2020-02-07,2020-02-07,2020-02-10,14.0,2020-03-02,2344,15.8,-0.06784660766961648,缺adj,,2020-02-07,16.95,21,TWSE(FMTQIK),complete
tx22-2020-02-07-call,call,2020-02-07,2020-02-07,2020-02-10,15.0,2020-03-03,2344,16.3,-0.03834808259587008,缺adj,,2020-02-07,16.95,21,TWSE(FMTQIK),complete
tx22-2020-02-07-call,call,2020-02-07,2020-02-07,2020-02-10,16.0,2020-03-04,2344,16.6,-0.020648967551622266,缺adj,,2020-02-07,16.95,21,TWSE(FMTQIK),complete
tx22-2020-02-07-call,call,2020-02-07,2020-02-07,2020-02-10,17.0,2020-03-05,2344,16.65,-0.017699115044247815,缺adj,,2020-02-07,16.95,21,TWSE(FMTQIK),complete
tx22-2020-02-07-call,call,2020-02-07,2020-02-07,2020-02-10,18.0,2020-03-06,2344,16.25,-0.041297935103244754,缺adj,,2020-02-07,16.95,21,TWSE(FMTQIK),complete
tx22-2020-02-07-call,call,2020-02-07,2020-02-07,2020-02-10,19.0,2020-03-09,2344,15.6,-0.07964601769911506,缺adj,,2020-02-07,16.95,21,TWSE(FMTQIK),complete
tx22-2020-02-07-call,call,2020-02-07,2020-02-07,2020-02-10,20.0,2020-03-10,2344,16.15,-0.0471976401179941,缺adj,,2020-02-07,16.95,21,TWSE(FMTQIK),complete
tx22-2020-02-07-call,call,2020-02-07,2020-02-07,2020-02-10,0.0,2020-02-10,6770,,,MISSING(未上市，首筆 2020-12-09);缺adj,,2020-02-07,,0,TWSE(FMTQIK),complete
tx22-2020-02-07-call,call,2020-02-07,2020-02-07,2020-02-10,1.0,2020-02-11,6770,,,MISSING(未上市，首筆 2020-12-09);缺adj,,2020-02-07,,0,TWSE(FMTQIK),complete
tx22-2020-02-07-call,call,2020-02-07,2020-02-07,2020-02-10,2.0,2020-02-12,6770,,,MISSING(未上市，首筆 2020-12-09);缺adj,,2020-02-07,,0,TWSE(FMTQIK),complete
tx22-2020-02-07-call,call,2020-02-07,2020-02-07,2020-02-10,3.0,2020-02-13,6770,,,MISSING(未上市，首筆 2020-12-09);缺adj,,2020-02-07,,0,TWSE(FMTQIK),complete
tx22-2020-02-07-call,call,2020-02-07,2020-02-07,2020-02-10,4.0,2020-02-14,6770,,,MISSING(未上市，首筆 2020-12-09);缺adj,,2020-02-07,,0,TWSE(FMTQIK),complete
tx22-2020-02-07-call,call,2020-02-07,2020-02-07,2020-02-10,5.0,2020-02-17,6770,,,MISSING(未上市，首筆 2020-12-09);缺adj,,2020-02-07,,0,TWSE(FMTQIK),complete
tx22-2020-02-07-call,call,2020-02-07,2020-02-07,2020-02-10,6.0,2020-02-18,6770,,,MISSING(未上市，首筆 2020-12-09);缺adj,,2020-02-07,,0,TWSE(FMTQIK),complete
tx22-2020-02-07-call,call,2020-02-07,2020-02-07,2020-02-10,7.0,2020-02-19,6770,,,MISSING(未上市，首筆 2020-12-09);缺adj,,2020-02-07,,0,TWSE(FMTQIK),complete
tx22-2020-02-07-call,call,2020-02-07,2020-02-07,2020-02-10,8.0,2020-02-20,6770,,,MISSING(未上市，首筆 2020-12-09);缺adj,,2020-02-07,,0,TWSE(FMTQIK),complete
tx22-2020-02-07-call,call,2020-02-07,2020-02-07,2020-02-10,9.0,2020-02-21,6770,,,MISSING(未上市，首筆 2020-12-09);缺adj,,2020-02-07,,0,TWSE(FMTQIK),complete
tx22-2020-02-07-call,call,2020-02-07,2020-02-07,2020-02-10,10.0,2020-02-24,6770,,,MISSING(未上市，首筆 2020-12-09);缺adj,,2020-02-07,,0,TWSE(FMTQIK),complete
tx22-2020-02-07-call,call,2020-02-07,2020-02-07,2020-02-10,11.0,2020-02-25,6770,,,MISSING(未上市，首筆 2020-12-09);缺adj,,2020-02-07,,0,TWSE(FMTQIK),complete
tx22-2020-02-07-call,call,2020-02-07,2020-02-07,2020-02-10,12.0,2020-02-26,6770,,,MISSING(未上市，首筆 2020-12-09);缺adj,,2020-02-07,,0,TWSE(FMTQIK),complete
tx22-2020-02-07-call,call,2020-02-07,2020-02-07,2020-02-10,13.0,2020-02-27,6770,,,MISSING(未上市，首筆 2020-12-09);缺adj,,2020-02-07,,0,TWSE(FMTQIK),complete
tx22-2020-02-07-call,call,2020-02-07,2020-02-07,2020-02-10,14.0,2020-03-02,6770,,,MISSING(未上市，首筆 2020-12-09);缺adj,,2020-02-07,,0,TWSE(FMTQIK),complete
tx22-2020-02-07-call,call,2020-02-07,2020-02-07,2020-02-10,15.0,2020-03-03,6770,,,MISSING(未上市，首筆 2020-12-09);缺adj,,2020-02-07,,0,TWSE(FMTQIK),complete
tx22-2020-02-07-call,call,2020-02-07,2020-02-07,2020-02-10,16.0,2020-03-04,6770,,,MISSING(未上市，首筆 2020-12-09);缺adj,,2020-02-07,,0,TWSE(FMTQIK),complete
tx22-2020-02-07-call,call,2020-02-07,2020-02-07,2020-02-10,17.0,2020-03-05,6770,,,MISSING(未上市，首筆 2020-12-09);缺adj,,2020-02-07,,0,TWSE(FMTQIK),complete
tx22-2020-02-07-call,call,2020-02-07,2020-02-07,2020-02-10,18.0,2020-03-06,6770,,,MISSING(未上市，首筆 2020-12-09);缺adj,,2020-02-07,,0,TWSE(FMTQIK),complete
tx22-2020-02-07-call,call,2020-02-07,2020-02-07,2020-02-10,19.0,2020-03-09,6770,,,MISSING(未上市，首筆 2020-12-09);缺adj,,2020-02-07,,0,TWSE(FMTQIK),complete
tx22-2020-02-07-call,call,2020-02-07,2020-02-07,2020-02-10,20.0,2020-03-10,6770,,,MISSING(未上市，首筆 2020-12-09);缺adj,,2020-02-07,,0,TWSE(FMTQIK),complete
tx22-2020-02-07-call,call,2020-02-07,2020-02-07,2020-02-10,0.0,2020-02-10,3711,74.9,0.0013368983957220415,缺adj,,2020-02-07,74.8,21,TWSE(FMTQIK),complete
tx22-2020-02-07-call,call,2020-02-07,2020-02-07,2020-02-10,1.0,2020-02-11,3711,76.2,0.018716577540107027,缺adj,,2020-02-07,74.8,21,TWSE(FMTQIK),complete
tx22-2020-02-07-call,call,2020-02-07,2020-02-07,2020-02-10,2.0,2020-02-12,3711,77.5,0.03609625668449201,缺adj,,2020-02-07,74.8,21,TWSE(FMTQIK),complete
tx22-2020-02-07-call,call,2020-02-07,2020-02-07,2020-02-10,3.0,2020-02-13,3711,77.5,0.03609625668449201,缺adj,,2020-02-07,74.8,21,TWSE(FMTQIK),complete
tx22-2020-02-07-call,call,2020-02-07,2020-02-07,2020-02-10,4.0,2020-02-14,3711,77.4,0.03475935828877019,缺adj,,2020-02-07,74.8,21,TWSE(FMTQIK),complete
tx22-2020-02-07-call,call,2020-02-07,2020-02-07,2020-02-10,5.0,2020-02-17,3711,76.7,0.025401069518716568,缺adj,,2020-02-07,74.8,21,TWSE(FMTQIK),complete
tx22-2020-02-07-call,call,2020-02-07,2020-02-07,2020-02-10,6.0,2020-02-18,3711,75.6,0.010695187165775444,缺adj,,2020-02-07,74.8,21,TWSE(FMTQIK),complete
tx22-2020-02-07-call,call,2020-02-07,2020-02-07,2020-02-10,7.0,2020-02-19,3711,76.4,0.021390374331550888,缺adj,,2020-02-07,74.8,21,TWSE(FMTQIK),complete
tx22-2020-02-07-call,call,2020-02-07,2020-02-07,2020-02-10,8.0,2020-02-20,3711,75.6,0.010695187165775444,缺adj,,2020-02-07,74.8,21,TWSE(FMTQIK),complete
tx22-2020-02-07-call,call,2020-02-07,2020-02-07,2020-02-10,9.0,2020-02-21,3711,75.2,0.005347593582887722,缺adj,,2020-02-07,74.8,21,TWSE(FMTQIK),complete
tx22-2020-02-07-call,call,2020-02-07,2020-02-07,2020-02-10,10.0,2020-02-24,3711,73.9,-0.012032085561497263,缺adj,,2020-02-07,74.8,21,TWSE(FMTQIK),complete
tx22-2020-02-07-call,call,2020-02-07,2020-02-07,2020-02-10,11.0,2020-02-25,3711,73.5,-0.017379679144384985,缺adj,,2020-02-07,74.8,21,TWSE(FMTQIK),complete
tx22-2020-02-07-call,call,2020-02-07,2020-02-07,2020-02-10,12.0,2020-02-26,3711,72.8,-0.0267379679144385,缺adj,,2020-02-07,74.8,21,TWSE(FMTQIK),complete
tx22-2020-02-07-call,call,2020-02-07,2020-02-07,2020-02-10,13.0,2020-02-27,3711,71.3,-0.046791443850267345,缺adj,,2020-02-07,74.8,21,TWSE(FMTQIK),complete
tx22-2020-02-07-call,call,2020-02-07,2020-02-07,2020-02-10,14.0,2020-03-02,3711,70.1,-0.06283422459893051,缺adj,,2020-02-07,74.8,21,TWSE(FMTQIK),complete
tx22-2020-02-07-call,call,2020-02-07,2020-02-07,2020-02-10,15.0,2020-03-03,3711,72.5,-0.03074866310160429,缺adj,,2020-02-07,74.8,21,TWSE(FMTQIK),complete
tx22-2020-02-07-call,call,2020-02-07,2020-02-07,2020-02-10,16.0,2020-03-04,3711,72.5,-0.03074866310160429,缺adj,,2020-02-07,74.8,21,TWSE(FMTQIK),complete
tx22-2020-02-07-call,call,2020-02-07,2020-02-07,2020-02-10,17.0,2020-03-05,3711,73.6,-0.016042780748663166,缺adj,,2020-02-07,74.8,21,TWSE(FMTQIK),complete
tx22-2020-02-07-call,call,2020-02-07,2020-02-07,2020-02-10,18.0,2020-03-06,3711,71.5,-0.044117647058823484,缺adj,,2020-02-07,74.8,21,TWSE(FMTQIK),complete
tx22-2020-02-07-call,call,2020-02-07,2020-02-07,2020-02-10,19.0,2020-03-09,3711,68.9,-0.07887700534759345,缺adj,,2020-02-07,74.8,21,TWSE(FMTQIK),complete
tx22-2020-02-07-call,call,2020-02-07,2020-02-07,2020-02-10,20.0,2020-03-10,3711,68.0,-0.09090909090909083,缺adj,,2020-02-07,74.8,21,TWSE(FMTQIK),complete
tx22-2020-02-07-call,call,2020-02-07,2020-02-07,2020-02-10,0.0,2020-02-10,EW_TW,,-0.010674412603409001,n=10/11;缺adj,10.0,2020-02-07,,21,TWSE(FMTQIK),complete
tx22-2020-02-07-call,call,2020-02-07,2020-02-07,2020-02-10,1.0,2020-02-11,EW_TW,,0.018335179050251605,n=10/11;缺adj,10.0,2020-02-07,,21,TWSE(FMTQIK),complete
tx22-2020-02-07-call,call,2020-02-07,2020-02-07,2020-02-10,2.0,2020-02-12,EW_TW,,0.0577246882437623,n=10/11;缺adj,10.0,2020-02-07,,21,TWSE(FMTQIK),complete
tx22-2020-02-07-call,call,2020-02-07,2020-02-07,2020-02-10,3.0,2020-02-13,EW_TW,,0.055322023455031434,n=10/11;缺adj,10.0,2020-02-07,,21,TWSE(FMTQIK),complete
tx22-2020-02-07-call,call,2020-02-07,2020-02-07,2020-02-10,4.0,2020-02-14,EW_TW,,0.060001647972779085,n=10/11;缺adj,10.0,2020-02-07,,21,TWSE(FMTQIK),complete
tx22-2020-02-07-call,call,2020-02-07,2020-02-07,2020-02-10,5.0,2020-02-17,EW_TW,,0.05826527774362047,n=10/11;缺adj,10.0,2020-02-07,,21,TWSE(FMTQIK),complete
tx22-2020-02-07-call,call,2020-02-07,2020-02-07,2020-02-10,6.0,2020-02-18,EW_TW,,0.04562070235901021,n=10/11;缺adj,10.0,2020-02-07,,21,TWSE(FMTQIK),complete
tx22-2020-02-07-call,call,2020-02-07,2020-02-07,2020-02-10,7.0,2020-02-19,EW_TW,,0.05246897979447673,n=10/11;缺adj,10.0,2020-02-07,,21,TWSE(FMTQIK),complete
tx22-2020-02-07-call,call,2020-02-07,2020-02-07,2020-02-10,8.0,2020-02-20,EW_TW,,0.06319742995529407,n=10/11;缺adj,10.0,2020-02-07,,21,TWSE(FMTQIK),complete
tx22-2020-02-07-call,call,2020-02-07,2020-02-07,2020-02-10,9.0,2020-02-21,EW_TW,,0.07770203632847734,n=10/11;缺adj,10.0,2020-02-07,,21,TWSE(FMTQIK),complete
tx22-2020-02-07-call,call,2020-02-07,2020-02-07,2020-02-10,10.0,2020-02-24,EW_TW,,0.08509413102060662,n=10/11;缺adj,10.0,2020-02-07,,21,TWSE(FMTQIK),complete
tx22-2020-02-07-call,call,2020-02-07,2020-02-07,2020-02-10,11.0,2020-02-25,EW_TW,,0.08023126948689192,n=10/11;缺adj,10.0,2020-02-07,,21,TWSE(FMTQIK),complete
tx22-2020-02-07-call,call,2020-02-07,2020-02-07,2020-02-10,12.0,2020-02-26,EW_TW,,0.06998276791702543,n=10/11;缺adj,10.0,2020-02-07,,21,TWSE(FMTQIK),complete
tx22-2020-02-07-call,call,2020-02-07,2020-02-07,2020-02-10,13.0,2020-02-27,EW_TW,,0.027809507143356626,n=10/11;缺adj,10.0,2020-02-07,,21,TWSE(FMTQIK),complete
tx22-2020-02-07-call,call,2020-02-07,2020-02-07,2020-02-10,14.0,2020-03-02,EW_TW,,0.04016553510509502,n=10/11;缺adj,10.0,2020-02-07,,21,TWSE(FMTQIK),complete
tx22-2020-02-07-call,call,2020-02-07,2020-02-07,2020-02-10,15.0,2020-03-03,EW_TW,,0.06729251674140369,n=10/11;缺adj,10.0,2020-02-07,,21,TWSE(FMTQIK),complete
tx22-2020-02-07-call,call,2020-02-07,2020-02-07,2020-02-10,16.0,2020-03-04,EW_TW,,0.07999841296420948,n=10/11;缺adj,10.0,2020-02-07,,21,TWSE(FMTQIK),complete
tx22-2020-02-07-call,call,2020-02-07,2020-02-07,2020-02-10,17.0,2020-03-05,EW_TW,,0.09499270518434502,n=10/11;缺adj,10.0,2020-02-07,,21,TWSE(FMTQIK),complete
tx22-2020-02-07-call,call,2020-02-07,2020-02-07,2020-02-10,18.0,2020-03-06,EW_TW,,0.1029709948942211,n=10/11;缺adj,10.0,2020-02-07,,21,TWSE(FMTQIK),complete
tx22-2020-02-07-call,call,2020-02-07,2020-02-07,2020-02-10,19.0,2020-03-09,EW_TW,,0.04337604525793002,n=10/11;缺adj,10.0,2020-02-07,,21,TWSE(FMTQIK),complete
tx22-2020-02-07-call,call,2020-02-07,2020-02-07,2020-02-10,20.0,2020-03-10,EW_TW,,0.07111651312656583,n=10/11;缺adj,10.0,2020-02-07,,21,TWSE(FMTQIK),complete
tx22-2020-02-07-call,call,2020-02-07,2020-02-07,2020-02-10,0.0,2020-02-10,NET,18.34,0.00935608145294431,缺adj,,2020-02-07,18.17,21,US(own bars),complete
tx22-2020-02-07-call,call,2020-02-07,2020-02-07,2020-02-10,1.0,2020-02-11,NET,18.37,0.011007154650522821,缺adj,,2020-02-07,18.17,21,US(own bars),complete
tx22-2020-02-07-call,call,2020-02-07,2020-02-07,2020-02-10,2.0,2020-02-12,NET,17.82,-0.019262520638415048,缺adj,,2020-02-07,18.17,21,US(own bars),complete
tx22-2020-02-07-call,call,2020-02-07,2020-02-07,2020-02-10,3.0,2020-02-13,NET,18.07,-0.005503577325261522,缺adj,,2020-02-07,18.17,21,US(own bars),complete
tx22-2020-02-07-call,call,2020-02-07,2020-02-07,2020-02-10,4.0,2020-02-14,NET,17.75,-0.023115024766098058,缺adj,,2020-02-07,18.17,21,US(own bars),complete
tx22-2020-02-07-call,call,2020-02-07,2020-02-07,2020-02-10,5.0,2020-02-18,NET,17.5,-0.036873968079251584,缺adj,,2020-02-07,18.17,21,US(own bars),complete
tx22-2020-02-07-call,call,2020-02-07,2020-02-07,2020-02-10,6.0,2020-02-19,NET,18.01,-0.008805723720418324,缺adj,,2020-02-07,18.17,21,US(own bars),complete
tx22-2020-02-07-call,call,2020-02-07,2020-02-07,2020-02-10,7.0,2020-02-20,NET,20.3,0.11722619702806814,缺adj,,2020-02-07,18.17,21,US(own bars),complete
tx22-2020-02-07-call,call,2020-02-07,2020-02-07,2020-02-10,8.0,2020-02-21,NET,21.02,0.15685195376995043,缺adj,,2020-02-07,18.17,21,US(own bars),complete
tx22-2020-02-07-call,call,2020-02-07,2020-02-07,2020-02-10,9.0,2020-02-24,NET,19.81,0.09025866813428718,缺adj,,2020-02-07,18.17,21,US(own bars),complete
tx22-2020-02-07-call,call,2020-02-07,2020-02-07,2020-02-10,10.0,2020-02-25,NET,20.29,0.11667583929554204,缺adj,,2020-02-07,18.17,21,US(own bars),complete
tx22-2020-02-07-call,call,2020-02-07,2020-02-07,2020-02-10,11.0,2020-02-26,NET,22.11,0.21684094661529985,缺adj,,2020-02-07,18.17,21,US(own bars),complete
tx22-2020-02-07-call,call,2020-02-07,2020-02-07,2020-02-10,12.0,2020-02-27,NET,21.94,0.20748486516235554,缺adj,,2020-02-07,18.17,21,US(own bars),complete
tx22-2020-02-07-call,call,2020-02-07,2020-02-07,2020-02-10,13.0,2020-02-28,NET,21.3,0.17226197028068246,缺adj,,2020-02-07,18.17,21,US(own bars),complete
tx22-2020-02-07-call,call,2020-02-07,2020-02-07,2020-02-10,14.0,2020-03-02,NET,22.08,0.21518987341772133,缺adj,,2020-02-07,18.17,21,US(own bars),complete
tx22-2020-02-07-call,call,2020-02-07,2020-02-07,2020-02-10,15.0,2020-03-03,NET,22.08,0.21518987341772133,缺adj,,2020-02-07,18.17,21,US(own bars),complete
tx22-2020-02-07-call,call,2020-02-07,2020-02-07,2020-02-10,16.0,2020-03-04,NET,22.7,0.2493120528343422,缺adj,,2020-02-07,18.17,21,US(own bars),complete
tx22-2020-02-07-call,call,2020-02-07,2020-02-07,2020-02-10,17.0,2020-03-05,NET,23.35,0.2850853054485416,缺adj,,2020-02-07,18.17,21,US(own bars),complete
tx22-2020-02-07-call,call,2020-02-07,2020-02-07,2020-02-10,18.0,2020-03-06,NET,22.77,0.2531645569620251,缺adj,,2020-02-07,18.17,21,US(own bars),complete
tx22-2020-02-07-call,call,2020-02-07,2020-02-07,2020-02-10,19.0,2020-03-09,NET,20.74,0.1414419372592184,缺adj,,2020-02-07,18.17,21,US(own bars),complete
tx22-2020-02-07-call,call,2020-02-07,2020-02-07,2020-02-10,20.0,2020-03-10,NET,21.11,0.16180517336268552,缺adj,,2020-02-07,18.17,21,US(own bars),complete
tx23-2020-03-27-call,call,2020-03-27,2020-03-27,2020-03-30,0.0,2020-03-30,TAIEX,9629.43,-0.00716471524664597,缺adj,,2020-03-27,9698.92,21,TWSE(FMTQIK),complete
tx23-2020-03-27-call,call,2020-03-27,2020-03-27,2020-03-30,1.0,2020-03-31,TAIEX,9708.06,0.0009423729652373591,缺adj,,2020-03-27,9698.92,21,TWSE(FMTQIK),complete
tx23-2020-03-27-call,call,2020-03-27,2020-03-27,2020-03-30,2.0,2020-04-01,TAIEX,9663.63,-0.0036385494467425783,缺adj,,2020-03-27,9698.92,21,TWSE(FMTQIK),complete
tx23-2020-03-27-call,call,2020-03-27,2020-03-27,2020-03-30,3.0,2020-04-06,TAIEX,9818.74,0.012353952811240854,缺adj,,2020-03-27,9698.92,21,TWSE(FMTQIK),complete
tx23-2020-03-27-call,call,2020-03-27,2020-03-27,2020-03-30,4.0,2020-04-07,TAIEX,9996.39,0.03067042516073948,缺adj,,2020-03-27,9698.92,21,TWSE(FMTQIK),complete
tx23-2020-03-27-call,call,2020-03-27,2020-03-27,2020-03-30,5.0,2020-04-08,TAIEX,10137.47,0.04521637460665717,缺adj,,2020-03-27,9698.92,21,TWSE(FMTQIK),complete
tx23-2020-03-27-call,call,2020-03-27,2020-03-27,2020-03-30,6.0,2020-04-09,TAIEX,10119.43,0.043356373699339645,缺adj,,2020-03-27,9698.92,21,TWSE(FMTQIK),complete
tx23-2020-03-27-call,call,2020-03-27,2020-03-27,2020-03-30,7.0,2020-04-10,TAIEX,10157.61,0.047292894466600455,缺adj,,2020-03-27,9698.92,21,TWSE(FMTQIK),complete
tx23-2020-03-27-call,call,2020-03-27,2020-03-27,2020-03-30,8.0,2020-04-13,TAIEX,10099.22,0.04127263654097568,缺adj,,2020-03-27,9698.92,21,TWSE(FMTQIK),complete
tx23-2020-03-27-call,call,2020-03-27,2020-03-27,2020-03-30,9.0,2020-04-14,TAIEX,10332.94,0.06537016492557934,缺adj,,2020-03-27,9698.92,21,TWSE(FMTQIK),complete
tx23-2020-03-27-call,call,2020-03-27,2020-03-27,2020-03-30,10.0,2020-04-15,TAIEX,10447.21,0.07715188907630943,缺adj,,2020-03-27,9698.92,21,TWSE(FMTQIK),complete
tx23-2020-03-27-call,call,2020-03-27,2020-03-27,2020-03-30,11.0,2020-04-16,TAIEX,10375.48,0.06975622028019601,缺adj,,2020-03-27,9698.92,21,TWSE(FMTQIK),complete
tx23-2020-03-27-call,call,2020-03-27,2020-03-27,2020-03-30,12.0,2020-04-17,TAIEX,10597.04,0.09260000082483422,缺adj,,2020-03-27,9698.92,21,TWSE(FMTQIK),complete
tx23-2020-03-27-call,call,2020-03-27,2020-03-27,2020-03-30,13.0,2020-04-20,TAIEX,10586.71,0.09153493378644217,缺adj,,2020-03-27,9698.92,21,TWSE(FMTQIK),complete
tx23-2020-03-27-call,call,2020-03-27,2020-03-27,2020-03-30,14.0,2020-04-21,TAIEX,10288.42,0.060779963129915515,缺adj,,2020-03-27,9698.92,21,TWSE(FMTQIK),complete
tx23-2020-03-27-call,call,2020-03-27,2020-03-27,2020-03-30,15.0,2020-04-22,TAIEX,10307.74,0.0627719374940714,缺adj,,2020-03-27,9698.92,21,TWSE(FMTQIK),complete
tx23-2020-03-27-call,call,2020-03-27,2020-03-27,2020-03-30,16.0,2020-04-23,TAIEX,10366.51,0.06883137503969516,缺adj,,2020-03-27,9698.92,21,TWSE(FMTQIK),complete
tx23-2020-03-27-call,call,2020-03-27,2020-03-27,2020-03-30,17.0,2020-04-24,TAIEX,10347.36,0.06685692840027557,缺adj,,2020-03-27,9698.92,21,TWSE(FMTQIK),complete
tx23-2020-03-27-call,call,2020-03-27,2020-03-27,2020-03-30,18.0,2020-04-27,TAIEX,10567.27,0.0895305869107077,缺adj,,2020-03-27,9698.92,21,TWSE(FMTQIK),complete
tx23-2020-03-27-call,call,2020-03-27,2020-03-27,2020-03-30,19.0,2020-04-28,TAIEX,10616.06,0.0945610439100435,缺adj,,2020-03-27,9698.92,21,TWSE(FMTQIK),complete
tx23-2020-03-27-call,call,2020-03-27,2020-03-27,2020-03-30,20.0,2020-04-29,TAIEX,10772.22,0.1106618056443398,缺adj,,2020-03-27,9698.92,21,TWSE(FMTQIK),complete
tx23-2020-03-27-call,call,2020-03-27,2020-03-27,2020-03-30,0.0,2020-03-30,3037,30.9,0.02148760330578514,缺adj,,2020-03-27,30.25,21,TWSE(FMTQIK),complete
tx23-2020-03-27-call,call,2020-03-27,2020-03-27,2020-03-30,1.0,2020-03-31,3037,32.0,0.05785123966942152,缺adj,,2020-03-27,30.25,21,TWSE(FMTQIK),complete
tx23-2020-03-27-call,call,2020-03-27,2020-03-27,2020-03-30,2.0,2020-04-01,3037,31.7,0.047933884297520546,缺adj,,2020-03-27,30.25,21,TWSE(FMTQIK),complete
tx23-2020-03-27-call,call,2020-03-27,2020-03-27,2020-03-30,3.0,2020-04-06,3037,31.35,0.036363636363636376,缺adj,,2020-03-27,30.25,21,TWSE(FMTQIK),complete
tx23-2020-03-27-call,call,2020-03-27,2020-03-27,2020-03-30,4.0,2020-04-07,3037,33.15,0.09586776859504131,缺adj,,2020-03-27,30.25,21,TWSE(FMTQIK),complete
tx23-2020-03-27-call,call,2020-03-27,2020-03-27,2020-03-30,5.0,2020-04-08,3037,34.0,0.12396694214876036,缺adj,,2020-03-27,30.25,21,TWSE(FMTQIK),complete
tx23-2020-03-27-call,call,2020-03-27,2020-03-27,2020-03-30,6.0,2020-04-09,3037,34.7,0.14710743801652892,缺adj,,2020-03-27,30.25,21,TWSE(FMTQIK),complete
tx23-2020-03-27-call,call,2020-03-27,2020-03-27,2020-03-30,7.0,2020-04-10,3037,35.0,0.15702479338842967,缺adj,,2020-03-27,30.25,21,TWSE(FMTQIK),complete
tx23-2020-03-27-call,call,2020-03-27,2020-03-27,2020-03-30,8.0,2020-04-13,3037,35.55,0.17520661157024775,缺adj,,2020-03-27,30.25,21,TWSE(FMTQIK),complete
tx23-2020-03-27-call,call,2020-03-27,2020-03-27,2020-03-30,9.0,2020-04-14,3037,38.15,0.2611570247933883,缺adj,,2020-03-27,30.25,21,TWSE(FMTQIK),complete
tx23-2020-03-27-call,call,2020-03-27,2020-03-27,2020-03-30,10.0,2020-04-15,3037,37.4,0.23636363636363633,缺adj,,2020-03-27,30.25,21,TWSE(FMTQIK),complete
tx23-2020-03-27-call,call,2020-03-27,2020-03-27,2020-03-30,11.0,2020-04-16,3037,38.1,0.2595041322314051,缺adj,,2020-03-27,30.25,21,TWSE(FMTQIK),complete
tx23-2020-03-27-call,call,2020-03-27,2020-03-27,2020-03-30,12.0,2020-04-17,3037,38.1,0.2595041322314051,缺adj,,2020-03-27,30.25,21,TWSE(FMTQIK),complete
tx23-2020-03-27-call,call,2020-03-27,2020-03-27,2020-03-30,13.0,2020-04-20,3037,38.1,0.2595041322314051,缺adj,,2020-03-27,30.25,21,TWSE(FMTQIK),complete
tx23-2020-03-27-call,call,2020-03-27,2020-03-27,2020-03-30,14.0,2020-04-21,3037,36.65,0.21157024793388435,缺adj,,2020-03-27,30.25,21,TWSE(FMTQIK),complete
tx23-2020-03-27-call,call,2020-03-27,2020-03-27,2020-03-30,15.0,2020-04-22,3037,37.45,0.23801652892561997,缺adj,,2020-03-27,30.25,21,TWSE(FMTQIK),complete
tx23-2020-03-27-call,call,2020-03-27,2020-03-27,2020-03-30,16.0,2020-04-23,3037,37.6,0.24297520661157024,缺adj,,2020-03-27,30.25,21,TWSE(FMTQIK),complete
tx23-2020-03-27-call,call,2020-03-27,2020-03-27,2020-03-30,17.0,2020-04-24,3037,37.45,0.23801652892561997,缺adj,,2020-03-27,30.25,21,TWSE(FMTQIK),complete
tx23-2020-03-27-call,call,2020-03-27,2020-03-27,2020-03-30,18.0,2020-04-27,3037,38.3,0.2661157024793388,缺adj,,2020-03-27,30.25,21,TWSE(FMTQIK),complete
tx23-2020-03-27-call,call,2020-03-27,2020-03-27,2020-03-30,19.0,2020-04-28,3037,39.45,0.3041322314049588,缺adj,,2020-03-27,30.25,21,TWSE(FMTQIK),complete
tx23-2020-03-27-call,call,2020-03-27,2020-03-27,2020-03-30,20.0,2020-04-29,3037,42.0,0.38842975206611574,缺adj,,2020-03-27,30.25,21,TWSE(FMTQIK),complete
tx23-2020-03-27-call,call,2020-03-27,2020-03-27,2020-03-30,0.0,2020-03-30,8046,52.4,0.039682539682539764,缺adj,,2020-03-27,50.4,21,TWSE(FMTQIK),complete
tx23-2020-03-27-call,call,2020-03-27,2020-03-27,2020-03-30,1.0,2020-03-31,8046,55.0,0.09126984126984139,缺adj,,2020-03-27,50.4,21,TWSE(FMTQIK),complete
tx23-2020-03-27-call,call,2020-03-27,2020-03-27,2020-03-30,2.0,2020-04-01,8046,53.8,0.06746031746031744,缺adj,,2020-03-27,50.4,21,TWSE(FMTQIK),complete
tx23-2020-03-27-call,call,2020-03-27,2020-03-27,2020-03-30,3.0,2020-04-06,8046,54.3,0.07738095238095233,缺adj,,2020-03-27,50.4,21,TWSE(FMTQIK),complete
tx23-2020-03-27-call,call,2020-03-27,2020-03-27,2020-03-30,4.0,2020-04-07,8046,53.4,0.059523809523809534,缺adj,,2020-03-27,50.4,21,TWSE(FMTQIK),complete
tx23-2020-03-27-call,call,2020-03-27,2020-03-27,2020-03-30,5.0,2020-04-08,8046,53.4,0.059523809523809534,缺adj,,2020-03-27,50.4,21,TWSE(FMTQIK),complete
tx23-2020-03-27-call,call,2020-03-27,2020-03-27,2020-03-30,6.0,2020-04-09,8046,52.0,0.031746031746031855,缺adj,,2020-03-27,50.4,21,TWSE(FMTQIK),complete
tx23-2020-03-27-call,call,2020-03-27,2020-03-27,2020-03-30,7.0,2020-04-10,8046,53.7,0.06547619047619047,缺adj,,2020-03-27,50.4,21,TWSE(FMTQIK),complete
tx23-2020-03-27-call,call,2020-03-27,2020-03-27,2020-03-30,8.0,2020-04-13,8046,56.5,0.12103174603174605,缺adj,,2020-03-27,50.4,21,TWSE(FMTQIK),complete
tx23-2020-03-27-call,call,2020-03-27,2020-03-27,2020-03-30,9.0,2020-04-14,8046,62.1,0.2321428571428572,缺adj,,2020-03-27,50.4,21,TWSE(FMTQIK),complete
tx23-2020-03-27-call,call,2020-03-27,2020-03-27,2020-03-30,10.0,2020-04-15,8046,62.1,0.2321428571428572,缺adj,,2020-03-27,50.4,21,TWSE(FMTQIK),complete
tx23-2020-03-27-call,call,2020-03-27,2020-03-27,2020-03-30,11.0,2020-04-16,8046,65.0,0.28968253968253976,缺adj,,2020-03-27,50.4,21,TWSE(FMTQIK),complete
tx23-2020-03-27-call,call,2020-03-27,2020-03-27,2020-03-30,12.0,2020-04-17,8046,64.5,0.2797619047619049,缺adj,,2020-03-27,50.4,21,TWSE(FMTQIK),complete
tx23-2020-03-27-call,call,2020-03-27,2020-03-27,2020-03-30,13.0,2020-04-20,8046,65.7,0.3035714285714286,缺adj,,2020-03-27,50.4,21,TWSE(FMTQIK),complete
tx23-2020-03-27-call,call,2020-03-27,2020-03-27,2020-03-30,14.0,2020-04-21,8046,64.6,0.28174603174603163,缺adj,,2020-03-27,50.4,21,TWSE(FMTQIK),complete
tx23-2020-03-27-call,call,2020-03-27,2020-03-27,2020-03-30,15.0,2020-04-22,8046,65.4,0.29761904761904767,缺adj,,2020-03-27,50.4,21,TWSE(FMTQIK),complete
tx23-2020-03-27-call,call,2020-03-27,2020-03-27,2020-03-30,16.0,2020-04-23,8046,68.1,0.35119047619047605,缺adj,,2020-03-27,50.4,21,TWSE(FMTQIK),complete
tx23-2020-03-27-call,call,2020-03-27,2020-03-27,2020-03-30,17.0,2020-04-24,8046,67.5,0.3392857142857144,缺adj,,2020-03-27,50.4,21,TWSE(FMTQIK),complete
tx23-2020-03-27-call,call,2020-03-27,2020-03-27,2020-03-30,18.0,2020-04-27,8046,67.6,0.34126984126984117,缺adj,,2020-03-27,50.4,21,TWSE(FMTQIK),complete
tx23-2020-03-27-call,call,2020-03-27,2020-03-27,2020-03-30,19.0,2020-04-28,8046,70.5,0.39880952380952395,缺adj,,2020-03-27,50.4,21,TWSE(FMTQIK),complete
tx23-2020-03-27-call,call,2020-03-27,2020-03-27,2020-03-30,20.0,2020-04-29,8046,72.0,0.4285714285714286,缺adj,,2020-03-27,50.4,21,TWSE(FMTQIK),complete
tx23-2020-03-27-call,call,2020-03-27,2020-03-27,2020-03-30,0.0,2020-03-30,3189,38.3,0.04217687074829923,缺adj,,2020-03-27,36.75,21,TWSE(FMTQIK),complete
tx23-2020-03-27-call,call,2020-03-27,2020-03-27,2020-03-30,1.0,2020-03-31,3189,40.45,0.10068027210884356,缺adj,,2020-03-27,36.75,21,TWSE(FMTQIK),complete
tx23-2020-03-27-call,call,2020-03-27,2020-03-27,2020-03-30,2.0,2020-04-01,3189,41.7,0.13469387755102047,缺adj,,2020-03-27,36.75,21,TWSE(FMTQIK),complete
tx23-2020-03-27-call,call,2020-03-27,2020-03-27,2020-03-30,3.0,2020-04-06,3189,42.2,0.14829931972789123,缺adj,,2020-03-27,36.75,21,TWSE(FMTQIK),complete
tx23-2020-03-27-call,call,2020-03-27,2020-03-27,2020-03-30,4.0,2020-04-07,3189,44.3,0.20544217687074817,缺adj,,2020-03-27,36.75,21,TWSE(FMTQIK),complete
tx23-2020-03-27-call,call,2020-03-27,2020-03-27,2020-03-30,5.0,2020-04-08,3189,43.9,0.19455782312925174,缺adj,,2020-03-27,36.75,21,TWSE(FMTQIK),complete
tx23-2020-03-27-call,call,2020-03-27,2020-03-27,2020-03-30,6.0,2020-04-09,3189,42.95,0.16870748299319738,缺adj,,2020-03-27,36.75,21,TWSE(FMTQIK),complete
tx23-2020-03-27-call,call,2020-03-27,2020-03-27,2020-03-30,7.0,2020-04-10,3189,43.7,0.18911564625850352,缺adj,,2020-03-27,36.75,21,TWSE(FMTQIK),complete
tx23-2020-03-27-call,call,2020-03-27,2020-03-27,2020-03-30,8.0,2020-04-13,3189,43.15,0.1741496598639456,缺adj,,2020-03-27,36.75,21,TWSE(FMTQIK),complete
tx23-2020-03-27-call,call,2020-03-27,2020-03-27,2020-03-30,9.0,2020-04-14,3189,47.45,0.291156462585034,缺adj,,2020-03-27,36.75,21,TWSE(FMTQIK),complete
tx23-2020-03-27-call,call,2020-03-27,2020-03-27,2020-03-30,10.0,2020-04-15,3189,47.6,0.2952380952380953,缺adj,,2020-03-27,36.75,21,TWSE(FMTQIK),complete
tx23-2020-03-27-call,call,2020-03-27,2020-03-27,2020-03-30,11.0,2020-04-16,3189,48.25,0.3129251700680271,缺adj,,2020-03-27,36.75,21,TWSE(FMTQIK),complete
tx23-2020-03-27-call,call,2020-03-27,2020-03-27,2020-03-30,12.0,2020-04-17,3189,47.25,0.2857142857142858,缺adj,,2020-03-27,36.75,21,TWSE(FMTQIK),complete
tx23-2020-03-27-call,call,2020-03-27,2020-03-27,2020-03-30,13.0,2020-04-20,3189,48.0,0.30612244897959173,缺adj,,2020-03-27,36.75,21,TWSE(FMTQIK),complete
tx23-2020-03-27-call,call,2020-03-27,2020-03-27,2020-03-30,14.0,2020-04-21,3189,47.15,0.2829931972789115,缺adj,,2020-03-27,36.75,21,TWSE(FMTQIK),complete
tx23-2020-03-27-call,call,2020-03-27,2020-03-27,2020-03-30,15.0,2020-04-22,3189,48.7,0.32517006802721093,缺adj,,2020-03-27,36.75,21,TWSE(FMTQIK),complete
tx23-2020-03-27-call,call,2020-03-27,2020-03-27,2020-03-30,16.0,2020-04-23,3189,47.95,0.3047619047619048,缺adj,,2020-03-27,36.75,21,TWSE(FMTQIK),complete
tx23-2020-03-27-call,call,2020-03-27,2020-03-27,2020-03-30,17.0,2020-04-24,3189,50.9,0.3850340136054422,缺adj,,2020-03-27,36.75,21,TWSE(FMTQIK),complete
tx23-2020-03-27-call,call,2020-03-27,2020-03-27,2020-03-30,18.0,2020-04-27,3189,50.4,0.37142857142857144,缺adj,,2020-03-27,36.75,21,TWSE(FMTQIK),complete
tx23-2020-03-27-call,call,2020-03-27,2020-03-27,2020-03-30,19.0,2020-04-28,3189,50.0,0.3605442176870748,缺adj,,2020-03-27,36.75,21,TWSE(FMTQIK),complete
tx23-2020-03-27-call,call,2020-03-27,2020-03-27,2020-03-30,20.0,2020-04-29,3189,51.0,0.3877551020408163,缺adj,,2020-03-27,36.75,21,TWSE(FMTQIK),complete
tx23-2020-03-27-call,call,2020-03-27,2020-03-27,2020-03-30,0.0,2020-03-30,2368,23.6,0.02164502164502169,缺adj,,2020-03-27,23.1,21,TWSE(FMTQIK),complete
tx23-2020-03-27-call,call,2020-03-27,2020-03-27,2020-03-30,1.0,2020-03-31,2368,24.25,0.04978354978354971,缺adj,,2020-03-27,23.1,21,TWSE(FMTQIK),complete
tx23-2020-03-27-call,call,2020-03-27,2020-03-27,2020-03-30,2.0,2020-04-01,2368,25.15,0.08874458874458857,缺adj,,2020-03-27,23.1,21,TWSE(FMTQIK),complete
tx23-2020-03-27-call,call,2020-03-27,2020-03-27,2020-03-30,3.0,2020-04-06,2368,26.9,0.16450216450216426,缺adj,,2020-03-27,23.1,21,TWSE(FMTQIK),complete
tx23-2020-03-27-call,call,2020-03-27,2020-03-27,2020-03-30,4.0,2020-04-07,2368,28.35,0.2272727272727273,缺adj,,2020-03-27,23.1,21,TWSE(FMTQIK),complete
tx23-2020-03-27-call,call,2020-03-27,2020-03-27,2020-03-30,5.0,2020-04-08,2368,26.5,0.1471861471861471,缺adj,,2020-03-27,23.1,21,TWSE(FMTQIK),complete
tx23-2020-03-27-call,call,2020-03-27,2020-03-27,2020-03-30,6.0,2020-04-09,2368,25.35,0.09740259740259738,缺adj,,2020-03-27,23.1,21,TWSE(FMTQIK),complete
tx23-2020-03-27-call,call,2020-03-27,2020-03-27,2020-03-30,7.0,2020-04-10,2368,26.4,0.1428571428571428,缺adj,,2020-03-27,23.1,21,TWSE(FMTQIK),complete
tx23-2020-03-27-call,call,2020-03-27,2020-03-27,2020-03-30,8.0,2020-04-13,2368,26.8,0.1601731601731602,缺adj,,2020-03-27,23.1,21,TWSE(FMTQIK),complete
tx23-2020-03-27-call,call,2020-03-27,2020-03-27,2020-03-30,9.0,2020-04-14,2368,28.75,0.24458874458874447,缺adj,,2020-03-27,23.1,21,TWSE(FMTQIK),complete
tx23-2020-03-27-call,call,2020-03-27,2020-03-27,2020-03-30,10.0,2020-04-15,2368,27.8,0.20346320346320335,缺adj,,2020-03-27,23.1,21,TWSE(FMTQIK),complete
tx23-2020-03-27-call,call,2020-03-27,2020-03-27,2020-03-30,11.0,2020-04-16,2368,28.6,0.23809523809523814,缺adj,,2020-03-27,23.1,21,TWSE(FMTQIK),complete
tx23-2020-03-27-call,call,2020-03-27,2020-03-27,2020-03-30,12.0,2020-04-17,2368,27.8,0.20346320346320335,缺adj,,2020-03-27,23.1,21,TWSE(FMTQIK),complete
tx23-2020-03-27-call,call,2020-03-27,2020-03-27,2020-03-30,13.0,2020-04-20,2368,27.7,0.19913419913419905,缺adj,,2020-03-27,23.1,21,TWSE(FMTQIK),complete
tx23-2020-03-27-call,call,2020-03-27,2020-03-27,2020-03-30,14.0,2020-04-21,2368,27.05,0.17099567099567103,缺adj,,2020-03-27,23.1,21,TWSE(FMTQIK),complete
tx23-2020-03-27-call,call,2020-03-27,2020-03-27,2020-03-30,15.0,2020-04-22,2368,28.35,0.2272727272727273,缺adj,,2020-03-27,23.1,21,TWSE(FMTQIK),complete
tx23-2020-03-27-call,call,2020-03-27,2020-03-27,2020-03-30,16.0,2020-04-23,2368,28.5,0.23376623376623362,缺adj,,2020-03-27,23.1,21,TWSE(FMTQIK),complete
tx23-2020-03-27-call,call,2020-03-27,2020-03-27,2020-03-30,17.0,2020-04-24,2368,28.65,0.24025974025974017,缺adj,,2020-03-27,23.1,21,TWSE(FMTQIK),complete
tx23-2020-03-27-call,call,2020-03-27,2020-03-27,2020-03-30,18.0,2020-04-27,2368,31.5,0.36363636363636354,缺adj,,2020-03-27,23.1,21,TWSE(FMTQIK),complete
tx23-2020-03-27-call,call,2020-03-27,2020-03-27,2020-03-30,19.0,2020-04-28,2368,31.25,0.3528138528138527,缺adj,,2020-03-27,23.1,21,TWSE(FMTQIK),complete
tx23-2020-03-27-call,call,2020-03-27,2020-03-27,2020-03-30,20.0,2020-04-29,2368,32.1,0.3896103896103895,缺adj,,2020-03-27,23.1,21,TWSE(FMTQIK),complete
tx23-2020-03-27-call,call,2020-03-27,2020-03-27,2020-03-30,0.0,2020-03-30,2383,108.0,0.023696682464454888,缺adj,,2020-03-27,105.5,21,TWSE(FMTQIK),complete
tx23-2020-03-27-call,call,2020-03-27,2020-03-27,2020-03-30,1.0,2020-03-31,2383,106.0,0.004739336492890933,缺adj,,2020-03-27,105.5,21,TWSE(FMTQIK),complete
tx23-2020-03-27-call,call,2020-03-27,2020-03-27,2020-03-30,2.0,2020-04-01,2383,107.0,0.014218009478673022,缺adj,,2020-03-27,105.5,21,TWSE(FMTQIK),complete
tx23-2020-03-27-call,call,2020-03-27,2020-03-27,2020-03-30,3.0,2020-04-06,2383,114.0,0.08056872037914697,缺adj,,2020-03-27,105.5,21,TWSE(FMTQIK),complete
tx23-2020-03-27-call,call,2020-03-27,2020-03-27,2020-03-30,4.0,2020-04-07,2383,116.0,0.09952606635071093,缺adj,,2020-03-27,105.5,21,TWSE(FMTQIK),complete
tx23-2020-03-27-call,call,2020-03-27,2020-03-27,2020-03-30,5.0,2020-04-08,2383,117.0,0.1090047393364928,缺adj,,2020-03-27,105.5,21,TWSE(FMTQIK),complete
tx23-2020-03-27-call,call,2020-03-27,2020-03-27,2020-03-30,6.0,2020-04-09,2383,115.0,0.09004739336492884,缺adj,,2020-03-27,105.5,21,TWSE(FMTQIK),complete
tx23-2020-03-27-call,call,2020-03-27,2020-03-27,2020-03-30,7.0,2020-04-10,2383,117.0,0.1090047393364928,缺adj,,2020-03-27,105.5,21,TWSE(FMTQIK),complete
tx23-2020-03-27-call,call,2020-03-27,2020-03-27,2020-03-30,8.0,2020-04-13,2383,117.0,0.1090047393364928,缺adj,,2020-03-27,105.5,21,TWSE(FMTQIK),complete
tx23-2020-03-27-call,call,2020-03-27,2020-03-27,2020-03-30,9.0,2020-04-14,2383,120.0,0.13744075829383884,缺adj,,2020-03-27,105.5,21,TWSE(FMTQIK),complete
tx23-2020-03-27-call,call,2020-03-27,2020-03-27,2020-03-30,10.0,2020-04-15,2383,123.0,0.16587677725118488,缺adj,,2020-03-27,105.5,21,TWSE(FMTQIK),complete
tx23-2020-03-27-call,call,2020-03-27,2020-03-27,2020-03-30,11.0,2020-04-16,2383,123.5,0.17061611374407581,缺adj,,2020-03-27,105.5,21,TWSE(FMTQIK),complete
tx23-2020-03-27-call,call,2020-03-27,2020-03-27,2020-03-30,12.0,2020-04-17,2383,123.0,0.16587677725118488,缺adj,,2020-03-27,105.5,21,TWSE(FMTQIK),complete
tx23-2020-03-27-call,call,2020-03-27,2020-03-27,2020-03-30,13.0,2020-04-20,2383,124.5,0.1800947867298579,缺adj,,2020-03-27,105.5,21,TWSE(FMTQIK),complete
tx23-2020-03-27-call,call,2020-03-27,2020-03-27,2020-03-30,14.0,2020-04-21,2383,121.0,0.14691943127962093,缺adj,,2020-03-27,105.5,21,TWSE(FMTQIK),complete
tx23-2020-03-27-call,call,2020-03-27,2020-03-27,2020-03-30,15.0,2020-04-22,2383,121.5,0.15165876777251186,缺adj,,2020-03-27,105.5,21,TWSE(FMTQIK),complete
tx23-2020-03-27-call,call,2020-03-27,2020-03-27,2020-03-30,16.0,2020-04-23,2383,123.0,0.16587677725118488,缺adj,,2020-03-27,105.5,21,TWSE(FMTQIK),complete
tx23-2020-03-27-call,call,2020-03-27,2020-03-27,2020-03-30,17.0,2020-04-24,2383,120.5,0.14218009478672977,缺adj,,2020-03-27,105.5,21,TWSE(FMTQIK),complete
tx23-2020-03-27-call,call,2020-03-27,2020-03-27,2020-03-30,18.0,2020-04-27,2383,122.0,0.1563981042654028,缺adj,,2020-03-27,105.5,21,TWSE(FMTQIK),complete
tx23-2020-03-27-call,call,2020-03-27,2020-03-27,2020-03-30,19.0,2020-04-28,2383,123.5,0.17061611374407581,缺adj,,2020-03-27,105.5,21,TWSE(FMTQIK),complete
tx23-2020-03-27-call,call,2020-03-27,2020-03-27,2020-03-30,20.0,2020-04-29,2383,124.5,0.1800947867298579,缺adj,,2020-03-27,105.5,21,TWSE(FMTQIK),complete
tx23-2020-03-27-call,call,2020-03-27,2020-03-27,2020-03-30,0.0,2020-03-30,6213,132.5,0.019230769230769162,缺adj,,2020-03-27,130.0,21,TWSE(FMTQIK),complete
tx23-2020-03-27-call,call,2020-03-27,2020-03-27,2020-03-30,1.0,2020-03-31,6213,133.5,0.026923076923076827,缺adj,,2020-03-27,130.0,21,TWSE(FMTQIK),complete
tx23-2020-03-27-call,call,2020-03-27,2020-03-27,2020-03-30,2.0,2020-04-01,6213,134.0,0.03076923076923066,缺adj,,2020-03-27,130.0,21,TWSE(FMTQIK),complete
tx23-2020-03-27-call,call,2020-03-27,2020-03-27,2020-03-30,3.0,2020-04-06,6213,146.0,0.12307692307692308,缺adj,,2020-03-27,130.0,21,TWSE(FMTQIK),complete
tx23-2020-03-27-call,call,2020-03-27,2020-03-27,2020-03-30,4.0,2020-04-07,6213,143.0,0.10000000000000009,缺adj,,2020-03-27,130.0,21,TWSE(FMTQIK),complete
tx23-2020-03-27-call,call,2020-03-27,2020-03-27,2020-03-30,5.0,2020-04-08,6213,142.0,0.0923076923076922,缺adj,,2020-03-27,130.0,21,TWSE(FMTQIK),complete
tx23-2020-03-27-call,call,2020-03-27,2020-03-27,2020-03-30,6.0,2020-04-09,6213,138.5,0.06538461538461537,缺adj,,2020-03-27,130.0,21,TWSE(FMTQIK),complete
tx23-2020-03-27-call,call,2020-03-27,2020-03-27,2020-03-30,7.0,2020-04-10,6213,141.0,0.08461538461538454,缺adj,,2020-03-27,130.0,21,TWSE(FMTQIK),complete
tx23-2020-03-27-call,call,2020-03-27,2020-03-27,2020-03-30,8.0,2020-04-13,6213,141.0,0.08461538461538454,缺adj,,2020-03-27,130.0,21,TWSE(FMTQIK),complete
tx23-2020-03-27-call,call,2020-03-27,2020-03-27,2020-03-30,9.0,2020-04-14,6213,144.0,0.10769230769230775,缺adj,,2020-03-27,130.0,21,TWSE(FMTQIK),complete
tx23-2020-03-27-call,call,2020-03-27,2020-03-27,2020-03-30,10.0,2020-04-15,6213,146.5,0.12692307692307692,缺adj,,2020-03-27,130.0,21,TWSE(FMTQIK),complete
tx23-2020-03-27-call,call,2020-03-27,2020-03-27,2020-03-30,11.0,2020-04-16,6213,147.5,0.13461538461538458,缺adj,,2020-03-27,130.0,21,TWSE(FMTQIK),complete
tx23-2020-03-27-call,call,2020-03-27,2020-03-27,2020-03-30,12.0,2020-04-17,6213,143.0,0.10000000000000009,缺adj,,2020-03-27,130.0,21,TWSE(FMTQIK),complete
tx23-2020-03-27-call,call,2020-03-27,2020-03-27,2020-03-30,13.0,2020-04-20,6213,143.0,0.10000000000000009,缺adj,,2020-03-27,130.0,21,TWSE(FMTQIK),complete
tx23-2020-03-27-call,call,2020-03-27,2020-03-27,2020-03-30,14.0,2020-04-21,6213,136.5,0.050000000000000044,缺adj,,2020-03-27,130.0,21,TWSE(FMTQIK),complete
tx23-2020-03-27-call,call,2020-03-27,2020-03-27,2020-03-30,15.0,2020-04-22,6213,136.0,0.04615384615384621,缺adj,,2020-03-27,130.0,21,TWSE(FMTQIK),complete
tx23-2020-03-27-call,call,2020-03-27,2020-03-27,2020-03-30,16.0,2020-04-23,6213,140.0,0.07692307692307687,缺adj,,2020-03-27,130.0,21,TWSE(FMTQIK),complete
tx23-2020-03-27-call,call,2020-03-27,2020-03-27,2020-03-30,17.0,2020-04-24,6213,138.0,0.06153846153846154,缺adj,,2020-03-27,130.0,21,TWSE(FMTQIK),complete
tx23-2020-03-27-call,call,2020-03-27,2020-03-27,2020-03-30,18.0,2020-04-27,6213,140.0,0.07692307692307687,缺adj,,2020-03-27,130.0,21,TWSE(FMTQIK),complete
tx23-2020-03-27-call,call,2020-03-27,2020-03-27,2020-03-30,19.0,2020-04-28,6213,145.0,0.11538461538461542,缺adj,,2020-03-27,130.0,21,TWSE(FMTQIK),complete
tx23-2020-03-27-call,call,2020-03-27,2020-03-27,2020-03-30,20.0,2020-04-29,6213,144.5,0.11153846153846159,缺adj,,2020-03-27,130.0,21,TWSE(FMTQIK),complete
tx23-2020-03-27-call,call,2020-03-27,2020-03-27,2020-03-30,0.0,2020-03-30,6274,117.5,0.021739130434782705,缺adj,,2020-03-27,115.0,21,TWSE(FMTQIK),complete
tx23-2020-03-27-call,call,2020-03-27,2020-03-27,2020-03-30,1.0,2020-03-31,6274,122.0,0.0608695652173914,缺adj,,2020-03-27,115.0,21,TWSE(FMTQIK),complete
tx23-2020-03-27-call,call,2020-03-27,2020-03-27,2020-03-30,2.0,2020-04-01,6274,123.0,0.06956521739130439,缺adj,,2020-03-27,115.0,21,TWSE(FMTQIK),complete
tx23-2020-03-27-call,call,2020-03-27,2020-03-27,2020-03-30,3.0,2020-04-06,6274,120.5,0.047826086956521685,缺adj,,2020-03-27,115.0,21,TWSE(FMTQIK),complete
tx23-2020-03-27-call,call,2020-03-27,2020-03-27,2020-03-30,4.0,2020-04-07,6274,118.5,0.0304347826086957,缺adj,,2020-03-27,115.0,21,TWSE(FMTQIK),complete
tx23-2020-03-27-call,call,2020-03-27,2020-03-27,2020-03-30,5.0,2020-04-08,6274,121.5,0.05652173913043468,缺adj,,2020-03-27,115.0,21,TWSE(FMTQIK),complete
tx23-2020-03-27-call,call,2020-03-27,2020-03-27,2020-03-30,6.0,2020-04-09,6274,121.0,0.05217391304347818,缺adj,,2020-03-27,115.0,21,TWSE(FMTQIK),complete
tx23-2020-03-27-call,call,2020-03-27,2020-03-27,2020-03-30,7.0,2020-04-10,6274,119.5,0.03913043478260869,缺adj,,2020-03-27,115.0,21,TWSE(FMTQIK),complete
tx23-2020-03-27-call,call,2020-03-27,2020-03-27,2020-03-30,8.0,2020-04-13,6274,122.5,0.0652173913043479,缺adj,,2020-03-27,115.0,21,TWSE(FMTQIK),complete
tx23-2020-03-27-call,call,2020-03-27,2020-03-27,2020-03-30,9.0,2020-04-14,6274,125.0,0.08695652173913038,缺adj,,2020-03-27,115.0,21,TWSE(FMTQIK),complete
tx23-2020-03-27-call,call,2020-03-27,2020-03-27,2020-03-30,10.0,2020-04-15,6274,128.5,0.11739130434782608,缺adj,,2020-03-27,115.0,21,TWSE(FMTQIK),complete
tx23-2020-03-27-call,call,2020-03-27,2020-03-27,2020-03-30,11.0,2020-04-16,6274,132.0,0.14782608695652177,缺adj,,2020-03-27,115.0,21,TWSE(FMTQIK),complete
tx23-2020-03-27-call,call,2020-03-27,2020-03-27,2020-03-30,12.0,2020-04-17,6274,129.0,0.12173913043478257,缺adj,,2020-03-27,115.0,21,TWSE(FMTQIK),complete
tx23-2020-03-27-call,call,2020-03-27,2020-03-27,2020-03-30,13.0,2020-04-20,6274,128.5,0.11739130434782608,缺adj,,2020-03-27,115.0,21,TWSE(FMTQIK),complete
tx23-2020-03-27-call,call,2020-03-27,2020-03-27,2020-03-30,14.0,2020-04-21,6274,123.0,0.06956521739130439,缺adj,,2020-03-27,115.0,21,TWSE(FMTQIK),complete
tx23-2020-03-27-call,call,2020-03-27,2020-03-27,2020-03-30,15.0,2020-04-22,6274,124.5,0.08260869565217388,缺adj,,2020-03-27,115.0,21,TWSE(FMTQIK),complete
tx23-2020-03-27-call,call,2020-03-27,2020-03-27,2020-03-30,16.0,2020-04-23,6274,126.5,0.10000000000000009,缺adj,,2020-03-27,115.0,21,TWSE(FMTQIK),complete
tx23-2020-03-27-call,call,2020-03-27,2020-03-27,2020-03-30,17.0,2020-04-24,6274,125.0,0.08695652173913038,缺adj,,2020-03-27,115.0,21,TWSE(FMTQIK),complete
tx23-2020-03-27-call,call,2020-03-27,2020-03-27,2020-03-30,18.0,2020-04-27,6274,125.5,0.09130434782608687,缺adj,,2020-03-27,115.0,21,TWSE(FMTQIK),complete
tx23-2020-03-27-call,call,2020-03-27,2020-03-27,2020-03-30,19.0,2020-04-28,6274,124.5,0.08260869565217388,缺adj,,2020-03-27,115.0,21,TWSE(FMTQIK),complete
tx23-2020-03-27-call,call,2020-03-27,2020-03-27,2020-03-30,20.0,2020-04-29,6274,129.0,0.12173913043478257,缺adj,,2020-03-27,115.0,21,TWSE(FMTQIK),complete
tx23-2020-03-27-call,call,2020-03-27,2020-03-27,2020-03-30,0.0,2020-03-30,2408,53.9,-0.020000000000000018,缺adj,,2020-03-27,55.0,21,TWSE(FMTQIK),complete
tx23-2020-03-27-call,call,2020-03-27,2020-03-27,2020-03-30,1.0,2020-03-31,2408,53.7,-0.023636363636363567,缺adj,,2020-03-27,55.0,21,TWSE(FMTQIK),complete
tx23-2020-03-27-call,call,2020-03-27,2020-03-27,2020-03-30,2.0,2020-04-01,2408,53.9,-0.020000000000000018,缺adj,,2020-03-27,55.0,21,TWSE(FMTQIK),complete
tx23-2020-03-27-call,call,2020-03-27,2020-03-27,2020-03-30,3.0,2020-04-06,2408,56.4,0.025454545454545396,缺adj,,2020-03-27,55.0,21,TWSE(FMTQIK),complete
tx23-2020-03-27-call,call,2020-03-27,2020-03-27,2020-03-30,4.0,2020-04-07,2408,62.0,0.1272727272727272,缺adj,,2020-03-27,55.0,21,TWSE(FMTQIK),complete
tx23-2020-03-27-call,call,2020-03-27,2020-03-27,2020-03-30,5.0,2020-04-08,2408,63.4,0.1527272727272726,缺adj,,2020-03-27,55.0,21,TWSE(FMTQIK),complete
tx23-2020-03-27-call,call,2020-03-27,2020-03-27,2020-03-30,6.0,2020-04-09,2408,62.6,0.13818181818181818,缺adj,,2020-03-27,55.0,21,TWSE(FMTQIK),complete
tx23-2020-03-27-call,call,2020-03-27,2020-03-27,2020-03-30,7.0,2020-04-10,2408,62.0,0.1272727272727272,缺adj,,2020-03-27,55.0,21,TWSE(FMTQIK),complete
tx23-2020-03-27-call,call,2020-03-27,2020-03-27,2020-03-30,8.0,2020-04-13,2408,59.8,0.08727272727272717,缺adj,,2020-03-27,55.0,21,TWSE(FMTQIK),complete
tx23-2020-03-27-call,call,2020-03-27,2020-03-27,2020-03-30,9.0,2020-04-14,2408,60.7,0.10363636363636375,缺adj,,2020-03-27,55.0,21,TWSE(FMTQIK),complete
tx23-2020-03-27-call,call,2020-03-27,2020-03-27,2020-03-30,10.0,2020-04-15,2408,61.3,0.1145454545454545,缺adj,,2020-03-27,55.0,21,TWSE(FMTQIK),complete
tx23-2020-03-27-call,call,2020-03-27,2020-03-27,2020-03-30,11.0,2020-04-16,2408,61.6,0.1200000000000001,缺adj,,2020-03-27,55.0,21,TWSE(FMTQIK),complete
tx23-2020-03-27-call,call,2020-03-27,2020-03-27,2020-03-30,12.0,2020-04-17,2408,61.1,0.11090909090909085,缺adj,,2020-03-27,55.0,21,TWSE(FMTQIK),complete
tx23-2020-03-27-call,call,2020-03-27,2020-03-27,2020-03-30,13.0,2020-04-20,2408,60.8,0.10545454545454547,缺adj,,2020-03-27,55.0,21,TWSE(FMTQIK),complete
tx23-2020-03-27-call,call,2020-03-27,2020-03-27,2020-03-30,14.0,2020-04-21,2408,58.0,0.05454545454545445,缺adj,,2020-03-27,55.0,21,TWSE(FMTQIK),complete
tx23-2020-03-27-call,call,2020-03-27,2020-03-27,2020-03-30,15.0,2020-04-22,2408,59.9,0.08909090909090911,缺adj,,2020-03-27,55.0,21,TWSE(FMTQIK),complete
tx23-2020-03-27-call,call,2020-03-27,2020-03-27,2020-03-30,16.0,2020-04-23,2408,59.4,0.08000000000000007,缺adj,,2020-03-27,55.0,21,TWSE(FMTQIK),complete
tx23-2020-03-27-call,call,2020-03-27,2020-03-27,2020-03-30,17.0,2020-04-24,2408,59.1,0.07454545454545447,缺adj,,2020-03-27,55.0,21,TWSE(FMTQIK),complete
tx23-2020-03-27-call,call,2020-03-27,2020-03-27,2020-03-30,18.0,2020-04-27,2408,61.6,0.1200000000000001,缺adj,,2020-03-27,55.0,21,TWSE(FMTQIK),complete
tx23-2020-03-27-call,call,2020-03-27,2020-03-27,2020-03-30,19.0,2020-04-28,2408,63.2,0.14909090909090916,缺adj,,2020-03-27,55.0,21,TWSE(FMTQIK),complete
tx23-2020-03-27-call,call,2020-03-27,2020-03-27,2020-03-30,20.0,2020-04-29,2408,64.2,0.16727272727272724,缺adj,,2020-03-27,55.0,21,TWSE(FMTQIK),complete
tx23-2020-03-27-call,call,2020-03-27,2020-03-27,2020-03-30,0.0,2020-03-30,2344,11.7,0.0042918454935620964,缺adj,,2020-03-27,11.65,21,TWSE(FMTQIK),complete
tx23-2020-03-27-call,call,2020-03-27,2020-03-27,2020-03-30,1.0,2020-03-31,2344,11.35,-0.025751072961373467,缺adj,,2020-03-27,11.65,21,TWSE(FMTQIK),complete
tx23-2020-03-27-call,call,2020-03-27,2020-03-27,2020-03-30,2.0,2020-04-01,2344,11.6,-0.0042918454935623185,缺adj,,2020-03-27,11.65,21,TWSE(FMTQIK),complete
tx23-2020-03-27-call,call,2020-03-27,2020-03-27,2020-03-30,3.0,2020-04-06,2344,12.0,0.030042918454935563,缺adj,,2020-03-27,11.65,21,TWSE(FMTQIK),complete
tx23-2020-03-27-call,call,2020-03-27,2020-03-27,2020-03-30,4.0,2020-04-07,2344,12.5,0.07296137339055786,缺adj,,2020-03-27,11.65,21,TWSE(FMTQIK),complete
tx23-2020-03-27-call,call,2020-03-27,2020-03-27,2020-03-30,5.0,2020-04-08,2344,12.75,0.09442060085836901,缺adj,,2020-03-27,11.65,21,TWSE(FMTQIK),complete
tx23-2020-03-27-call,call,2020-03-27,2020-03-27,2020-03-30,6.0,2020-04-09,2344,12.8,0.09871244635193133,缺adj,,2020-03-27,11.65,21,TWSE(FMTQIK),complete
tx23-2020-03-27-call,call,2020-03-27,2020-03-27,2020-03-30,7.0,2020-04-10,2344,12.65,0.0858369098712446,缺adj,,2020-03-27,11.65,21,TWSE(FMTQIK),complete
tx23-2020-03-27-call,call,2020-03-27,2020-03-27,2020-03-30,8.0,2020-04-13,2344,12.35,0.060085836909871126,缺adj,,2020-03-27,11.65,21,TWSE(FMTQIK),complete
tx23-2020-03-27-call,call,2020-03-27,2020-03-27,2020-03-30,9.0,2020-04-14,2344,13.05,0.12017167381974247,缺adj,,2020-03-27,11.65,21,TWSE(FMTQIK),complete
tx23-2020-03-27-call,call,2020-03-27,2020-03-27,2020-03-30,10.0,2020-04-15,2344,13.25,0.1373390557939913,缺adj,,2020-03-27,11.65,21,TWSE(FMTQIK),complete
tx23-2020-03-27-call,call,2020-03-27,2020-03-27,2020-03-30,11.0,2020-04-16,2344,13.4,0.15021459227467804,缺adj,,2020-03-27,11.65,21,TWSE(FMTQIK),complete
tx23-2020-03-27-call,call,2020-03-27,2020-03-27,2020-03-30,12.0,2020-04-17,2344,13.3,0.14163090128755362,缺adj,,2020-03-27,11.65,21,TWSE(FMTQIK),complete
tx23-2020-03-27-call,call,2020-03-27,2020-03-27,2020-03-30,13.0,2020-04-20,2344,13.4,0.15021459227467804,缺adj,,2020-03-27,11.65,21,TWSE(FMTQIK),complete
tx23-2020-03-27-call,call,2020-03-27,2020-03-27,2020-03-30,14.0,2020-04-21,2344,12.8,0.09871244635193133,缺adj,,2020-03-27,11.65,21,TWSE(FMTQIK),complete
tx23-2020-03-27-call,call,2020-03-27,2020-03-27,2020-03-30,15.0,2020-04-22,2344,13.0,0.11587982832618016,缺adj,,2020-03-27,11.65,21,TWSE(FMTQIK),complete
tx23-2020-03-27-call,call,2020-03-27,2020-03-27,2020-03-30,16.0,2020-04-23,2344,13.0,0.11587982832618016,缺adj,,2020-03-27,11.65,21,TWSE(FMTQIK),complete
tx23-2020-03-27-call,call,2020-03-27,2020-03-27,2020-03-30,17.0,2020-04-24,2344,13.0,0.11587982832618016,缺adj,,2020-03-27,11.65,21,TWSE(FMTQIK),complete
tx23-2020-03-27-call,call,2020-03-27,2020-03-27,2020-03-30,18.0,2020-04-27,2344,13.45,0.15450643776824036,缺adj,,2020-03-27,11.65,21,TWSE(FMTQIK),complete
tx23-2020-03-27-call,call,2020-03-27,2020-03-27,2020-03-30,19.0,2020-04-28,2344,13.4,0.15021459227467804,缺adj,,2020-03-27,11.65,21,TWSE(FMTQIK),complete
tx23-2020-03-27-call,call,2020-03-27,2020-03-27,2020-03-30,20.0,2020-04-29,2344,13.5,0.15879828326180245,缺adj,,2020-03-27,11.65,21,TWSE(FMTQIK),complete
tx23-2020-03-27-call,call,2020-03-27,2020-03-27,2020-03-30,0.0,2020-03-30,6770,,,MISSING(未上市，首筆 2020-12-09);缺adj,,2020-03-27,,0,TWSE(FMTQIK),complete
tx23-2020-03-27-call,call,2020-03-27,2020-03-27,2020-03-30,1.0,2020-03-31,6770,,,MISSING(未上市，首筆 2020-12-09);缺adj,,2020-03-27,,0,TWSE(FMTQIK),complete
tx23-2020-03-27-call,call,2020-03-27,2020-03-27,2020-03-30,2.0,2020-04-01,6770,,,MISSING(未上市，首筆 2020-12-09);缺adj,,2020-03-27,,0,TWSE(FMTQIK),complete
tx23-2020-03-27-call,call,2020-03-27,2020-03-27,2020-03-30,3.0,2020-04-06,6770,,,MISSING(未上市，首筆 2020-12-09);缺adj,,2020-03-27,,0,TWSE(FMTQIK),complete
tx23-2020-03-27-call,call,2020-03-27,2020-03-27,2020-03-30,4.0,2020-04-07,6770,,,MISSING(未上市，首筆 2020-12-09);缺adj,,2020-03-27,,0,TWSE(FMTQIK),complete
tx23-2020-03-27-call,call,2020-03-27,2020-03-27,2020-03-30,5.0,2020-04-08,6770,,,MISSING(未上市，首筆 2020-12-09);缺adj,,2020-03-27,,0,TWSE(FMTQIK),complete
tx23-2020-03-27-call,call,2020-03-27,2020-03-27,2020-03-30,6.0,2020-04-09,6770,,,MISSING(未上市，首筆 2020-12-09);缺adj,,2020-03-27,,0,TWSE(FMTQIK),complete
tx23-2020-03-27-call,call,2020-03-27,2020-03-27,2020-03-30,7.0,2020-04-10,6770,,,MISSING(未上市，首筆 2020-12-09);缺adj,,2020-03-27,,0,TWSE(FMTQIK),complete
tx23-2020-03-27-call,call,2020-03-27,2020-03-27,2020-03-30,8.0,2020-04-13,6770,,,MISSING(未上市，首筆 2020-12-09);缺adj,,2020-03-27,,0,TWSE(FMTQIK),complete
tx23-2020-03-27-call,call,2020-03-27,2020-03-27,2020-03-30,9.0,2020-04-14,6770,,,MISSING(未上市，首筆 2020-12-09);缺adj,,2020-03-27,,0,TWSE(FMTQIK),complete
tx23-2020-03-27-call,call,2020-03-27,2020-03-27,2020-03-30,10.0,2020-04-15,6770,,,MISSING(未上市，首筆 2020-12-09);缺adj,,2020-03-27,,0,TWSE(FMTQIK),complete
tx23-2020-03-27-call,call,2020-03-27,2020-03-27,2020-03-30,11.0,2020-04-16,6770,,,MISSING(未上市，首筆 2020-12-09);缺adj,,2020-03-27,,0,TWSE(FMTQIK),complete
tx23-2020-03-27-call,call,2020-03-27,2020-03-27,2020-03-30,12.0,2020-04-17,6770,,,MISSING(未上市，首筆 2020-12-09);缺adj,,2020-03-27,,0,TWSE(FMTQIK),complete
tx23-2020-03-27-call,call,2020-03-27,2020-03-27,2020-03-30,13.0,2020-04-20,6770,,,MISSING(未上市，首筆 2020-12-09);缺adj,,2020-03-27,,0,TWSE(FMTQIK),complete
tx23-2020-03-27-call,call,2020-03-27,2020-03-27,2020-03-30,14.0,2020-04-21,6770,,,MISSING(未上市，首筆 2020-12-09);缺adj,,2020-03-27,,0,TWSE(FMTQIK),complete
tx23-2020-03-27-call,call,2020-03-27,2020-03-27,2020-03-30,15.0,2020-04-22,6770,,,MISSING(未上市，首筆 2020-12-09);缺adj,,2020-03-27,,0,TWSE(FMTQIK),complete
tx23-2020-03-27-call,call,2020-03-27,2020-03-27,2020-03-30,16.0,2020-04-23,6770,,,MISSING(未上市，首筆 2020-12-09);缺adj,,2020-03-27,,0,TWSE(FMTQIK),complete
tx23-2020-03-27-call,call,2020-03-27,2020-03-27,2020-03-30,17.0,2020-04-24,6770,,,MISSING(未上市，首筆 2020-12-09);缺adj,,2020-03-27,,0,TWSE(FMTQIK),complete
tx23-2020-03-27-call,call,2020-03-27,2020-03-27,2020-03-30,18.0,2020-04-27,6770,,,MISSING(未上市，首筆 2020-12-09);缺adj,,2020-03-27,,0,TWSE(FMTQIK),complete
tx23-2020-03-27-call,call,2020-03-27,2020-03-27,2020-03-30,19.0,2020-04-28,6770,,,MISSING(未上市，首筆 2020-12-09);缺adj,,2020-03-27,,0,TWSE(FMTQIK),complete
tx23-2020-03-27-call,call,2020-03-27,2020-03-27,2020-03-30,20.0,2020-04-29,6770,,,MISSING(未上市，首筆 2020-12-09);缺adj,,2020-03-27,,0,TWSE(FMTQIK),complete
tx23-2020-03-27-call,call,2020-03-27,2020-03-27,2020-03-30,0.0,2020-03-30,3711,59.2,-0.010033444816053394,缺adj,,2020-03-27,59.8,21,TWSE(FMTQIK),complete
tx23-2020-03-27-call,call,2020-03-27,2020-03-27,2020-03-30,1.0,2020-03-31,3711,58.6,-0.0200668896321069,缺adj,,2020-03-27,59.8,21,TWSE(FMTQIK),complete
tx23-2020-03-27-call,call,2020-03-27,2020-03-27,2020-03-30,2.0,2020-04-01,3711,57.2,-0.04347826086956508,缺adj,,2020-03-27,59.8,21,TWSE(FMTQIK),complete
tx23-2020-03-27-call,call,2020-03-27,2020-03-27,2020-03-30,3.0,2020-04-06,3711,58.8,-0.01672240802675584,缺adj,,2020-03-27,59.8,21,TWSE(FMTQIK),complete
tx23-2020-03-27-call,call,2020-03-27,2020-03-27,2020-03-30,4.0,2020-04-07,3711,61.7,0.03177257525083621,缺adj,,2020-03-27,59.8,21,TWSE(FMTQIK),complete
tx23-2020-03-27-call,call,2020-03-27,2020-03-27,2020-03-30,5.0,2020-04-08,3711,62.0,0.03678929765886285,缺adj,,2020-03-27,59.8,21,TWSE(FMTQIK),complete
tx23-2020-03-27-call,call,2020-03-27,2020-03-27,2020-03-30,6.0,2020-04-09,3711,62.2,0.04013377926421424,缺adj,,2020-03-27,59.8,21,TWSE(FMTQIK),complete
tx23-2020-03-27-call,call,2020-03-27,2020-03-27,2020-03-30,7.0,2020-04-10,3711,61.5,0.028428093645485042,缺adj,,2020-03-27,59.8,21,TWSE(FMTQIK),complete
tx23-2020-03-27-call,call,2020-03-27,2020-03-27,2020-03-30,8.0,2020-04-13,3711,62.0,0.03678929765886285,缺adj,,2020-03-27,59.8,21,TWSE(FMTQIK),complete
tx23-2020-03-27-call,call,2020-03-27,2020-03-27,2020-03-30,9.0,2020-04-14,3711,65.0,0.08695652173913038,缺adj,,2020-03-27,59.8,21,TWSE(FMTQIK),complete
tx23-2020-03-27-call,call,2020-03-27,2020-03-27,2020-03-30,10.0,2020-04-15,3711,65.5,0.09531772575250841,缺adj,,2020-03-27,59.8,21,TWSE(FMTQIK),complete
tx23-2020-03-27-call,call,2020-03-27,2020-03-27,2020-03-30,11.0,2020-04-16,3711,64.7,0.08193979933110374,缺adj,,2020-03-27,59.8,21,TWSE(FMTQIK),complete
tx23-2020-03-27-call,call,2020-03-27,2020-03-27,2020-03-30,12.0,2020-04-17,3711,66.8,0.11705685618729089,缺adj,,2020-03-27,59.8,21,TWSE(FMTQIK),complete
tx23-2020-03-27-call,call,2020-03-27,2020-03-27,2020-03-30,13.0,2020-04-20,3711,65.5,0.09531772575250841,缺adj,,2020-03-27,59.8,21,TWSE(FMTQIK),complete
tx23-2020-03-27-call,call,2020-03-27,2020-03-27,2020-03-30,14.0,2020-04-21,3711,63.1,0.05518394648829439,缺adj,,2020-03-27,59.8,21,TWSE(FMTQIK),complete
tx23-2020-03-27-call,call,2020-03-27,2020-03-27,2020-03-30,15.0,2020-04-22,3711,62.6,0.04682274247491636,缺adj,,2020-03-27,59.8,21,TWSE(FMTQIK),complete
tx23-2020-03-27-call,call,2020-03-27,2020-03-27,2020-03-30,16.0,2020-04-23,3711,63.3,0.05852842809364556,缺adj,,2020-03-27,59.8,21,TWSE(FMTQIK),complete
tx23-2020-03-27-call,call,2020-03-27,2020-03-27,2020-03-30,17.0,2020-04-24,3711,63.1,0.05518394648829439,缺adj,,2020-03-27,59.8,21,TWSE(FMTQIK),complete
tx23-2020-03-27-call,call,2020-03-27,2020-03-27,2020-03-30,18.0,2020-04-27,3711,65.3,0.09197324414715724,缺adj,,2020-03-27,59.8,21,TWSE(FMTQIK),complete
tx23-2020-03-27-call,call,2020-03-27,2020-03-27,2020-03-30,19.0,2020-04-28,3711,64.8,0.08361204013377921,缺adj,,2020-03-27,59.8,21,TWSE(FMTQIK),complete
tx23-2020-03-27-call,call,2020-03-27,2020-03-27,2020-03-30,20.0,2020-04-29,3711,65.3,0.09197324414715724,缺adj,,2020-03-27,59.8,21,TWSE(FMTQIK),complete
tx23-2020-03-27-call,call,2020-03-27,2020-03-27,2020-03-30,0.0,2020-03-30,EW_TW,,0.016391701818916127,n=10/11;缺adj,10.0,2020-03-27,,21,TWSE(FMTQIK),complete
tx23-2020-03-27-call,call,2020-03-27,2020-03-27,2020-03-30,1.0,2020-03-31,EW_TW,,0.03226625552351714,n=10/11;缺adj,10.0,2020-03-27,,21,TWSE(FMTQIK),complete
tx23-2020-03-27-call,call,2020-03-27,2020-03-27,2020-03-30,2.0,2020-04-01,EW_TW,,0.03856150193295277,n=10/11;缺adj,10.0,2020-03-27,,21,TWSE(FMTQIK),complete
tx23-2020-03-27-call,call,2020-03-27,2020-03-27,2020-03-30,3.0,2020-04-06,EW_TW,,0.0716792859269961,n=10/11;缺adj,10.0,2020-03-27,,21,TWSE(FMTQIK),complete
tx23-2020-03-27-call,call,2020-03-27,2020-03-27,2020-03-30,4.0,2020-04-07,EW_TW,,0.10500740071358543,n=10/11;缺adj,10.0,2020-03-27,,21,TWSE(FMTQIK),complete
tx23-2020-03-27-call,call,2020-03-27,2020-03-27,2020-03-30,5.0,2020-04-08,EW_TW,,0.10670060640070929,n=10/11;缺adj,10.0,2020-03-27,,21,TWSE(FMTQIK),complete
tx23-2020-03-27-call,call,2020-03-27,2020-03-27,2020-03-30,6.0,2020-04-09,EW_TW,,0.09295975157493416,n=10/11;缺adj,10.0,2020-03-27,,21,TWSE(FMTQIK),complete
tx23-2020-03-27-call,call,2020-03-27,2020-03-27,2020-03-30,7.0,2020-04-10,EW_TW,,0.10287620625042093,n=10/11;缺adj,10.0,2020-03-27,,21,TWSE(FMTQIK),complete
tx23-2020-03-27-call,call,2020-03-27,2020-03-27,2020-03-30,8.0,2020-04-13,EW_TW,,0.10735465547367859,n=10/11;缺adj,10.0,2020-03-27,,21,TWSE(FMTQIK),complete
tx23-2020-03-27-call,call,2020-03-27,2020-03-27,2020-03-30,9.0,2020-04-14,EW_TW,,0.16718992360305376,n=10/11;缺adj,10.0,2020-03-27,,21,TWSE(FMTQIK),complete
tx23-2020-03-27-call,call,2020-03-27,2020-03-27,2020-03-30,10.0,2020-04-15,EW_TW,,0.17246011868218342,n=10/11;缺adj,10.0,2020-03-27,,21,TWSE(FMTQIK),complete
tx23-2020-03-27-call,call,2020-03-27,2020-03-27,2020-03-30,11.0,2020-04-16,EW_TW,,0.19054190569989743,n=10/11;缺adj,10.0,2020-03-27,,21,TWSE(FMTQIK),complete
tx23-2020-03-27-call,call,2020-03-27,2020-03-27,2020-03-30,12.0,2020-04-17,EW_TW,,0.1785656282240702,n=10/11;缺adj,10.0,2020-03-27,,21,TWSE(FMTQIK),complete
tx23-2020-03-27-call,call,2020-03-27,2020-03-27,2020-03-30,13.0,2020-04-20,EW_TW,,0.18168051634760404,n=10/11;缺adj,10.0,2020-03-27,,21,TWSE(FMTQIK),complete
tx23-2020-03-27-call,call,2020-03-27,2020-03-27,2020-03-30,14.0,2020-04-21,EW_TW,,0.1422231644011104,n=10/11;缺adj,10.0,2020-03-27,,21,TWSE(FMTQIK),complete
tx23-2020-03-27-call,call,2020-03-27,2020-03-27,2020-03-30,15.0,2020-04-22,EW_TW,,0.16202931613151433,n=10/11;缺adj,10.0,2020-03-27,,21,TWSE(FMTQIK),complete
tx23-2020-03-27-call,call,2020-03-27,2020-03-27,2020-03-30,16.0,2020-04-23,EW_TW,,0.17299019319242723,n=10/11;缺adj,10.0,2020-03-27,,21,TWSE(FMTQIK),complete
tx23-2020-03-27-call,call,2020-03-27,2020-03-27,2020-03-30,17.0,2020-04-24,EW_TW,,0.17388803045007675,n=10/11;缺adj,10.0,2020-03-27,,21,TWSE(FMTQIK),complete
tx23-2020-03-27-call,call,2020-03-27,2020-03-27,2020-03-30,18.0,2020-04-27,EW_TW,,0.20335556897440793,n=10/11;缺adj,10.0,2020-03-27,,21,TWSE(FMTQIK),complete
tx23-2020-03-27-call,call,2020-03-27,2020-03-27,2020-03-30,19.0,2020-04-28,EW_TW,,0.21678267919956418,n=10/11;缺adj,10.0,2020-03-27,,21,TWSE(FMTQIK),complete
tx23-2020-03-27-call,call,2020-03-27,2020-03-27,2020-03-30,20.0,2020-04-29,EW_TW,,0.2425783305673539,n=10/11;缺adj,10.0,2020-03-27,,21,TWSE(FMTQIK),complete
tx23-2020-03-27-call,call,2020-03-27,2020-03-27,2020-03-30,0.0,2020-03-30,NET,23.89,0.08788706739526408,缺adj,,2020-03-27,21.96,21,US(own bars),complete
tx23-2020-03-27-call,call,2020-03-27,2020-03-27,2020-03-30,1.0,2020-03-31,NET,23.48,0.06921675774134783,缺adj,,2020-03-27,21.96,21,US(own bars),complete
tx23-2020-03-27-call,call,2020-03-27,2020-03-27,2020-03-30,2.0,2020-04-01,NET,24.12,0.09836065573770503,缺adj,,2020-03-27,21.96,21,US(own bars),complete
tx23-2020-03-27-call,call,2020-03-27,2020-03-27,2020-03-30,3.0,2020-04-02,NET,23.06,0.05009107468123841,缺adj,,2020-03-27,21.96,21,US(own bars),complete
tx23-2020-03-27-call,call,2020-03-27,2020-03-27,2020-03-30,4.0,2020-04-03,NET,24.08,0.09653916211293256,缺adj,,2020-03-27,21.96,21,US(own bars),complete
tx23-2020-03-27-call,call,2020-03-27,2020-03-27,2020-03-30,5.0,2020-04-06,NET,23.64,0.07650273224043724,缺adj,,2020-03-27,21.96,21,US(own bars),complete
tx23-2020-03-27-call,call,2020-03-27,2020-03-27,2020-03-30,6.0,2020-04-07,NET,22.8,0.03825136612021862,缺adj,,2020-03-27,21.96,21,US(own bars),complete
tx23-2020-03-27-call,call,2020-03-27,2020-03-27,2020-03-30,7.0,2020-04-08,NET,22.84,0.04007285974499086,缺adj,,2020-03-27,21.96,21,US(own bars),complete
tx23-2020-03-27-call,call,2020-03-27,2020-03-27,2020-03-30,8.0,2020-04-09,NET,21.18,-0.03551912568306015,缺adj,,2020-03-27,21.96,21,US(own bars),complete
tx23-2020-03-27-call,call,2020-03-27,2020-03-27,2020-03-30,9.0,2020-04-13,NET,23.62,0.0755919854280509,缺adj,,2020-03-27,21.96,21,US(own bars),complete
tx23-2020-03-27-call,call,2020-03-27,2020-03-27,2020-03-30,10.0,2020-04-14,NET,22.91,0.043260473588342396,缺adj,,2020-03-27,21.96,21,US(own bars),complete
tx23-2020-03-27-call,call,2020-03-27,2020-03-27,2020-03-30,11.0,2020-04-15,NET,23.89,0.08788706739526408,缺adj,,2020-03-27,21.96,21,US(own bars),complete
tx23-2020-03-27-call,call,2020-03-27,2020-03-27,2020-03-30,12.0,2020-04-16,NET,25.42,0.1575591985428051,缺adj,,2020-03-27,21.96,21,US(own bars),complete
tx23-2020-03-27-call,call,2020-03-27,2020-03-27,2020-03-30,13.0,2020-04-17,NET,24.83,0.1306921675774133,缺adj,,2020-03-27,21.96,21,US(own bars),complete
tx23-2020-03-27-call,call,2020-03-27,2020-03-27,2020-03-30,14.0,2020-04-20,NET,26.18,0.192167577413479,缺adj,,2020-03-27,21.96,21,US(own bars),complete
tx23-2020-03-27-call,call,2020-03-27,2020-03-27,2020-03-30,15.0,2020-04-21,NET,23.94,0.0901639344262295,缺adj,,2020-03-27,21.96,21,US(own bars),complete
tx23-2020-03-27-call,call,2020-03-27,2020-03-27,2020-03-30,16.0,2020-04-22,NET,24.61,0.12067395264116576,缺adj,,2020-03-27,21.96,21,US(own bars),complete
tx23-2020-03-27-call,call,2020-03-27,2020-03-27,2020-03-30,17.0,2020-04-23,NET,23.73,0.0806010928961749,缺adj,,2020-03-27,21.96,21,US(own bars),complete
tx23-2020-03-27-call,call,2020-03-27,2020-03-27,2020-03-30,18.0,2020-04-24,NET,23.28,0.060109289617486406,缺adj,,2020-03-27,21.96,21,US(own bars),complete
tx23-2020-03-27-call,call,2020-03-27,2020-03-27,2020-03-30,19.0,2020-04-27,NET,24.47,0.11429872495446247,缺adj,,2020-03-27,21.96,21,US(own bars),complete
tx23-2020-03-27-call,call,2020-03-27,2020-03-27,2020-03-30,20.0,2020-04-28,NET,23.47,0.06876138433515466,缺adj,,2020-03-27,21.96,21,US(own bars),complete
tx24-2025-01-17-call,call,2025-01-17,2025-01-17,2025-01-20,0.0,2025-01-20,TAIEX,23266.82,0.005129583101492585,缺adj,,2025-01-17,23148.08,21,TWSE(FMTQIK),complete
tx24-2025-01-17-call,call,2025-01-17,2025-01-17,2025-01-20,1.0,2025-01-21,TAIEX,23300.01,0.006563395322635612,缺adj,,2025-01-17,23148.08,21,TWSE(FMTQIK),complete
tx24-2025-01-17-call,call,2025-01-17,2025-01-17,2025-01-20,2.0,2025-01-22,TAIEX,23525.41,0.016300703989272414,缺adj,,2025-01-17,23148.08,21,TWSE(FMTQIK),complete
tx24-2025-01-17-call,call,2025-01-17,2025-01-17,2025-01-20,3.0,2025-02-03,TAIEX,22694.71,-0.019585641660129105,缺adj,,2025-01-17,23148.08,21,TWSE(FMTQIK),complete
tx24-2025-01-17-call,call,2025-01-17,2025-01-17,2025-01-20,4.0,2025-02-04,TAIEX,22793.96,-0.015298029037397631,缺adj,,2025-01-17,23148.08,21,TWSE(FMTQIK),complete
tx24-2025-01-17-call,call,2025-01-17,2025-01-17,2025-01-20,5.0,2025-02-05,TAIEX,23161.58,0.0005832017169458137,缺adj,,2025-01-17,23148.08,21,TWSE(FMTQIK),complete
tx24-2025-01-17-call,call,2025-01-17,2025-01-17,2025-01-20,6.0,2025-02-06,TAIEX,23316.6,0.007280085432571415,缺adj,,2025-01-17,23148.08,21,TWSE(FMTQIK),complete
tx24-2025-01-17-call,call,2025-01-17,2025-01-17,2025-01-20,7.0,2025-02-07,TAIEX,23478.27,0.014264249993951816,缺adj,,2025-01-17,23148.08,21,TWSE(FMTQIK),complete
tx24-2025-01-17-call,call,2025-01-17,2025-01-17,2025-01-20,8.0,2025-02-10,TAIEX,23252.14,0.0044954052344730044,缺adj,,2025-01-17,23148.08,21,TWSE(FMTQIK),complete
tx24-2025-01-17-call,call,2025-01-17,2025-01-17,2025-01-20,9.0,2025-02-11,TAIEX,23384.05,0.010193934010941597,缺adj,,2025-01-17,23148.08,21,TWSE(FMTQIK),complete
tx24-2025-01-17-call,call,2025-01-17,2025-01-17,2025-01-20,10.0,2025-02-12,TAIEX,23289.75,0.006120162017756892,缺adj,,2025-01-17,23148.08,21,TWSE(FMTQIK),complete
tx24-2025-01-17-call,call,2025-01-17,2025-01-17,2025-01-20,11.0,2025-02-13,TAIEX,23399.41,0.010857487964444523,缺adj,,2025-01-17,23148.08,21,TWSE(FMTQIK),complete
tx24-2025-01-17-call,call,2025-01-17,2025-01-17,2025-01-20,12.0,2025-02-14,TAIEX,23152.61,0.00019569657613072167,缺adj,,2025-01-17,23148.08,21,TWSE(FMTQIK),complete
tx24-2025-01-17-call,call,2025-01-17,2025-01-17,2025-01-20,13.0,2025-02-17,TAIEX,23505.33,0.01543324543547464,缺adj,,2025-01-17,23148.08,21,TWSE(FMTQIK),complete
tx24-2025-01-17-call,call,2025-01-17,2025-01-17,2025-01-20,14.0,2025-02-18,TAIEX,23666.11,0.02237896188366384,缺adj,,2025-01-17,23148.08,21,TWSE(FMTQIK),complete
tx24-2025-01-17-call,call,2025-01-17,2025-01-17,2025-01-20,15.0,2025-02-19,TAIEX,23604.08,0.019699257994615582,缺adj,,2025-01-17,23148.08,21,TWSE(FMTQIK),complete
tx24-2025-01-17-call,call,2025-01-17,2025-01-17,2025-01-20,16.0,2025-02-20,TAIEX,23487.46,0.014661259162746854,缺adj,,2025-01-17,23148.08,21,TWSE(FMTQIK),complete
tx24-2025-01-17-call,call,2025-01-17,2025-01-17,2025-01-20,17.0,2025-02-21,TAIEX,23730.25,0.02514981804106431,缺adj,,2025-01-17,23148.08,21,TWSE(FMTQIK),complete
tx24-2025-01-17-call,call,2025-01-17,2025-01-17,2025-01-20,18.0,2025-02-24,TAIEX,23565.31,0.018024389063801438,缺adj,,2025-01-17,23148.08,21,TWSE(FMTQIK),complete
tx24-2025-01-17-call,call,2025-01-17,2025-01-17,2025-01-20,19.0,2025-02-25,TAIEX,23285.72,0.005946065505216813,缺adj,,2025-01-17,23148.08,21,TWSE(FMTQIK),complete
tx24-2025-01-17-call,call,2025-01-17,2025-01-17,2025-01-20,20.0,2025-02-26,TAIEX,23402.55,0.010993136363793399,缺adj,,2025-01-17,23148.08,21,TWSE(FMTQIK),complete
tx24-2025-01-17-call,call,2025-01-17,2025-01-17,2025-01-20,0.0,2025-01-20,3037,141.0,-0.007042253521126751,缺adj,,2025-01-17,142.0,21,TWSE(FMTQIK),complete
tx24-2025-01-17-call,call,2025-01-17,2025-01-17,2025-01-20,1.0,2025-01-21,3037,139.5,-0.017605633802816878,缺adj,,2025-01-17,142.0,21,TWSE(FMTQIK),complete
tx24-2025-01-17-call,call,2025-01-17,2025-01-17,2025-01-20,2.0,2025-01-22,3037,139.0,-0.021126760563380254,缺adj,,2025-01-17,142.0,21,TWSE(FMTQIK),complete
tx24-2025-01-17-call,call,2025-01-17,2025-01-17,2025-01-20,3.0,2025-02-03,3037,126.5,-0.10915492957746475,缺adj,,2025-01-17,142.0,21,TWSE(FMTQIK),complete
tx24-2025-01-17-call,call,2025-01-17,2025-01-17,2025-01-20,4.0,2025-02-04,3037,121.5,-0.14436619718309862,缺adj,,2025-01-17,142.0,21,TWSE(FMTQIK),complete
tx24-2025-01-17-call,call,2025-01-17,2025-01-17,2025-01-20,5.0,2025-02-05,3037,123.0,-0.1338028169014085,缺adj,,2025-01-17,142.0,21,TWSE(FMTQIK),complete
tx24-2025-01-17-call,call,2025-01-17,2025-01-17,2025-01-20,6.0,2025-02-06,3037,123.5,-0.13028169014084512,缺adj,,2025-01-17,142.0,21,TWSE(FMTQIK),complete
tx24-2025-01-17-call,call,2025-01-17,2025-01-17,2025-01-20,7.0,2025-02-07,3037,125.0,-0.11971830985915488,缺adj,,2025-01-17,142.0,21,TWSE(FMTQIK),complete
tx24-2025-01-17-call,call,2025-01-17,2025-01-17,2025-01-20,8.0,2025-02-10,3037,123.5,-0.13028169014084512,缺adj,,2025-01-17,142.0,21,TWSE(FMTQIK),complete
tx24-2025-01-17-call,call,2025-01-17,2025-01-17,2025-01-20,9.0,2025-02-11,3037,124.5,-0.12323943661971826,缺adj,,2025-01-17,142.0,21,TWSE(FMTQIK),complete
tx24-2025-01-17-call,call,2025-01-17,2025-01-17,2025-01-20,10.0,2025-02-12,3037,122.0,-0.14084507042253525,缺adj,,2025-01-17,142.0,21,TWSE(FMTQIK),complete
tx24-2025-01-17-call,call,2025-01-17,2025-01-17,2025-01-20,11.0,2025-02-13,3037,128.0,-0.09859154929577463,缺adj,,2025-01-17,142.0,21,TWSE(FMTQIK),complete
tx24-2025-01-17-call,call,2025-01-17,2025-01-17,2025-01-20,12.0,2025-02-14,3037,126.5,-0.10915492957746475,缺adj,,2025-01-17,142.0,21,TWSE(FMTQIK),complete
tx24-2025-01-17-call,call,2025-01-17,2025-01-17,2025-01-20,13.0,2025-02-17,3037,125.0,-0.11971830985915488,缺adj,,2025-01-17,142.0,21,TWSE(FMTQIK),complete
tx24-2025-01-17-call,call,2025-01-17,2025-01-17,2025-01-20,14.0,2025-02-18,3037,128.0,-0.09859154929577463,缺adj,,2025-01-17,142.0,21,TWSE(FMTQIK),complete
tx24-2025-01-17-call,call,2025-01-17,2025-01-17,2025-01-20,15.0,2025-02-19,3037,130.0,-0.08450704225352113,缺adj,,2025-01-17,142.0,21,TWSE(FMTQIK),complete
tx24-2025-01-17-call,call,2025-01-17,2025-01-17,2025-01-20,16.0,2025-02-20,3037,127.5,-0.102112676056338,缺adj,,2025-01-17,142.0,21,TWSE(FMTQIK),complete
tx24-2025-01-17-call,call,2025-01-17,2025-01-17,2025-01-20,17.0,2025-02-21,3037,131.5,-0.073943661971831,缺adj,,2025-01-17,142.0,21,TWSE(FMTQIK),complete
tx24-2025-01-17-call,call,2025-01-17,2025-01-17,2025-01-20,18.0,2025-02-24,3037,130.5,-0.08098591549295775,缺adj,,2025-01-17,142.0,21,TWSE(FMTQIK),complete
tx24-2025-01-17-call,call,2025-01-17,2025-01-17,2025-01-20,19.0,2025-02-25,3037,129.5,-0.0880281690140845,缺adj,,2025-01-17,142.0,21,TWSE(FMTQIK),complete
tx24-2025-01-17-call,call,2025-01-17,2025-01-17,2025-01-20,20.0,2025-02-26,3037,125.5,-0.1161971830985915,缺adj,,2025-01-17,142.0,21,TWSE(FMTQIK),complete
tx24-2025-01-17-call,call,2025-01-17,2025-01-17,2025-01-20,0.0,2025-01-20,8046,132.0,-0.007518796992481258,缺adj,,2025-01-17,133.0,21,TWSE(FMTQIK),complete
tx24-2025-01-17-call,call,2025-01-17,2025-01-17,2025-01-20,1.0,2025-01-21,8046,132.0,-0.007518796992481258,缺adj,,2025-01-17,133.0,21,TWSE(FMTQIK),complete
tx24-2025-01-17-call,call,2025-01-17,2025-01-17,2025-01-20,2.0,2025-01-22,8046,136.0,0.022556390977443552,缺adj,,2025-01-17,133.0,21,TWSE(FMTQIK),complete
tx24-2025-01-17-call,call,2025-01-17,2025-01-17,2025-01-20,3.0,2025-02-03,8046,127.5,-0.041353383458646586,缺adj,,2025-01-17,133.0,21,TWSE(FMTQIK),complete
tx24-2025-01-17-call,call,2025-01-17,2025-01-17,2025-01-20,4.0,2025-02-04,8046,129.5,-0.02631578947368418,缺adj,,2025-01-17,133.0,21,TWSE(FMTQIK),complete
tx24-2025-01-17-call,call,2025-01-17,2025-01-17,2025-01-20,5.0,2025-02-05,8046,127.0,-0.045112781954887216,缺adj,,2025-01-17,133.0,21,TWSE(FMTQIK),complete
tx24-2025-01-17-call,call,2025-01-17,2025-01-17,2025-01-20,6.0,2025-02-06,8046,135.0,0.015037593984962516,缺adj,,2025-01-17,133.0,21,TWSE(FMTQIK),complete
tx24-2025-01-17-call,call,2025-01-17,2025-01-17,2025-01-20,7.0,2025-02-07,8046,136.0,0.022556390977443552,缺adj,,2025-01-17,133.0,21,TWSE(FMTQIK),complete
tx24-2025-01-17-call,call,2025-01-17,2025-01-17,2025-01-20,8.0,2025-02-10,8046,137.0,0.03007518796992481,缺adj,,2025-01-17,133.0,21,TWSE(FMTQIK),complete
tx24-2025-01-17-call,call,2025-01-17,2025-01-17,2025-01-20,9.0,2025-02-11,8046,133.5,0.003759398496240518,缺adj,,2025-01-17,133.0,21,TWSE(FMTQIK),complete
tx24-2025-01-17-call,call,2025-01-17,2025-01-17,2025-01-20,10.0,2025-02-12,8046,127.5,-0.041353383458646586,缺adj,,2025-01-17,133.0,21,TWSE(FMTQIK),complete
tx24-2025-01-17-call,call,2025-01-17,2025-01-17,2025-01-20,11.0,2025-02-13,8046,133.0,0.0,缺adj,,2025-01-17,133.0,21,TWSE(FMTQIK),complete
tx24-2025-01-17-call,call,2025-01-17,2025-01-17,2025-01-20,12.0,2025-02-14,8046,132.5,-0.003759398496240629,缺adj,,2025-01-17,133.0,21,TWSE(FMTQIK),complete
tx24-2025-01-17-call,call,2025-01-17,2025-01-17,2025-01-20,13.0,2025-02-17,8046,132.5,-0.003759398496240629,缺adj,,2025-01-17,133.0,21,TWSE(FMTQIK),complete
tx24-2025-01-17-call,call,2025-01-17,2025-01-17,2025-01-20,14.0,2025-02-18,8046,139.5,0.048872180451127845,缺adj,,2025-01-17,133.0,21,TWSE(FMTQIK),complete
tx24-2025-01-17-call,call,2025-01-17,2025-01-17,2025-01-20,15.0,2025-02-19,8046,144.0,0.08270676691729317,缺adj,,2025-01-17,133.0,21,TWSE(FMTQIK),complete
tx24-2025-01-17-call,call,2025-01-17,2025-01-17,2025-01-20,16.0,2025-02-20,8046,144.5,0.08646616541353391,缺adj,,2025-01-17,133.0,21,TWSE(FMTQIK),complete
tx24-2025-01-17-call,call,2025-01-17,2025-01-17,2025-01-20,17.0,2025-02-21,8046,144.5,0.08646616541353391,缺adj,,2025-01-17,133.0,21,TWSE(FMTQIK),complete
tx24-2025-01-17-call,call,2025-01-17,2025-01-17,2025-01-20,18.0,2025-02-24,8046,140.0,0.05263157894736836,缺adj,,2025-01-17,133.0,21,TWSE(FMTQIK),complete
tx24-2025-01-17-call,call,2025-01-17,2025-01-17,2025-01-20,19.0,2025-02-25,8046,143.5,0.07894736842105265,缺adj,,2025-01-17,133.0,21,TWSE(FMTQIK),complete
tx24-2025-01-17-call,call,2025-01-17,2025-01-17,2025-01-20,20.0,2025-02-26,8046,141.0,0.06015037593984962,缺adj,,2025-01-17,133.0,21,TWSE(FMTQIK),complete
tx24-2025-01-17-call,call,2025-01-17,2025-01-17,2025-01-20,0.0,2025-01-20,3189,97.7,-0.0010224948875254825,缺adj,,2025-01-17,97.8,21,TWSE(FMTQIK),complete
tx24-2025-01-17-call,call,2025-01-17,2025-01-17,2025-01-20,1.0,2025-01-21,3189,97.8,0.0,缺adj,,2025-01-17,97.8,21,TWSE(FMTQIK),complete
tx24-2025-01-17-call,call,2025-01-17,2025-01-17,2025-01-20,2.0,2025-01-22,3189,98.1,0.0030674846625766694,缺adj,,2025-01-17,97.8,21,TWSE(FMTQIK),complete
tx24-2025-01-17-call,call,2025-01-17,2025-01-17,2025-01-20,3.0,2025-02-03,3189,96.7,-0.011247443762781084,缺adj,,2025-01-17,97.8,21,TWSE(FMTQIK),complete
tx24-2025-01-17-call,call,2025-01-17,2025-01-17,2025-01-20,4.0,2025-02-04,3189,93.7,-0.041922290388548,缺adj,,2025-01-17,97.8,21,TWSE(FMTQIK),complete
tx24-2025-01-17-call,call,2025-01-17,2025-01-17,2025-01-20,5.0,2025-02-05,3189,95.1,-0.027607361963190247,缺adj,,2025-01-17,97.8,21,TWSE(FMTQIK),complete
tx24-2025-01-17-call,call,2025-01-17,2025-01-17,2025-01-20,6.0,2025-02-06,3189,97.6,-0.002044989775051187,缺adj,,2025-01-17,97.8,21,TWSE(FMTQIK),complete
tx24-2025-01-17-call,call,2025-01-17,2025-01-17,2025-01-20,7.0,2025-02-07,3189,96.5,-0.013292433537832271,缺adj,,2025-01-17,97.8,21,TWSE(FMTQIK),complete
tx24-2025-01-17-call,call,2025-01-17,2025-01-17,2025-01-20,8.0,2025-02-10,3189,95.7,-0.021472392638036797,缺adj,,2025-01-17,97.8,21,TWSE(FMTQIK),complete
tx24-2025-01-17-call,call,2025-01-17,2025-01-17,2025-01-20,9.0,2025-02-11,3189,94.5,-0.033742331288343586,缺adj,,2025-01-17,97.8,21,TWSE(FMTQIK),complete
tx24-2025-01-17-call,call,2025-01-17,2025-01-17,2025-01-20,10.0,2025-02-12,3189,93.0,-0.04907975460122693,缺adj,,2025-01-17,97.8,21,TWSE(FMTQIK),complete
tx24-2025-01-17-call,call,2025-01-17,2025-01-17,2025-01-20,11.0,2025-02-13,3189,96.7,-0.011247443762781084,缺adj,,2025-01-17,97.8,21,TWSE(FMTQIK),complete
tx24-2025-01-17-call,call,2025-01-17,2025-01-17,2025-01-20,12.0,2025-02-14,3189,96.9,-0.009202453987730008,缺adj,,2025-01-17,97.8,21,TWSE(FMTQIK),complete
tx24-2025-01-17-call,call,2025-01-17,2025-01-17,2025-01-20,13.0,2025-02-17,3189,100.0,0.02249488752556239,缺adj,,2025-01-17,97.8,21,TWSE(FMTQIK),complete
tx24-2025-01-17-call,call,2025-01-17,2025-01-17,2025-01-20,14.0,2025-02-18,3189,103.5,0.05828220858895716,缺adj,,2025-01-17,97.8,21,TWSE(FMTQIK),complete
tx24-2025-01-17-call,call,2025-01-17,2025-01-17,2025-01-20,15.0,2025-02-19,3189,106.0,0.08384458077709622,缺adj,,2025-01-17,97.8,21,TWSE(FMTQIK),complete
tx24-2025-01-17-call,call,2025-01-17,2025-01-17,2025-01-20,16.0,2025-02-20,3189,107.0,0.09406952965235171,缺adj,,2025-01-17,97.8,21,TWSE(FMTQIK),complete
tx24-2025-01-17-call,call,2025-01-17,2025-01-17,2025-01-20,17.0,2025-02-21,3189,107.0,0.09406952965235171,缺adj,,2025-01-17,97.8,21,TWSE(FMTQIK),complete
tx24-2025-01-17-call,call,2025-01-17,2025-01-17,2025-01-20,18.0,2025-02-24,3189,104.0,0.0633946830265848,缺adj,,2025-01-17,97.8,21,TWSE(FMTQIK),complete
tx24-2025-01-17-call,call,2025-01-17,2025-01-17,2025-01-20,19.0,2025-02-25,3189,105.0,0.07361963190184051,缺adj,,2025-01-17,97.8,21,TWSE(FMTQIK),complete
tx24-2025-01-17-call,call,2025-01-17,2025-01-17,2025-01-20,20.0,2025-02-26,3189,104.0,0.0633946830265848,缺adj,,2025-01-17,97.8,21,TWSE(FMTQIK),complete
tx24-2025-01-17-call,call,2025-01-17,2025-01-17,2025-01-20,0.0,2025-01-20,2368,220.0,0.037735849056603765,缺adj,,2025-01-17,212.0,21,TWSE(FMTQIK),complete
tx24-2025-01-17-call,call,2025-01-17,2025-01-17,2025-01-20,1.0,2025-01-21,2368,219.0,0.03301886792452824,缺adj,,2025-01-17,212.0,21,TWSE(FMTQIK),complete
tx24-2025-01-17-call,call,2025-01-17,2025-01-17,2025-01-20,2.0,2025-01-22,2368,223.0,0.05188679245283012,缺adj,,2025-01-17,212.0,21,TWSE(FMTQIK),complete
tx24-2025-01-17-call,call,2025-01-17,2025-01-17,2025-01-20,3.0,2025-02-03,2368,214.0,0.009433962264151052,缺adj,,2025-01-17,212.0,21,TWSE(FMTQIK),complete
tx24-2025-01-17-call,call,2025-01-17,2025-01-17,2025-01-20,4.0,2025-02-04,2368,216.0,0.018867924528301883,缺adj,,2025-01-17,212.0,21,TWSE(FMTQIK),complete
tx24-2025-01-17-call,call,2025-01-17,2025-01-17,2025-01-20,5.0,2025-02-05,2368,218.0,0.028301886792452935,缺adj,,2025-01-17,212.0,21,TWSE(FMTQIK),complete
tx24-2025-01-17-call,call,2025-01-17,2025-01-17,2025-01-20,6.0,2025-02-06,2368,218.5,0.030660377358490587,缺adj,,2025-01-17,212.0,21,TWSE(FMTQIK),complete
tx24-2025-01-17-call,call,2025-01-17,2025-01-17,2025-01-20,7.0,2025-02-07,2368,228.0,0.07547169811320753,缺adj,,2025-01-17,212.0,21,TWSE(FMTQIK),complete
tx24-2025-01-17-call,call,2025-01-17,2025-01-17,2025-01-20,8.0,2025-02-10,2368,222.0,0.04716981132075482,缺adj,,2025-01-17,212.0,21,TWSE(FMTQIK),complete
tx24-2025-01-17-call,call,2025-01-17,2025-01-17,2025-01-20,9.0,2025-02-11,2368,220.5,0.04009433962264142,缺adj,,2025-01-17,212.0,21,TWSE(FMTQIK),complete
tx24-2025-01-17-call,call,2025-01-17,2025-01-17,2025-01-20,10.0,2025-02-12,2368,220.5,0.04009433962264142,缺adj,,2025-01-17,212.0,21,TWSE(FMTQIK),complete
tx24-2025-01-17-call,call,2025-01-17,2025-01-17,2025-01-20,11.0,2025-02-13,2368,226.5,0.06839622641509435,缺adj,,2025-01-17,212.0,21,TWSE(FMTQIK),complete
tx24-2025-01-17-call,call,2025-01-17,2025-01-17,2025-01-20,12.0,2025-02-14,2368,226.0,0.0660377358490567,缺adj,,2025-01-17,212.0,21,TWSE(FMTQIK),complete
tx24-2025-01-17-call,call,2025-01-17,2025-01-17,2025-01-20,13.0,2025-02-17,2368,225.0,0.061320754716981174,缺adj,,2025-01-17,212.0,21,TWSE(FMTQIK),complete
tx24-2025-01-17-call,call,2025-01-17,2025-01-17,2025-01-20,14.0,2025-02-18,2368,236.5,0.11556603773584895,缺adj,,2025-01-17,212.0,21,TWSE(FMTQIK),complete
tx24-2025-01-17-call,call,2025-01-17,2025-01-17,2025-01-20,15.0,2025-02-19,2368,240.5,0.13443396226415105,缺adj,,2025-01-17,212.0,21,TWSE(FMTQIK),complete
tx24-2025-01-17-call,call,2025-01-17,2025-01-17,2025-01-20,16.0,2025-02-20,2368,232.0,0.09433962264150941,缺adj,,2025-01-17,212.0,21,TWSE(FMTQIK),complete
tx24-2025-01-17-call,call,2025-01-17,2025-01-17,2025-01-20,17.0,2025-02-21,2368,235.0,0.10849056603773577,缺adj,,2025-01-17,212.0,21,TWSE(FMTQIK),complete
tx24-2025-01-17-call,call,2025-01-17,2025-01-17,2025-01-20,18.0,2025-02-24,2368,223.5,0.054245283018867996,缺adj,,2025-01-17,212.0,21,TWSE(FMTQIK),complete
tx24-2025-01-17-call,call,2025-01-17,2025-01-17,2025-01-20,19.0,2025-02-25,2368,216.5,0.021226415094339535,缺adj,,2025-01-17,212.0,21,TWSE(FMTQIK),complete
tx24-2025-01-17-call,call,2025-01-17,2025-01-17,2025-01-20,20.0,2025-02-26,2368,222.0,0.04716981132075482,缺adj,,2025-01-17,212.0,21,TWSE(FMTQIK),complete
tx24-2025-01-17-call,call,2025-01-17,2025-01-17,2025-01-20,0.0,2025-01-20,2383,603.0,0.008361204013378032,缺adj,,2025-01-17,598.0,21,TWSE(FMTQIK),complete
tx24-2025-01-17-call,call,2025-01-17,2025-01-17,2025-01-20,1.0,2025-01-21,2383,604.0,0.010033444816053505,缺adj,,2025-01-17,598.0,21,TWSE(FMTQIK),complete
tx24-2025-01-17-call,call,2025-01-17,2025-01-17,2025-01-20,2.0,2025-01-22,2383,614.0,0.026755852842809347,缺adj,,2025-01-17,598.0,21,TWSE(FMTQIK),complete
tx24-2025-01-17-call,call,2025-01-17,2025-01-17,2025-01-20,3.0,2025-02-03,2383,553.0,-0.07525083612040129,缺adj,,2025-01-17,598.0,21,TWSE(FMTQIK),complete
tx24-2025-01-17-call,call,2025-01-17,2025-01-17,2025-01-20,4.0,2025-02-04,2383,546.0,-0.08695652173913049,缺adj,,2025-01-17,598.0,21,TWSE(FMTQIK),complete
tx24-2025-01-17-call,call,2025-01-17,2025-01-17,2025-01-20,5.0,2025-02-05,2383,576.0,-0.03678929765886285,缺adj,,2025-01-17,598.0,21,TWSE(FMTQIK),complete
tx24-2025-01-17-call,call,2025-01-17,2025-01-17,2025-01-20,6.0,2025-02-06,2383,600.0,0.0033444816053511683,缺adj,,2025-01-17,598.0,21,TWSE(FMTQIK),complete
tx24-2025-01-17-call,call,2025-01-17,2025-01-17,2025-01-20,7.0,2025-02-07,2383,615.0,0.028428093645485042,缺adj,,2025-01-17,598.0,21,TWSE(FMTQIK),complete
tx24-2025-01-17-call,call,2025-01-17,2025-01-17,2025-01-20,8.0,2025-02-10,2383,612.0,0.02341137123745818,缺adj,,2025-01-17,598.0,21,TWSE(FMTQIK),complete
tx24-2025-01-17-call,call,2025-01-17,2025-01-17,2025-01-20,9.0,2025-02-11,2383,620.0,0.03678929765886285,缺adj,,2025-01-17,598.0,21,TWSE(FMTQIK),complete
tx24-2025-01-17-call,call,2025-01-17,2025-01-17,2025-01-20,10.0,2025-02-12,2383,604.0,0.010033444816053505,缺adj,,2025-01-17,598.0,21,TWSE(FMTQIK),complete
tx24-2025-01-17-call,call,2025-01-17,2025-01-17,2025-01-20,11.0,2025-02-13,2383,603.0,0.008361204013378032,缺adj,,2025-01-17,598.0,21,TWSE(FMTQIK),complete
tx24-2025-01-17-call,call,2025-01-17,2025-01-17,2025-01-20,12.0,2025-02-14,2383,595.0,-0.0050167224080267525,缺adj,,2025-01-17,598.0,21,TWSE(FMTQIK),complete
tx24-2025-01-17-call,call,2025-01-17,2025-01-17,2025-01-20,13.0,2025-02-17,2383,594.0,-0.006688963210702337,缺adj,,2025-01-17,598.0,21,TWSE(FMTQIK),complete
tx24-2025-01-17-call,call,2025-01-17,2025-01-17,2025-01-20,14.0,2025-02-18,2383,612.0,0.02341137123745818,缺adj,,2025-01-17,598.0,21,TWSE(FMTQIK),complete
tx24-2025-01-17-call,call,2025-01-17,2025-01-17,2025-01-20,15.0,2025-02-19,2383,611.0,0.021739130434782705,缺adj,,2025-01-17,598.0,21,TWSE(FMTQIK),complete
tx24-2025-01-17-call,call,2025-01-17,2025-01-17,2025-01-20,16.0,2025-02-20,2383,603.0,0.008361204013378032,缺adj,,2025-01-17,598.0,21,TWSE(FMTQIK),complete
tx24-2025-01-17-call,call,2025-01-17,2025-01-17,2025-01-20,17.0,2025-02-21,2383,601.0,0.0050167224080268635,缺adj,,2025-01-17,598.0,21,TWSE(FMTQIK),complete
tx24-2025-01-17-call,call,2025-01-17,2025-01-17,2025-01-20,18.0,2025-02-24,2383,596.0,-0.0033444816053511683,缺adj,,2025-01-17,598.0,21,TWSE(FMTQIK),complete
tx24-2025-01-17-call,call,2025-01-17,2025-01-17,2025-01-20,19.0,2025-02-25,2383,576.0,-0.03678929765886285,缺adj,,2025-01-17,598.0,21,TWSE(FMTQIK),complete
tx24-2025-01-17-call,call,2025-01-17,2025-01-17,2025-01-20,20.0,2025-02-26,2383,633.0,0.05852842809364556,缺adj,,2025-01-17,598.0,21,TWSE(FMTQIK),complete
tx24-2025-01-17-call,call,2025-01-17,2025-01-17,2025-01-20,0.0,2025-01-20,6213,72.9,0.013908205841446364,缺adj,,2025-01-17,71.9,21,TWSE(FMTQIK),complete
tx24-2025-01-17-call,call,2025-01-17,2025-01-17,2025-01-20,1.0,2025-01-21,6213,72.6,0.009735744089012455,缺adj,,2025-01-17,71.9,21,TWSE(FMTQIK),complete
tx24-2025-01-17-call,call,2025-01-17,2025-01-17,2025-01-20,2.0,2025-01-22,6213,73.6,0.02364394993045882,缺adj,,2025-01-17,71.9,21,TWSE(FMTQIK),complete
tx24-2025-01-17-call,call,2025-01-17,2025-01-17,2025-01-20,3.0,2025-02-03,6213,70.9,-0.013908205841446475,缺adj,,2025-01-17,71.9,21,TWSE(FMTQIK),complete
tx24-2025-01-17-call,call,2025-01-17,2025-01-17,2025-01-20,4.0,2025-02-04,6213,70.2,-0.02364394993045904,缺adj,,2025-01-17,71.9,21,TWSE(FMTQIK),complete
tx24-2025-01-17-call,call,2025-01-17,2025-01-17,2025-01-20,5.0,2025-02-05,6213,70.7,-0.016689847009735748,缺adj,,2025-01-17,71.9,21,TWSE(FMTQIK),complete
tx24-2025-01-17-call,call,2025-01-17,2025-01-17,2025-01-20,6.0,2025-02-06,6213,71.3,-0.00834492350486804,缺adj,,2025-01-17,71.9,21,TWSE(FMTQIK),complete
tx24-2025-01-17-call,call,2025-01-17,2025-01-17,2025-01-20,7.0,2025-02-07,6213,72.0,0.0013908205841446364,缺adj,,2025-01-17,71.9,21,TWSE(FMTQIK),complete
tx24-2025-01-17-call,call,2025-01-17,2025-01-17,2025-01-20,8.0,2025-02-10,6213,72.4,0.006954102920723182,缺adj,,2025-01-17,71.9,21,TWSE(FMTQIK),complete
tx24-2025-01-17-call,call,2025-01-17,2025-01-17,2025-01-20,9.0,2025-02-11,6213,76.8,0.0681502086230874,缺adj,,2025-01-17,71.9,21,TWSE(FMTQIK),complete
tx24-2025-01-17-call,call,2025-01-17,2025-01-17,2025-01-20,10.0,2025-02-12,6213,78.0,0.08484005563282326,缺adj,,2025-01-17,71.9,21,TWSE(FMTQIK),complete
tx24-2025-01-17-call,call,2025-01-17,2025-01-17,2025-01-20,11.0,2025-02-13,6213,79.8,0.10987482614742694,缺adj,,2025-01-17,71.9,21,TWSE(FMTQIK),complete
tx24-2025-01-17-call,call,2025-01-17,2025-01-17,2025-01-20,12.0,2025-02-14,6213,78.6,0.09318497913769108,缺adj,,2025-01-17,71.9,21,TWSE(FMTQIK),complete
tx24-2025-01-17-call,call,2025-01-17,2025-01-17,2025-01-20,13.0,2025-02-17,6213,78.7,0.09457579972183594,缺adj,,2025-01-17,71.9,21,TWSE(FMTQIK),complete
tx24-2025-01-17-call,call,2025-01-17,2025-01-17,2025-01-20,14.0,2025-02-18,6213,79.0,0.09874826147426963,缺adj,,2025-01-17,71.9,21,TWSE(FMTQIK),complete
tx24-2025-01-17-call,call,2025-01-17,2025-01-17,2025-01-20,15.0,2025-02-19,6213,79.1,0.10013908205841426,缺adj,,2025-01-17,71.9,21,TWSE(FMTQIK),complete
tx24-2025-01-17-call,call,2025-01-17,2025-01-17,2025-01-20,16.0,2025-02-20,6213,79.0,0.09874826147426963,缺adj,,2025-01-17,71.9,21,TWSE(FMTQIK),complete
tx24-2025-01-17-call,call,2025-01-17,2025-01-17,2025-01-20,17.0,2025-02-21,6213,77.8,0.08205841446453399,缺adj,,2025-01-17,71.9,21,TWSE(FMTQIK),complete
tx24-2025-01-17-call,call,2025-01-17,2025-01-17,2025-01-20,18.0,2025-02-24,6213,77.4,0.07649513212795545,缺adj,,2025-01-17,71.9,21,TWSE(FMTQIK),complete
tx24-2025-01-17-call,call,2025-01-17,2025-01-17,2025-01-20,19.0,2025-02-25,6213,76.3,0.06119610570236422,缺adj,,2025-01-17,71.9,21,TWSE(FMTQIK),complete
tx24-2025-01-17-call,call,2025-01-17,2025-01-17,2025-01-20,20.0,2025-02-26,6213,77.4,0.07649513212795545,缺adj,,2025-01-17,71.9,21,TWSE(FMTQIK),complete
tx24-2025-01-17-call,call,2025-01-17,2025-01-17,2025-01-20,0.0,2025-01-20,6274,170.0,0.030303030303030276,缺adj,,2025-01-17,165.0,21,TWSE(FMTQIK),complete
tx24-2025-01-17-call,call,2025-01-17,2025-01-17,2025-01-20,1.0,2025-01-21,6274,167.5,0.015151515151515138,缺adj,,2025-01-17,165.0,21,TWSE(FMTQIK),complete
tx24-2025-01-17-call,call,2025-01-17,2025-01-17,2025-01-20,2.0,2025-01-22,6274,168.0,0.018181818181818077,缺adj,,2025-01-17,165.0,21,TWSE(FMTQIK),complete
tx24-2025-01-17-call,call,2025-01-17,2025-01-17,2025-01-20,3.0,2025-02-03,6274,152.0,-0.07878787878787874,缺adj,,2025-01-17,165.0,21,TWSE(FMTQIK),complete
tx24-2025-01-17-call,call,2025-01-17,2025-01-17,2025-01-20,4.0,2025-02-04,6274,151.0,-0.08484848484848484,缺adj,,2025-01-17,165.0,21,TWSE(FMTQIK),complete
tx24-2025-01-17-call,call,2025-01-17,2025-01-17,2025-01-20,5.0,2025-02-05,6274,158.0,-0.042424242424242475,缺adj,,2025-01-17,165.0,21,TWSE(FMTQIK),complete
tx24-2025-01-17-call,call,2025-01-17,2025-01-17,2025-01-20,6.0,2025-02-06,6274,163.0,-0.012121212121212088,缺adj,,2025-01-17,165.0,21,TWSE(FMTQIK),complete
tx24-2025-01-17-call,call,2025-01-17,2025-01-17,2025-01-20,7.0,2025-02-07,6274,163.5,-0.009090909090909038,缺adj,,2025-01-17,165.0,21,TWSE(FMTQIK),complete
tx24-2025-01-17-call,call,2025-01-17,2025-01-17,2025-01-20,8.0,2025-02-10,6274,163.5,-0.009090909090909038,缺adj,,2025-01-17,165.0,21,TWSE(FMTQIK),complete
tx24-2025-01-17-call,call,2025-01-17,2025-01-17,2025-01-20,9.0,2025-02-11,6274,163.0,-0.012121212121212088,缺adj,,2025-01-17,165.0,21,TWSE(FMTQIK),complete
tx24-2025-01-17-call,call,2025-01-17,2025-01-17,2025-01-20,10.0,2025-02-12,6274,163.5,-0.009090909090909038,缺adj,,2025-01-17,165.0,21,TWSE(FMTQIK),complete
tx24-2025-01-17-call,call,2025-01-17,2025-01-17,2025-01-20,11.0,2025-02-13,6274,167.5,0.015151515151515138,缺adj,,2025-01-17,165.0,21,TWSE(FMTQIK),complete
tx24-2025-01-17-call,call,2025-01-17,2025-01-17,2025-01-20,12.0,2025-02-14,6274,165.5,0.003030303030302939,缺adj,,2025-01-17,165.0,21,TWSE(FMTQIK),complete
tx24-2025-01-17-call,call,2025-01-17,2025-01-17,2025-01-20,13.0,2025-02-17,6274,169.0,0.024242424242424176,缺adj,,2025-01-17,165.0,21,TWSE(FMTQIK),complete
tx24-2025-01-17-call,call,2025-01-17,2025-01-17,2025-01-20,14.0,2025-02-18,6274,170.5,0.03333333333333344,缺adj,,2025-01-17,165.0,21,TWSE(FMTQIK),complete
tx24-2025-01-17-call,call,2025-01-17,2025-01-17,2025-01-20,15.0,2025-02-19,6274,167.0,0.0121212121212122,缺adj,,2025-01-17,165.0,21,TWSE(FMTQIK),complete
tx24-2025-01-17-call,call,2025-01-17,2025-01-17,2025-01-20,16.0,2025-02-20,6274,165.0,0.0,缺adj,,2025-01-17,165.0,21,TWSE(FMTQIK),complete
tx24-2025-01-17-call,call,2025-01-17,2025-01-17,2025-01-20,17.0,2025-02-21,6274,167.5,0.015151515151515138,缺adj,,2025-01-17,165.0,21,TWSE(FMTQIK),complete
tx24-2025-01-17-call,call,2025-01-17,2025-01-17,2025-01-20,18.0,2025-02-24,6274,168.5,0.021212121212121238,缺adj,,2025-01-17,165.0,21,TWSE(FMTQIK),complete
tx24-2025-01-17-call,call,2025-01-17,2025-01-17,2025-01-20,19.0,2025-02-25,6274,163.0,-0.012121212121212088,缺adj,,2025-01-17,165.0,21,TWSE(FMTQIK),complete
tx24-2025-01-17-call,call,2025-01-17,2025-01-17,2025-01-20,20.0,2025-02-26,6274,164.5,-0.00303030303030305,缺adj,,2025-01-17,165.0,21,TWSE(FMTQIK),complete
tx24-2025-01-17-call,call,2025-01-17,2025-01-17,2025-01-20,0.0,2025-01-20,2408,30.8,0.04230118443316422,缺adj,,2025-01-17,29.55,21,TWSE(FMTQIK),complete
tx24-2025-01-17-call,call,2025-01-17,2025-01-17,2025-01-20,1.0,2025-01-21,2408,30.0,0.015228426395939021,缺adj,,2025-01-17,29.55,21,TWSE(FMTQIK),complete
tx24-2025-01-17-call,call,2025-01-17,2025-01-17,2025-01-20,2.0,2025-01-22,2408,30.1,0.01861252115059231,缺adj,,2025-01-17,29.55,21,TWSE(FMTQIK),complete
tx24-2025-01-17-call,call,2025-01-17,2025-01-17,2025-01-20,3.0,2025-02-03,2408,27.95,-0.05414551607445017,缺adj,,2025-01-17,29.55,21,TWSE(FMTQIK),complete
tx24-2025-01-17-call,call,2025-01-17,2025-01-17,2025-01-20,4.0,2025-02-04,2408,27.25,-0.07783417935702197,缺adj,,2025-01-17,29.55,21,TWSE(FMTQIK),complete
tx24-2025-01-17-call,call,2025-01-17,2025-01-17,2025-01-20,5.0,2025-02-05,2408,27.5,-0.0693739424703892,缺adj,,2025-01-17,29.55,21,TWSE(FMTQIK),complete
tx24-2025-01-17-call,call,2025-01-17,2025-01-17,2025-01-20,6.0,2025-02-06,2408,27.75,-0.06091370558375642,缺adj,,2025-01-17,29.55,21,TWSE(FMTQIK),complete
tx24-2025-01-17-call,call,2025-01-17,2025-01-17,2025-01-20,7.0,2025-02-07,2408,28.8,-0.025380710659898442,缺adj,,2025-01-17,29.55,21,TWSE(FMTQIK),complete
tx24-2025-01-17-call,call,2025-01-17,2025-01-17,2025-01-20,8.0,2025-02-10,2408,28.0,-0.05245346869712353,缺adj,,2025-01-17,29.55,21,TWSE(FMTQIK),complete
tx24-2025-01-17-call,call,2025-01-17,2025-01-17,2025-01-20,9.0,2025-02-11,2408,27.6,-0.06598984771573602,缺adj,,2025-01-17,29.55,21,TWSE(FMTQIK),complete
tx24-2025-01-17-call,call,2025-01-17,2025-01-17,2025-01-20,10.0,2025-02-12,2408,27.9,-0.055837563451776706,缺adj,,2025-01-17,29.55,21,TWSE(FMTQIK),complete
tx24-2025-01-17-call,call,2025-01-17,2025-01-17,2025-01-20,11.0,2025-02-13,2408,30.65,0.0372250423011844,缺adj,,2025-01-17,29.55,21,TWSE(FMTQIK),complete
tx24-2025-01-17-call,call,2025-01-17,2025-01-17,2025-01-20,12.0,2025-02-14,2408,32.3,0.09306260575296088,缺adj,,2025-01-17,29.55,21,TWSE(FMTQIK),complete
tx24-2025-01-17-call,call,2025-01-17,2025-01-17,2025-01-20,13.0,2025-02-17,2408,34.35,0.1624365482233503,缺adj,,2025-01-17,29.55,21,TWSE(FMTQIK),complete
tx24-2025-01-17-call,call,2025-01-17,2025-01-17,2025-01-20,14.0,2025-02-18,2408,35.6,0.2047377326565143,缺adj,,2025-01-17,29.55,21,TWSE(FMTQIK),complete
tx24-2025-01-17-call,call,2025-01-17,2025-01-17,2025-01-20,15.0,2025-02-19,2408,39.15,0.32487309644670037,缺adj,,2025-01-17,29.55,21,TWSE(FMTQIK),complete
tx24-2025-01-17-call,call,2025-01-17,2025-01-17,2025-01-20,16.0,2025-02-20,2408,38.8,0.3130287648054144,缺adj,,2025-01-17,29.55,21,TWSE(FMTQIK),complete
tx24-2025-01-17-call,call,2025-01-17,2025-01-17,2025-01-20,17.0,2025-02-21,2408,41.45,0.4027072758037227,缺adj,,2025-01-17,29.55,21,TWSE(FMTQIK),complete
tx24-2025-01-17-call,call,2025-01-17,2025-01-17,2025-01-20,18.0,2025-02-24,2408,40.85,0.38240270727580383,缺adj,,2025-01-17,29.55,21,TWSE(FMTQIK),complete
tx24-2025-01-17-call,call,2025-01-17,2025-01-17,2025-01-20,19.0,2025-02-25,2408,42.9,0.4517766497461928,缺adj,,2025-01-17,29.55,21,TWSE(FMTQIK),complete
tx24-2025-01-17-call,call,2025-01-17,2025-01-17,2025-01-20,20.0,2025-02-26,2408,41.4,0.4010152284263959,缺adj,,2025-01-17,29.55,21,TWSE(FMTQIK),complete
tx24-2025-01-17-call,call,2025-01-17,2025-01-17,2025-01-20,0.0,2025-01-20,2344,14.1,0.003558718861209842,缺adj,,2025-01-17,14.05,21,TWSE(FMTQIK),complete
tx24-2025-01-17-call,call,2025-01-17,2025-01-17,2025-01-20,1.0,2025-01-21,2344,14.15,0.007117437722419906,缺adj,,2025-01-17,14.05,21,TWSE(FMTQIK),complete
tx24-2025-01-17-call,call,2025-01-17,2025-01-17,2025-01-20,2.0,2025-01-22,2344,14.35,0.021352313167259718,缺adj,,2025-01-17,14.05,21,TWSE(FMTQIK),complete
tx24-2025-01-17-call,call,2025-01-17,2025-01-17,2025-01-20,3.0,2025-02-03,2344,14.3,0.017793594306049876,缺adj,,2025-01-17,14.05,21,TWSE(FMTQIK),complete
tx24-2025-01-17-call,call,2025-01-17,2025-01-17,2025-01-20,4.0,2025-02-04,2344,14.05,0.0,缺adj,,2025-01-17,14.05,21,TWSE(FMTQIK),complete
tx24-2025-01-17-call,call,2025-01-17,2025-01-17,2025-01-20,5.0,2025-02-05,2344,14.2,0.010676156583629748,缺adj,,2025-01-17,14.05,21,TWSE(FMTQIK),complete
tx24-2025-01-17-call,call,2025-01-17,2025-01-17,2025-01-20,6.0,2025-02-06,2344,14.5,0.03202846975088969,缺adj,,2025-01-17,14.05,21,TWSE(FMTQIK),complete
tx24-2025-01-17-call,call,2025-01-17,2025-01-17,2025-01-20,7.0,2025-02-07,2344,14.35,0.021352313167259718,缺adj,,2025-01-17,14.05,21,TWSE(FMTQIK),complete
tx24-2025-01-17-call,call,2025-01-17,2025-01-17,2025-01-20,8.0,2025-02-10,2344,14.25,0.014234875444839812,缺adj,,2025-01-17,14.05,21,TWSE(FMTQIK),complete
tx24-2025-01-17-call,call,2025-01-17,2025-01-17,2025-01-20,9.0,2025-02-11,2344,14.25,0.014234875444839812,缺adj,,2025-01-17,14.05,21,TWSE(FMTQIK),complete
tx24-2025-01-17-call,call,2025-01-17,2025-01-17,2025-01-20,10.0,2025-02-12,2344,14.55,0.03558718861209975,缺adj,,2025-01-17,14.05,21,TWSE(FMTQIK),complete
tx24-2025-01-17-call,call,2025-01-17,2025-01-17,2025-01-20,11.0,2025-02-13,2344,16.0,0.1387900355871885,缺adj,,2025-01-17,14.05,21,TWSE(FMTQIK),complete
tx24-2025-01-17-call,call,2025-01-17,2025-01-17,2025-01-20,12.0,2025-02-14,2344,17.15,0.22064056939501753,缺adj,,2025-01-17,14.05,21,TWSE(FMTQIK),complete
tx24-2025-01-17-call,call,2025-01-17,2025-01-17,2025-01-20,13.0,2025-02-17,2344,18.55,0.3202846975088969,缺adj,,2025-01-17,14.05,21,TWSE(FMTQIK),complete
tx24-2025-01-17-call,call,2025-01-17,2025-01-17,2025-01-20,14.0,2025-02-18,2344,18.75,0.3345195729537367,缺adj,,2025-01-17,14.05,21,TWSE(FMTQIK),complete
tx24-2025-01-17-call,call,2025-01-17,2025-01-17,2025-01-20,15.0,2025-02-19,2344,19.2,0.36654804270462615,缺adj,,2025-01-17,14.05,21,TWSE(FMTQIK),complete
tx24-2025-01-17-call,call,2025-01-17,2025-01-17,2025-01-20,16.0,2025-02-20,2344,18.95,0.3487544483985765,缺adj,,2025-01-17,14.05,21,TWSE(FMTQIK),complete
tx24-2025-01-17-call,call,2025-01-17,2025-01-17,2025-01-20,17.0,2025-02-21,2344,18.85,0.3416370106761566,缺adj,,2025-01-17,14.05,21,TWSE(FMTQIK),complete
tx24-2025-01-17-call,call,2025-01-17,2025-01-17,2025-01-20,18.0,2025-02-24,2344,18.85,0.3416370106761566,缺adj,,2025-01-17,14.05,21,TWSE(FMTQIK),complete
tx24-2025-01-17-call,call,2025-01-17,2025-01-17,2025-01-20,19.0,2025-02-25,2344,19.1,0.35943060498220647,缺adj,,2025-01-17,14.05,21,TWSE(FMTQIK),complete
tx24-2025-01-17-call,call,2025-01-17,2025-01-17,2025-01-20,20.0,2025-02-26,2344,18.6,0.3238434163701067,缺adj,,2025-01-17,14.05,21,TWSE(FMTQIK),complete
tx24-2025-01-17-call,call,2025-01-17,2025-01-17,2025-01-20,0.0,2025-01-20,6770,16.5,0.10000000000000009,缺adj,,2025-01-17,15.0,21,TWSE(FMTQIK),complete
tx24-2025-01-17-call,call,2025-01-17,2025-01-17,2025-01-20,1.0,2025-01-21,6770,18.15,0.20999999999999996,缺adj,,2025-01-17,15.0,21,TWSE(FMTQIK),complete
tx24-2025-01-17-call,call,2025-01-17,2025-01-17,2025-01-20,2.0,2025-01-22,6770,19.95,0.32999999999999985,缺adj,,2025-01-17,15.0,21,TWSE(FMTQIK),complete
tx24-2025-01-17-call,call,2025-01-17,2025-01-17,2025-01-20,3.0,2025-02-03,6770,20.7,0.3799999999999999,缺adj,,2025-01-17,15.0,21,TWSE(FMTQIK),complete
tx24-2025-01-17-call,call,2025-01-17,2025-01-17,2025-01-20,4.0,2025-02-04,6770,18.65,0.24333333333333318,缺adj,,2025-01-17,15.0,21,TWSE(FMTQIK),complete
tx24-2025-01-17-call,call,2025-01-17,2025-01-17,2025-01-20,5.0,2025-02-05,6770,18.55,0.2366666666666668,缺adj,,2025-01-17,15.0,21,TWSE(FMTQIK),complete
tx24-2025-01-17-call,call,2025-01-17,2025-01-17,2025-01-20,6.0,2025-02-06,6770,18.3,0.21999999999999997,缺adj,,2025-01-17,15.0,21,TWSE(FMTQIK),complete
tx24-2025-01-17-call,call,2025-01-17,2025-01-17,2025-01-20,7.0,2025-02-07,6770,17.6,0.17333333333333334,缺adj,,2025-01-17,15.0,21,TWSE(FMTQIK),complete
tx24-2025-01-17-call,call,2025-01-17,2025-01-17,2025-01-20,8.0,2025-02-10,6770,16.85,0.12333333333333352,缺adj,,2025-01-17,15.0,21,TWSE(FMTQIK),complete
tx24-2025-01-17-call,call,2025-01-17,2025-01-17,2025-01-20,9.0,2025-02-11,6770,17.55,0.17000000000000015,缺adj,,2025-01-17,15.0,21,TWSE(FMTQIK),complete
tx24-2025-01-17-call,call,2025-01-17,2025-01-17,2025-01-20,10.0,2025-02-12,6770,17.2,0.14666666666666672,缺adj,,2025-01-17,15.0,21,TWSE(FMTQIK),complete
tx24-2025-01-17-call,call,2025-01-17,2025-01-17,2025-01-20,11.0,2025-02-13,6770,18.15,0.20999999999999996,缺adj,,2025-01-17,15.0,21,TWSE(FMTQIK),complete
tx24-2025-01-17-call,call,2025-01-17,2025-01-17,2025-01-20,12.0,2025-02-14,6770,18.35,0.22333333333333338,缺adj,,2025-01-17,15.0,21,TWSE(FMTQIK),complete
tx24-2025-01-17-call,call,2025-01-17,2025-01-17,2025-01-20,13.0,2025-02-17,6770,18.45,0.22999999999999998,缺adj,,2025-01-17,15.0,21,TWSE(FMTQIK),complete
tx24-2025-01-17-call,call,2025-01-17,2025-01-17,2025-01-20,14.0,2025-02-18,6770,18.45,0.22999999999999998,缺adj,,2025-01-17,15.0,21,TWSE(FMTQIK),complete
tx24-2025-01-17-call,call,2025-01-17,2025-01-17,2025-01-20,15.0,2025-02-19,6770,18.9,0.26,缺adj,,2025-01-17,15.0,21,TWSE(FMTQIK),complete
tx24-2025-01-17-call,call,2025-01-17,2025-01-17,2025-01-20,16.0,2025-02-20,6770,18.45,0.22999999999999998,缺adj,,2025-01-17,15.0,21,TWSE(FMTQIK),complete
tx24-2025-01-17-call,call,2025-01-17,2025-01-17,2025-01-20,17.0,2025-02-21,6770,18.65,0.24333333333333318,缺adj,,2025-01-17,15.0,21,TWSE(FMTQIK),complete
tx24-2025-01-17-call,call,2025-01-17,2025-01-17,2025-01-20,18.0,2025-02-24,6770,18.7,0.2466666666666666,缺adj,,2025-01-17,15.0,21,TWSE(FMTQIK),complete
tx24-2025-01-17-call,call,2025-01-17,2025-01-17,2025-01-20,19.0,2025-02-25,6770,19.0,0.2666666666666666,缺adj,,2025-01-17,15.0,21,TWSE(FMTQIK),complete
tx24-2025-01-17-call,call,2025-01-17,2025-01-17,2025-01-20,20.0,2025-02-26,6770,18.5,0.2333333333333334,缺adj,,2025-01-17,15.0,21,TWSE(FMTQIK),complete
tx24-2025-01-17-call,call,2025-01-17,2025-01-17,2025-01-20,0.0,2025-01-20,3711,172.0,0.03614457831325302,缺adj,,2025-01-17,166.0,21,TWSE(FMTQIK),complete
tx24-2025-01-17-call,call,2025-01-17,2025-01-17,2025-01-20,1.0,2025-01-21,3711,172.0,0.03614457831325302,缺adj,,2025-01-17,166.0,21,TWSE(FMTQIK),complete
tx24-2025-01-17-call,call,2025-01-17,2025-01-17,2025-01-20,2.0,2025-01-22,3711,177.0,0.06626506024096379,缺adj,,2025-01-17,166.0,21,TWSE(FMTQIK),complete
tx24-2025-01-17-call,call,2025-01-17,2025-01-17,2025-01-20,3.0,2025-02-03,3711,161.0,-0.030120481927710885,缺adj,,2025-01-17,166.0,21,TWSE(FMTQIK),complete
tx24-2025-01-17-call,call,2025-01-17,2025-01-17,2025-01-20,4.0,2025-02-04,3711,157.5,-0.051204819277108404,缺adj,,2025-01-17,166.0,21,TWSE(FMTQIK),complete
tx24-2025-01-17-call,call,2025-01-17,2025-01-17,2025-01-20,5.0,2025-02-05,3711,161.5,-0.027108433734939763,缺adj,,2025-01-17,166.0,21,TWSE(FMTQIK),complete
tx24-2025-01-17-call,call,2025-01-17,2025-01-17,2025-01-20,6.0,2025-02-06,3711,161.0,-0.030120481927710885,缺adj,,2025-01-17,166.0,21,TWSE(FMTQIK),complete
tx24-2025-01-17-call,call,2025-01-17,2025-01-17,2025-01-20,7.0,2025-02-07,3711,164.5,-0.009036144578313254,缺adj,,2025-01-17,166.0,21,TWSE(FMTQIK),complete
tx24-2025-01-17-call,call,2025-01-17,2025-01-17,2025-01-20,8.0,2025-02-10,3711,166.5,0.003012048192771122,缺adj,,2025-01-17,166.0,21,TWSE(FMTQIK),complete
tx24-2025-01-17-call,call,2025-01-17,2025-01-17,2025-01-20,9.0,2025-02-11,3711,167.5,0.009036144578313143,缺adj,,2025-01-17,166.0,21,TWSE(FMTQIK),complete
tx24-2025-01-17-call,call,2025-01-17,2025-01-17,2025-01-20,10.0,2025-02-12,3711,165.5,-0.003012048192771122,缺adj,,2025-01-17,166.0,21,TWSE(FMTQIK),complete
tx24-2025-01-17-call,call,2025-01-17,2025-01-17,2025-01-20,11.0,2025-02-13,3711,170.5,0.027108433734939652,缺adj,,2025-01-17,166.0,21,TWSE(FMTQIK),complete
tx24-2025-01-17-call,call,2025-01-17,2025-01-17,2025-01-20,12.0,2025-02-14,3711,175.0,0.054216867469879526,缺adj,,2025-01-17,166.0,21,TWSE(FMTQIK),complete
tx24-2025-01-17-call,call,2025-01-17,2025-01-17,2025-01-20,13.0,2025-02-17,3711,178.0,0.07228915662650603,缺adj,,2025-01-17,166.0,21,TWSE(FMTQIK),complete
tx24-2025-01-17-call,call,2025-01-17,2025-01-17,2025-01-20,14.0,2025-02-18,3711,179.0,0.07831325301204828,缺adj,,2025-01-17,166.0,21,TWSE(FMTQIK),complete
tx24-2025-01-17-call,call,2025-01-17,2025-01-17,2025-01-20,15.0,2025-02-19,3711,183.5,0.10542168674698793,缺adj,,2025-01-17,166.0,21,TWSE(FMTQIK),complete
tx24-2025-01-17-call,call,2025-01-17,2025-01-17,2025-01-20,16.0,2025-02-20,3711,179.5,0.08132530120481918,缺adj,,2025-01-17,166.0,21,TWSE(FMTQIK),complete
tx24-2025-01-17-call,call,2025-01-17,2025-01-17,2025-01-20,17.0,2025-02-21,3711,181.0,0.09036144578313254,缺adj,,2025-01-17,166.0,21,TWSE(FMTQIK),complete
tx24-2025-01-17-call,call,2025-01-17,2025-01-17,2025-01-20,18.0,2025-02-24,3711,176.0,0.06024096385542177,缺adj,,2025-01-17,166.0,21,TWSE(FMTQIK),complete
tx24-2025-01-17-call,call,2025-01-17,2025-01-17,2025-01-20,19.0,2025-02-25,3711,176.5,0.06325301204819267,缺adj,,2025-01-17,166.0,21,TWSE(FMTQIK),complete
tx24-2025-01-17-call,call,2025-01-17,2025-01-17,2025-01-20,20.0,2025-02-26,3711,175.5,0.05722891566265065,缺adj,,2025-01-17,166.0,21,TWSE(FMTQIK),complete
tx24-2025-01-17-call,call,2025-01-17,2025-01-17,2025-01-20,0.0,2025-01-20,EW_TW,,0.02333902049281383,n=11/11;缺adj,11.0,2025-01-17,,21,TWSE(FMTQIK),complete
tx24-2025-01-17-call,call,2025-01-17,2025-01-17,2025-01-20,1.0,2025-01-21,EW_TW,,0.02830050760158392,n=11/11;缺adj,11.0,2025-01-17,,21,TWSE(FMTQIK),complete
tx24-2025-01-17-call,call,2025-01-17,2025-01-17,2025-01-20,2.0,2025-01-22,EW_TW,,0.051017765731215636,n=11/11;缺adj,11.0,2025-01-17,,21,TWSE(FMTQIK),complete
tx24-2025-01-17-call,call,2025-01-17,2025-01-17,2025-01-20,3.0,2025-02-03,EW_TW,,-0.0006128289982344694,n=11/11;缺adj,11.0,2025-01-17,,21,TWSE(FMTQIK),complete
tx24-2025-01-17-call,call,2025-01-17,2025-01-17,2025-01-20,4.0,2025-02-04,EW_TW,,-0.024990088575990953,n=11/11;缺adj,11.0,2025-01-17,,21,TWSE(FMTQIK),complete
tx24-2025-01-17-call,call,2025-01-17,2025-01-17,2025-01-20,5.0,2025-02-05,EW_TW,,-0.011205819461355137,n=11/11;缺adj,11.0,2025-01-17,,21,TWSE(FMTQIK),complete
tx24-2025-01-17-call,call,2025-01-17,2025-01-17,2025-01-20,6.0,2025-02-06,EW_TW,,0.005203992695113654,n=11/11;缺adj,11.0,2025-01-17,,21,TWSE(FMTQIK),complete
tx24-2025-01-17-call,call,2025-01-17,2025-01-17,2025-01-20,7.0,2025-02-07,EW_TW,,0.013274012917705994,n=11/11;缺adj,11.0,2025-01-17,,21,TWSE(FMTQIK),complete
tx24-2025-01-17-call,call,2025-01-17,2025-01-17,2025-01-20,8.0,2025-02-10,EW_TW,,0.003172024532080996,n=11/11;缺adj,11.0,2025-01-17,,21,TWSE(FMTQIK),complete
tx24-2025-01-17-call,call,2025-01-17,2025-01-17,2025-01-20,9.0,2025-02-11,EW_TW,,0.009724676061725031,n=11/11;缺adj,11.0,2025-01-17,,21,TWSE(FMTQIK),complete
tx24-2025-01-17-call,call,2025-01-17,2025-01-17,2025-01-20,10.0,2025-02-12,EW_TW,,0.0016366332847653662,n=11/11;缺adj,11.0,2025-01-17,,21,TWSE(FMTQIK),complete
tx24-2025-01-17-call,call,2025-01-17,2025-01-17,2025-01-20,11.0,2025-02-13,EW_TW,,0.04591529911747012,n=11/11;缺adj,11.0,2025-01-17,,21,TWSE(FMTQIK),complete
tx24-2025-01-17-call,call,2025-01-17,2025-01-17,2025-01-20,12.0,2025-02-14,EW_TW,,0.05694298995443454,n=11/11;缺adj,11.0,2025-01-17,,21,TWSE(FMTQIK),complete
tx24-2025-01-17-call,call,2025-01-17,2025-01-17,2025-01-20,13.0,2025-02-17,EW_TW,,0.07795250881813263,n=11/11;缺adj,11.0,2025-01-17,,21,TWSE(FMTQIK),complete
tx24-2025-01-17-call,call,2025-01-17,2025-01-17,2025-01-20,14.0,2025-02-18,EW_TW,,0.10247203655886543,n=11/11;缺adj,11.0,2025-01-17,,21,TWSE(FMTQIK),complete
tx24-2025-01-17-call,call,2025-01-17,2025-01-17,2025-01-20,15.0,2025-02-19,EW_TW,,0.1279382289288857,n=11/11;缺adj,11.0,2025-01-17,,21,TWSE(FMTQIK),complete
tx24-2025-01-17-call,call,2025-01-17,2025-01-17,2025-01-20,16.0,2025-02-20,EW_TW,,0.11390732923159225,n=11/11;缺adj,11.0,2025-01-17,,21,TWSE(FMTQIK),complete
tx24-2025-01-17-call,call,2025-01-17,2025-01-17,2025-01-20,17.0,2025-02-21,EW_TW,,0.12684984697747376,n=11/11;缺adj,11.0,2025-01-17,,21,TWSE(FMTQIK),complete
tx24-2025-01-17-call,call,2025-01-17,2025-01-17,2025-01-20,18.0,2025-02-24,EW_TW,,0.11041779542805798,n=11/11;缺adj,11.0,2025-01-17,,21,TWSE(FMTQIK),complete
tx24-2025-01-17-call,call,2025-01-17,2025-01-17,2025-01-20,19.0,2025-02-25,EW_TW,,0.11265252506988147,n=11/11;缺adj,11.0,2025-01-17,,21,TWSE(FMTQIK),complete
tx24-2025-01-17-call,call,2025-01-17,2025-01-17,2025-01-20,20.0,2025-02-26,EW_TW,,0.10926653074294385,n=11/11;缺adj,11.0,2025-01-17,,21,TWSE(FMTQIK),complete
tx24-2025-01-17-call,call,2025-01-17,2025-01-17,2025-01-21,0.0,2025-01-21,NET,119.85,0.02296005462615236,缺adj,,2025-01-17,117.16,21,US(own bars),complete
tx24-2025-01-17-call,call,2025-01-17,2025-01-17,2025-01-21,1.0,2025-01-22,NET,123.09,0.05061454421304212,缺adj,,2025-01-17,117.16,21,US(own bars),complete
tx24-2025-01-17-call,call,2025-01-17,2025-01-17,2025-01-21,2.0,2025-01-23,NET,123.93,0.057784226698532004,缺adj,,2025-01-17,117.16,21,US(own bars),complete
tx24-2025-01-17-call,call,2025-01-17,2025-01-17,2025-01-21,3.0,2025-01-24,NET,125.12,0.06794127688630947,缺adj,,2025-01-17,117.16,21,US(own bars),complete
tx24-2025-01-17-call,call,2025-01-17,2025-01-17,2025-01-21,4.0,2025-01-27,NET,126.47,0.07946398088084683,缺adj,,2025-01-17,117.16,21,US(own bars),complete
tx24-2025-01-17-call,call,2025-01-17,2025-01-17,2025-01-21,5.0,2025-01-28,NET,139.98,0.19477637418914306,缺adj,,2025-01-17,117.16,21,US(own bars),complete
tx24-2025-01-17-call,call,2025-01-17,2025-01-17,2025-01-21,6.0,2025-01-29,NET,136.44,0.16456128371457845,缺adj,,2025-01-17,117.16,21,US(own bars),complete
tx24-2025-01-17-call,call,2025-01-17,2025-01-17,2025-01-21,7.0,2025-01-30,NET,137.26,0.17156025947422315,缺adj,,2025-01-17,117.16,21,US(own bars),complete
tx24-2025-01-17-call,call,2025-01-17,2025-01-17,2025-01-21,8.0,2025-01-31,NET,138.4,0.18129054284738833,缺adj,,2025-01-17,117.16,21,US(own bars),complete
tx24-2025-01-17-call,call,2025-01-17,2025-01-17,2025-01-21,9.0,2025-02-03,NET,136.84,0.16797541823147832,缺adj,,2025-01-17,117.16,21,US(own bars),complete
tx24-2025-01-17-call,call,2025-01-17,2025-01-17,2025-01-21,10.0,2025-02-04,NET,140.14,0.19614202799590297,缺adj,,2025-01-17,117.16,21,US(own bars),complete
tx24-2025-01-17-call,call,2025-01-17,2025-01-17,2025-01-21,11.0,2025-02-05,NET,144.29,0.23156367360874008,缺adj,,2025-01-17,117.16,21,US(own bars),complete
tx24-2025-01-17-call,call,2025-01-17,2025-01-17,2025-01-21,12.0,2025-02-06,NET,141.52,0.2079207920792081,缺adj,,2025-01-17,117.16,21,US(own bars),complete
tx24-2025-01-17-call,call,2025-01-17,2025-01-17,2025-01-21,13.0,2025-02-07,NET,166.66,0.42249914646637077,缺adj,,2025-01-17,117.16,21,US(own bars),complete
tx24-2025-01-17-call,call,2025-01-17,2025-01-17,2025-01-21,14.0,2025-02-10,NET,172.49,0.47226015705018787,缺adj,,2025-01-17,117.16,21,US(own bars),complete
tx24-2025-01-17-call,call,2025-01-17,2025-01-17,2025-01-21,15.0,2025-02-11,NET,172.55,0.47277227722772297,缺adj,,2025-01-17,117.16,21,US(own bars),complete
tx24-2025-01-17-call,call,2025-01-17,2025-01-17,2025-01-21,16.0,2025-02-12,NET,172.83,0.47516217138955286,缺adj,,2025-01-17,117.16,21,US(own bars),complete
tx24-2025-01-17-call,call,2025-01-17,2025-01-17,2025-01-21,17.0,2025-02-13,NET,176.5,0.50648685558211,缺adj,,2025-01-17,117.16,21,US(own bars),complete
tx24-2025-01-17-call,call,2025-01-17,2025-01-17,2025-01-21,18.0,2025-02-14,NET,171.16,0.46090815978149546,缺adj,,2025-01-17,117.16,21,US(own bars),complete
tx24-2025-01-17-call,call,2025-01-17,2025-01-17,2025-01-21,19.0,2025-02-18,NET,168.81,0.4408501194947081,缺adj,,2025-01-17,117.16,21,US(own bars),complete
tx24-2025-01-17-call,call,2025-01-17,2025-01-17,2025-01-21,20.0,2025-02-19,NET,160.59,0.3706896551724139,缺adj,,2025-01-17,117.16,21,US(own bars),complete
tx25-2025-06-05-call,call,2025-06-05,2025-06-05,2025-06-06,0.0,2025-06-06,TAIEX,21660.66,-0.0006353108247829642,缺adj,,2025-06-05,21674.43,21,TWSE(FMTQIK),complete
tx25-2025-06-05-call,call,2025-06-05,2025-06-05,2025-06-06,1.0,2025-06-09,TAIEX,21790.29,0.0053454692926180325,缺adj,,2025-06-05,21674.43,21,TWSE(FMTQIK),complete
tx25-2025-06-05-call,call,2025-06-05,2025-06-05,2025-06-06,2.0,2025-06-10,TAIEX,22242.14,0.026192614984569262,缺adj,,2025-06-05,21674.43,21,TWSE(FMTQIK),complete
tx25-2025-06-05-call,call,2025-06-05,2025-06-05,2025-06-06,3.0,2025-06-11,TAIEX,22470.1,0.036710077266161045,缺adj,,2025-06-05,21674.43,21,TWSE(FMTQIK),complete
tx25-2025-06-05-call,call,2025-06-05,2025-06-05,2025-06-06,4.0,2025-06-12,TAIEX,22287.82,0.02830016752458997,缺adj,,2025-06-05,21674.43,21,TWSE(FMTQIK),complete
tx25-2025-06-05-call,call,2025-06-05,2025-06-05,2025-06-06,5.0,2025-06-13,TAIEX,22072.95,0.018386642693717814,缺adj,,2025-06-05,21674.43,21,TWSE(FMTQIK),complete
tx25-2025-06-05-call,call,2025-06-05,2025-06-05,2025-06-06,6.0,2025-06-16,TAIEX,22049.9,0.017323177587599714,缺adj,,2025-06-05,21674.43,21,TWSE(FMTQIK),complete
tx25-2025-06-05-call,call,2025-06-05,2025-06-05,2025-06-06,7.0,2025-06-17,TAIEX,22211.59,0.024783120017458415,缺adj,,2025-06-05,21674.43,21,TWSE(FMTQIK),complete
tx25-2025-06-05-call,call,2025-06-05,2025-06-05,2025-06-06,8.0,2025-06-18,TAIEX,22356.73,0.031479489887392686,缺adj,,2025-06-05,21674.43,21,TWSE(FMTQIK),complete
tx25-2025-06-05-call,call,2025-06-05,2025-06-05,2025-06-06,9.0,2025-06-19,TAIEX,22003.5,0.015182406180923813,缺adj,,2025-06-05,21674.43,21,TWSE(FMTQIK),complete
tx25-2025-06-05-call,call,2025-06-05,2025-06-05,2025-06-06,10.0,2025-06-20,TAIEX,22045.74,0.017131246358035757,缺adj,,2025-06-05,21674.43,21,TWSE(FMTQIK),complete
tx25-2025-06-05-call,call,2025-06-05,2025-06-05,2025-06-06,11.0,2025-06-23,TAIEX,21732.02,0.0026570479592773477,缺adj,,2025-06-05,21674.43,21,TWSE(FMTQIK),complete
tx25-2025-06-05-call,call,2025-06-05,2025-06-05,2025-06-06,12.0,2025-06-24,TAIEX,22188.76,0.02372980512059586,缺adj,,2025-06-05,21674.43,21,TWSE(FMTQIK),complete
tx25-2025-06-05-call,call,2025-06-05,2025-06-05,2025-06-06,13.0,2025-06-25,TAIEX,22430.61,0.03488811470474662,缺adj,,2025-06-05,21674.43,21,TWSE(FMTQIK),complete
tx25-2025-06-05-call,call,2025-06-05,2025-06-05,2025-06-06,14.0,2025-06-26,TAIEX,22492.34,0.037736171147291886,缺adj,,2025-06-05,21674.43,21,TWSE(FMTQIK),complete
tx25-2025-06-05-call,call,2025-06-05,2025-06-05,2025-06-06,15.0,2025-06-27,TAIEX,22580.08,0.04178425914776085,缺adj,,2025-06-05,21674.43,21,TWSE(FMTQIK),complete
tx25-2025-06-05-call,call,2025-06-05,2025-06-05,2025-06-06,16.0,2025-06-30,TAIEX,22256.02,0.02683300091398011,缺adj,,2025-06-05,21674.43,21,TWSE(FMTQIK),complete
tx25-2025-06-05-call,call,2025-06-05,2025-06-05,2025-06-06,17.0,2025-07-01,TAIEX,22553.72,0.04056807952965791,缺adj,,2025-06-05,21674.43,21,TWSE(FMTQIK),complete
tx25-2025-06-05-call,call,2025-06-05,2025-06-05,2025-06-06,18.0,2025-07-02,TAIEX,22577.74,0.04167629783113114,缺adj,,2025-06-05,21674.43,21,TWSE(FMTQIK),complete
tx25-2025-06-05-call,call,2025-06-05,2025-06-05,2025-06-06,19.0,2025-07-03,TAIEX,22712.97,0.0479154469114067,缺adj,,2025-06-05,21674.43,21,TWSE(FMTQIK),complete
tx25-2025-06-05-call,call,2025-06-05,2025-06-05,2025-06-06,20.0,2025-07-04,TAIEX,22547.5,0.04028110543160768,缺adj,,2025-06-05,21674.43,21,TWSE(FMTQIK),complete
tx25-2025-06-05-call,call,2025-06-05,2025-06-05,2025-06-06,0.0,2025-06-06,3037,103.0,0.0,缺adj,,2025-06-05,103.0,21,TWSE(FMTQIK),complete
tx25-2025-06-05-call,call,2025-06-05,2025-06-05,2025-06-06,1.0,2025-06-09,3037,100.0,-0.029126213592232997,缺adj,,2025-06-05,103.0,21,TWSE(FMTQIK),complete
tx25-2025-06-05-call,call,2025-06-05,2025-06-05,2025-06-06,2.0,2025-06-10,3037,107.0,0.03883495145631066,缺adj,,2025-06-05,103.0,21,TWSE(FMTQIK),complete
tx25-2025-06-05-call,call,2025-06-05,2025-06-05,2025-06-06,3.0,2025-06-11,3037,109.0,0.058252427184465994,缺adj,,2025-06-05,103.0,21,TWSE(FMTQIK),complete
tx25-2025-06-05-call,call,2025-06-05,2025-06-05,2025-06-06,4.0,2025-06-12,3037,107.0,0.03883495145631066,缺adj,,2025-06-05,103.0,21,TWSE(FMTQIK),complete
tx25-2025-06-05-call,call,2025-06-05,2025-06-05,2025-06-06,5.0,2025-06-13,3037,102.5,-0.004854368932038833,缺adj,,2025-06-05,103.0,21,TWSE(FMTQIK),complete
tx25-2025-06-05-call,call,2025-06-05,2025-06-05,2025-06-06,6.0,2025-06-16,3037,103.0,0.0,缺adj,,2025-06-05,103.0,21,TWSE(FMTQIK),complete
tx25-2025-06-05-call,call,2025-06-05,2025-06-05,2025-06-06,7.0,2025-06-17,3037,101.5,-0.014563106796116498,缺adj,,2025-06-05,103.0,21,TWSE(FMTQIK),complete
tx25-2025-06-05-call,call,2025-06-05,2025-06-05,2025-06-06,8.0,2025-06-18,3037,103.5,0.004854368932038833,缺adj,,2025-06-05,103.0,21,TWSE(FMTQIK),complete
tx25-2025-06-05-call,call,2025-06-05,2025-06-05,2025-06-06,9.0,2025-06-19,3037,100.5,-0.024271844660194164,缺adj,,2025-06-05,103.0,21,TWSE(FMTQIK),complete
tx25-2025-06-05-call,call,2025-06-05,2025-06-05,2025-06-06,10.0,2025-06-20,3037,100.0,-0.029126213592232997,缺adj,,2025-06-05,103.0,21,TWSE(FMTQIK),complete
tx25-2025-06-05-call,call,2025-06-05,2025-06-05,2025-06-06,11.0,2025-06-23,3037,110.0,0.06796116504854366,缺adj,,2025-06-05,103.0,21,TWSE(FMTQIK),complete
tx25-2025-06-05-call,call,2025-06-05,2025-06-05,2025-06-06,12.0,2025-06-24,3037,111.5,0.08252427184466016,缺adj,,2025-06-05,103.0,21,TWSE(FMTQIK),complete
tx25-2025-06-05-call,call,2025-06-05,2025-06-05,2025-06-06,13.0,2025-06-25,3037,114.0,0.10679611650485432,缺adj,,2025-06-05,103.0,21,TWSE(FMTQIK),complete
tx25-2025-06-05-call,call,2025-06-05,2025-06-05,2025-06-06,14.0,2025-06-26,3037,114.0,0.10679611650485432,缺adj,,2025-06-05,103.0,21,TWSE(FMTQIK),complete
tx25-2025-06-05-call,call,2025-06-05,2025-06-05,2025-06-06,15.0,2025-06-27,3037,113.0,0.09708737864077666,缺adj,,2025-06-05,103.0,21,TWSE(FMTQIK),complete
tx25-2025-06-05-call,call,2025-06-05,2025-06-05,2025-06-06,16.0,2025-06-30,3037,114.0,0.10679611650485432,缺adj,,2025-06-05,103.0,21,TWSE(FMTQIK),complete
tx25-2025-06-05-call,call,2025-06-05,2025-06-05,2025-06-06,17.0,2025-07-01,3037,112.0,0.08737864077669899,缺adj,,2025-06-05,103.0,21,TWSE(FMTQIK),complete
tx25-2025-06-05-call,call,2025-06-05,2025-06-05,2025-06-06,18.0,2025-07-02,3037,112.0,0.08737864077669899,缺adj,,2025-06-05,103.0,21,TWSE(FMTQIK),complete
tx25-2025-06-05-call,call,2025-06-05,2025-06-05,2025-06-06,19.0,2025-07-03,3037,117.0,0.13592233009708732,缺adj,,2025-06-05,103.0,21,TWSE(FMTQIK),complete
tx25-2025-06-05-call,call,2025-06-05,2025-06-05,2025-06-06,20.0,2025-07-04,3037,118.0,0.14563106796116498,缺adj,,2025-06-05,103.0,21,TWSE(FMTQIK),complete
tx25-2025-06-05-call,call,2025-06-05,2025-06-05,2025-06-06,0.0,2025-06-06,8046,107.0,0.009433962264151052,缺adj,,2025-06-05,106.0,21,TWSE(FMTQIK),complete
tx25-2025-06-05-call,call,2025-06-05,2025-06-05,2025-06-06,1.0,2025-06-09,8046,104.0,-0.018867924528301883,缺adj,,2025-06-05,106.0,21,TWSE(FMTQIK),complete
tx25-2025-06-05-call,call,2025-06-05,2025-06-05,2025-06-06,2.0,2025-06-10,8046,109.0,0.028301886792452935,缺adj,,2025-06-05,106.0,21,TWSE(FMTQIK),complete
tx25-2025-06-05-call,call,2025-06-05,2025-06-05,2025-06-06,3.0,2025-06-11,8046,111.5,0.05188679245283012,缺adj,,2025-06-05,106.0,21,TWSE(FMTQIK),complete
tx25-2025-06-05-call,call,2025-06-05,2025-06-05,2025-06-06,4.0,2025-06-12,8046,110.0,0.037735849056603765,缺adj,,2025-06-05,106.0,21,TWSE(FMTQIK),complete
tx25-2025-06-05-call,call,2025-06-05,2025-06-05,2025-06-06,5.0,2025-06-13,8046,106.5,0.004716981132075526,缺adj,,2025-06-05,106.0,21,TWSE(FMTQIK),complete
tx25-2025-06-05-call,call,2025-06-05,2025-06-05,2025-06-06,6.0,2025-06-16,8046,110.0,0.037735849056603765,缺adj,,2025-06-05,106.0,21,TWSE(FMTQIK),complete
tx25-2025-06-05-call,call,2025-06-05,2025-06-05,2025-06-06,7.0,2025-06-17,8046,108.0,0.018867924528301883,缺adj,,2025-06-05,106.0,21,TWSE(FMTQIK),complete
tx25-2025-06-05-call,call,2025-06-05,2025-06-05,2025-06-06,8.0,2025-06-18,8046,109.0,0.028301886792452935,缺adj,,2025-06-05,106.0,21,TWSE(FMTQIK),complete
tx25-2025-06-05-call,call,2025-06-05,2025-06-05,2025-06-06,9.0,2025-06-19,8046,106.5,0.004716981132075526,缺adj,,2025-06-05,106.0,21,TWSE(FMTQIK),complete
tx25-2025-06-05-call,call,2025-06-05,2025-06-05,2025-06-06,10.0,2025-06-20,8046,105.0,-0.009433962264150941,缺adj,,2025-06-05,106.0,21,TWSE(FMTQIK),complete
tx25-2025-06-05-call,call,2025-06-05,2025-06-05,2025-06-06,11.0,2025-06-23,8046,107.5,0.014150943396226356,缺adj,,2025-06-05,106.0,21,TWSE(FMTQIK),complete
tx25-2025-06-05-call,call,2025-06-05,2025-06-05,2025-06-06,12.0,2025-06-24,8046,112.0,0.05660377358490565,缺adj,,2025-06-05,106.0,21,TWSE(FMTQIK),complete
tx25-2025-06-05-call,call,2025-06-05,2025-06-05,2025-06-06,13.0,2025-06-25,8046,112.5,0.061320754716981174,缺adj,,2025-06-05,106.0,21,TWSE(FMTQIK),complete
tx25-2025-06-05-call,call,2025-06-05,2025-06-05,2025-06-06,14.0,2025-06-26,8046,113.0,0.0660377358490567,缺adj,,2025-06-05,106.0,21,TWSE(FMTQIK),complete
tx25-2025-06-05-call,call,2025-06-05,2025-06-05,2025-06-06,15.0,2025-06-27,8046,112.5,0.061320754716981174,缺adj,,2025-06-05,106.0,21,TWSE(FMTQIK),complete
tx25-2025-06-05-call,call,2025-06-05,2025-06-05,2025-06-06,16.0,2025-06-30,8046,112.0,0.05660377358490565,缺adj,,2025-06-05,106.0,21,TWSE(FMTQIK),complete
tx25-2025-06-05-call,call,2025-06-05,2025-06-05,2025-06-06,17.0,2025-07-01,8046,111.5,0.05188679245283012,缺adj,,2025-06-05,106.0,21,TWSE(FMTQIK),complete
tx25-2025-06-05-call,call,2025-06-05,2025-06-05,2025-06-06,18.0,2025-07-02,8046,114.0,0.07547169811320753,缺adj,,2025-06-05,106.0,21,TWSE(FMTQIK),complete
tx25-2025-06-05-call,call,2025-06-05,2025-06-05,2025-06-06,19.0,2025-07-03,8046,124.0,0.16981132075471694,缺adj,,2025-06-05,106.0,21,TWSE(FMTQIK),complete
tx25-2025-06-05-call,call,2025-06-05,2025-06-05,2025-06-06,20.0,2025-07-04,8046,126.0,0.18867924528301883,缺adj,,2025-06-05,106.0,21,TWSE(FMTQIK),complete
tx25-2025-06-05-call,call,2025-06-05,2025-06-05,2025-06-06,0.0,2025-06-06,3189,81.2,0.0,缺adj,,2025-06-05,81.2,21,TWSE(FMTQIK),complete
tx25-2025-06-05-call,call,2025-06-05,2025-06-05,2025-06-06,1.0,2025-06-09,3189,80.6,-0.007389162561576512,缺adj,,2025-06-05,81.2,21,TWSE(FMTQIK),complete
tx25-2025-06-05-call,call,2025-06-05,2025-06-05,2025-06-06,2.0,2025-06-10,3189,83.2,0.024630541871921263,缺adj,,2025-06-05,81.2,21,TWSE(FMTQIK),complete
tx25-2025-06-05-call,call,2025-06-05,2025-06-05,2025-06-06,3.0,2025-06-11,3189,91.5,0.12684729064039413,缺adj,,2025-06-05,81.2,21,TWSE(FMTQIK),complete
tx25-2025-06-05-call,call,2025-06-05,2025-06-05,2025-06-06,4.0,2025-06-12,3189,91.2,0.12315270935960587,缺adj,,2025-06-05,81.2,21,TWSE(FMTQIK),complete
tx25-2025-06-05-call,call,2025-06-05,2025-06-05,2025-06-06,5.0,2025-06-13,3189,87.5,0.0775862068965516,缺adj,,2025-06-05,81.2,21,TWSE(FMTQIK),complete
tx25-2025-06-05-call,call,2025-06-05,2025-06-05,2025-06-06,6.0,2025-06-16,3189,87.4,0.07635467980295574,缺adj,,2025-06-05,81.2,21,TWSE(FMTQIK),complete
tx25-2025-06-05-call,call,2025-06-05,2025-06-05,2025-06-06,7.0,2025-06-17,3189,85.1,0.04802955665024622,缺adj,,2025-06-05,81.2,21,TWSE(FMTQIK),complete
tx25-2025-06-05-call,call,2025-06-05,2025-06-05,2025-06-06,8.0,2025-06-18,3189,85.1,0.04802955665024622,缺adj,,2025-06-05,81.2,21,TWSE(FMTQIK),complete
tx25-2025-06-05-call,call,2025-06-05,2025-06-05,2025-06-06,9.0,2025-06-19,3189,83.9,0.03325123152709364,缺adj,,2025-06-05,81.2,21,TWSE(FMTQIK),complete
tx25-2025-06-05-call,call,2025-06-05,2025-06-05,2025-06-06,10.0,2025-06-20,3189,82.4,0.014778325123152802,缺adj,,2025-06-05,81.2,21,TWSE(FMTQIK),complete
tx25-2025-06-05-call,call,2025-06-05,2025-06-05,2025-06-06,11.0,2025-06-23,3189,83.1,0.023399014778324956,缺adj,,2025-06-05,81.2,21,TWSE(FMTQIK),complete
tx25-2025-06-05-call,call,2025-06-05,2025-06-05,2025-06-06,12.0,2025-06-24,3189,84.8,0.04433497536945796,缺adj,,2025-06-05,81.2,21,TWSE(FMTQIK),complete
tx25-2025-06-05-call,call,2025-06-05,2025-06-05,2025-06-06,13.0,2025-06-25,3189,85.5,0.05295566502463056,缺adj,,2025-06-05,81.2,21,TWSE(FMTQIK),complete
tx25-2025-06-05-call,call,2025-06-05,2025-06-05,2025-06-06,14.0,2025-06-26,3189,84.8,0.04433497536945796,缺adj,,2025-06-05,81.2,21,TWSE(FMTQIK),complete
tx25-2025-06-05-call,call,2025-06-05,2025-06-05,2025-06-06,15.0,2025-06-27,3189,85.2,0.049261083743842304,缺adj,,2025-06-05,81.2,21,TWSE(FMTQIK),complete
tx25-2025-06-05-call,call,2025-06-05,2025-06-05,2025-06-06,16.0,2025-06-30,3189,83.7,0.030788177339901468,缺adj,,2025-06-05,81.2,21,TWSE(FMTQIK),complete
tx25-2025-06-05-call,call,2025-06-05,2025-06-05,2025-06-06,17.0,2025-07-01,3189,83.8,0.03201970443349755,缺adj,,2025-06-05,81.2,21,TWSE(FMTQIK),complete
tx25-2025-06-05-call,call,2025-06-05,2025-06-05,2025-06-06,18.0,2025-07-02,3189,84.0,0.034482758620689724,缺adj,,2025-06-05,81.2,21,TWSE(FMTQIK),complete
tx25-2025-06-05-call,call,2025-06-05,2025-06-05,2025-06-06,19.0,2025-07-03,3189,88.2,0.0862068965517242,缺adj,,2025-06-05,81.2,21,TWSE(FMTQIK),complete
tx25-2025-06-05-call,call,2025-06-05,2025-06-05,2025-06-06,20.0,2025-07-04,3189,88.2,0.0862068965517242,缺adj,,2025-06-05,81.2,21,TWSE(FMTQIK),complete
tx25-2025-06-05-call,call,2025-06-05,2025-06-05,2025-06-06,0.0,2025-06-06,2368,270.5,-0.03046594982078854,缺adj,,2025-06-05,279.0,21,TWSE(FMTQIK),complete
tx25-2025-06-05-call,call,2025-06-05,2025-06-05,2025-06-06,1.0,2025-06-09,2368,278.5,-0.0017921146953404632,缺adj,,2025-06-05,279.0,21,TWSE(FMTQIK),complete
tx25-2025-06-05-call,call,2025-06-05,2025-06-05,2025-06-06,2.0,2025-06-10,2368,281.5,0.008960573476702427,缺adj,,2025-06-05,279.0,21,TWSE(FMTQIK),complete
tx25-2025-06-05-call,call,2025-06-05,2025-06-05,2025-06-06,3.0,2025-06-11,2368,282.5,0.012544802867383575,缺adj,,2025-06-05,279.0,21,TWSE(FMTQIK),complete
tx25-2025-06-05-call,call,2025-06-05,2025-06-05,2025-06-06,4.0,2025-06-12,2368,278.5,-0.0017921146953404632,缺adj,,2025-06-05,279.0,21,TWSE(FMTQIK),complete
tx25-2025-06-05-call,call,2025-06-05,2025-06-05,2025-06-06,5.0,2025-06-13,2368,278.0,-0.0035842293906810374,缺adj,,2025-06-05,279.0,21,TWSE(FMTQIK),complete
tx25-2025-06-05-call,call,2025-06-05,2025-06-05,2025-06-06,6.0,2025-06-16,2368,279.5,0.0017921146953405742,缺adj,,2025-06-05,279.0,21,TWSE(FMTQIK),complete
tx25-2025-06-05-call,call,2025-06-05,2025-06-05,2025-06-06,7.0,2025-06-17,2368,269.0,-0.03584229390681004,缺adj,,2025-06-05,279.0,21,TWSE(FMTQIK),complete
tx25-2025-06-05-call,call,2025-06-05,2025-06-05,2025-06-06,8.0,2025-06-18,2368,263.5,-0.05555555555555558,缺adj,,2025-06-05,279.0,21,TWSE(FMTQIK),complete
tx25-2025-06-05-call,call,2025-06-05,2025-06-05,2025-06-06,9.0,2025-06-19,2368,264.0,-0.053763440860215006,缺adj,,2025-06-05,279.0,21,TWSE(FMTQIK),complete
tx25-2025-06-05-call,call,2025-06-05,2025-06-05,2025-06-06,10.0,2025-06-20,2368,266.5,-0.04480286738351258,缺adj,,2025-06-05,279.0,21,TWSE(FMTQIK),complete
tx25-2025-06-05-call,call,2025-06-05,2025-06-05,2025-06-06,11.0,2025-06-23,2368,269.5,-0.03405017921146958,缺adj,,2025-06-05,279.0,21,TWSE(FMTQIK),complete
tx25-2025-06-05-call,call,2025-06-05,2025-06-05,2025-06-06,12.0,2025-06-24,2368,274.0,-0.017921146953404965,缺adj,,2025-06-05,279.0,21,TWSE(FMTQIK),complete
tx25-2025-06-05-call,call,2025-06-05,2025-06-05,2025-06-06,13.0,2025-06-25,2368,272.0,-0.02508960573476704,缺adj,,2025-06-05,279.0,21,TWSE(FMTQIK),complete
tx25-2025-06-05-call,call,2025-06-05,2025-06-05,2025-06-06,14.0,2025-06-26,2368,269.5,-0.03405017921146958,缺adj,,2025-06-05,279.0,21,TWSE(FMTQIK),complete
tx25-2025-06-05-call,call,2025-06-05,2025-06-05,2025-06-06,15.0,2025-06-27,2368,276.0,-0.010752688172043001,缺adj,,2025-06-05,279.0,21,TWSE(FMTQIK),complete
tx25-2025-06-05-call,call,2025-06-05,2025-06-05,2025-06-06,16.0,2025-06-30,2368,295.0,0.057347670250896154,缺adj,,2025-06-05,279.0,21,TWSE(FMTQIK),complete
tx25-2025-06-05-call,call,2025-06-05,2025-06-05,2025-06-06,17.0,2025-07-01,2368,294.5,0.05555555555555558,缺adj,,2025-06-05,279.0,21,TWSE(FMTQIK),complete
tx25-2025-06-05-call,call,2025-06-05,2025-06-05,2025-06-06,18.0,2025-07-02,2368,290.5,0.04121863799283143,缺adj,,2025-06-05,279.0,21,TWSE(FMTQIK),complete
tx25-2025-06-05-call,call,2025-06-05,2025-06-05,2025-06-06,19.0,2025-07-03,2368,290.0,0.03942652329749108,缺adj,,2025-06-05,279.0,21,TWSE(FMTQIK),complete
tx25-2025-06-05-call,call,2025-06-05,2025-06-05,2025-06-06,20.0,2025-07-04,2368,300.5,0.07706093189964158,缺adj,,2025-06-05,279.0,21,TWSE(FMTQIK),complete
tx25-2025-06-05-call,call,2025-06-05,2025-06-05,2025-06-06,0.0,2025-06-06,2383,788.0,-0.0012674271229404788,缺adj,,2025-06-05,789.0,21,TWSE(FMTQIK),complete
tx25-2025-06-05-call,call,2025-06-05,2025-06-05,2025-06-06,1.0,2025-06-09,2383,820.0,0.03929024081115329,缺adj,,2025-06-05,789.0,21,TWSE(FMTQIK),complete
tx25-2025-06-05-call,call,2025-06-05,2025-06-05,2025-06-06,2.0,2025-06-10,2383,890.0,0.12801013941698347,缺adj,,2025-06-05,789.0,21,TWSE(FMTQIK),complete
tx25-2025-06-05-call,call,2025-06-05,2025-06-05,2025-06-06,3.0,2025-06-11,2383,873.0,0.10646387832699622,缺adj,,2025-06-05,789.0,21,TWSE(FMTQIK),complete
tx25-2025-06-05-call,call,2025-06-05,2025-06-05,2025-06-06,4.0,2025-06-12,2383,858.0,0.0874524714828897,缺adj,,2025-06-05,789.0,21,TWSE(FMTQIK),complete
tx25-2025-06-05-call,call,2025-06-05,2025-06-05,2025-06-06,5.0,2025-06-13,2383,860.0,0.08998732572877066,缺adj,,2025-06-05,789.0,21,TWSE(FMTQIK),complete
tx25-2025-06-05-call,call,2025-06-05,2025-06-05,2025-06-06,6.0,2025-06-16,2383,879.0,0.11406844106463887,缺adj,,2025-06-05,789.0,21,TWSE(FMTQIK),complete
tx25-2025-06-05-call,call,2025-06-05,2025-06-05,2025-06-06,7.0,2025-06-17,2383,867.0,0.09885931558935357,缺adj,,2025-06-05,789.0,21,TWSE(FMTQIK),complete
tx25-2025-06-05-call,call,2025-06-05,2025-06-05,2025-06-06,8.0,2025-06-18,2383,845.0,0.07097591888466415,缺adj,,2025-06-05,789.0,21,TWSE(FMTQIK),complete
tx25-2025-06-05-call,call,2025-06-05,2025-06-05,2025-06-06,9.0,2025-06-19,2383,845.0,0.07097591888466415,缺adj,,2025-06-05,789.0,21,TWSE(FMTQIK),complete
tx25-2025-06-05-call,call,2025-06-05,2025-06-05,2025-06-06,10.0,2025-06-20,2383,838.0,0.06210392902408102,缺adj,,2025-06-05,789.0,21,TWSE(FMTQIK),complete
tx25-2025-06-05-call,call,2025-06-05,2025-06-05,2025-06-06,11.0,2025-06-23,2383,834.0,0.057034220532319324,缺adj,,2025-06-05,789.0,21,TWSE(FMTQIK),complete
tx25-2025-06-05-call,call,2025-06-05,2025-06-05,2025-06-06,12.0,2025-06-24,2383,860.0,0.08998732572877066,缺adj,,2025-06-05,789.0,21,TWSE(FMTQIK),complete
tx25-2025-06-05-call,call,2025-06-05,2025-06-05,2025-06-06,13.0,2025-06-25,2383,858.0,0.0874524714828897,缺adj,,2025-06-05,789.0,21,TWSE(FMTQIK),complete
tx25-2025-06-05-call,call,2025-06-05,2025-06-05,2025-06-06,14.0,2025-06-26,2383,855.0,0.08365019011406849,缺adj,,2025-06-05,789.0,21,TWSE(FMTQIK),complete
tx25-2025-06-05-call,call,2025-06-05,2025-06-05,2025-06-06,15.0,2025-06-27,2383,866.0,0.09759188846641309,缺adj,,2025-06-05,789.0,21,TWSE(FMTQIK),complete
tx25-2025-06-05-call,call,2025-06-05,2025-06-05,2025-06-06,16.0,2025-06-30,2383,882.0,0.11787072243346008,缺adj,,2025-06-05,789.0,21,TWSE(FMTQIK),complete
tx25-2025-06-05-call,call,2025-06-05,2025-06-05,2025-06-06,17.0,2025-07-01,2383,900.0,0.14068441064638781,缺adj,,2025-06-05,789.0,21,TWSE(FMTQIK),complete
tx25-2025-06-05-call,call,2025-06-05,2025-06-05,2025-06-06,18.0,2025-07-02,2383,903.0,0.14448669201520903,缺adj,,2025-06-05,789.0,21,TWSE(FMTQIK),complete
tx25-2025-06-05-call,call,2025-06-05,2025-06-05,2025-06-06,19.0,2025-07-03,2383,928.0,0.1761723700887199,缺adj,,2025-06-05,789.0,21,TWSE(FMTQIK),complete
tx25-2025-06-05-call,call,2025-06-05,2025-06-05,2025-06-06,20.0,2025-07-04,2383,923.0,0.16983523447401772,缺adj,,2025-06-05,789.0,21,TWSE(FMTQIK),complete
tx25-2025-06-05-call,call,2025-06-05,2025-06-05,2025-06-06,0.0,2025-06-06,6213,85.1,-0.03295454545454557,缺adj,,2025-06-05,88.0,21,TWSE(FMTQIK),complete
tx25-2025-06-05-call,call,2025-06-05,2025-06-05,2025-06-06,1.0,2025-06-09,6213,86.3,-0.0193181818181819,缺adj,,2025-06-05,88.0,21,TWSE(FMTQIK),complete
tx25-2025-06-05-call,call,2025-06-05,2025-06-05,2025-06-06,2.0,2025-06-10,6213,90.3,0.026136363636363624,缺adj,,2025-06-05,88.0,21,TWSE(FMTQIK),complete
tx25-2025-06-05-call,call,2025-06-05,2025-06-05,2025-06-06,3.0,2025-06-11,6213,90.7,0.030681818181818254,缺adj,,2025-06-05,88.0,21,TWSE(FMTQIK),complete
tx25-2025-06-05-call,call,2025-06-05,2025-06-05,2025-06-06,4.0,2025-06-12,6213,88.6,0.006818181818181834,缺adj,,2025-06-05,88.0,21,TWSE(FMTQIK),complete
tx25-2025-06-05-call,call,2025-06-05,2025-06-05,2025-06-06,5.0,2025-06-13,6213,87.5,-0.005681818181818232,缺adj,,2025-06-05,88.0,21,TWSE(FMTQIK),complete
tx25-2025-06-05-call,call,2025-06-05,2025-06-05,2025-06-06,6.0,2025-06-16,6213,88.3,0.003409090909090917,缺adj,,2025-06-05,88.0,21,TWSE(FMTQIK),complete
tx25-2025-06-05-call,call,2025-06-05,2025-06-05,2025-06-06,7.0,2025-06-17,6213,87.2,-0.009090909090909038,缺adj,,2025-06-05,88.0,21,TWSE(FMTQIK),complete
tx25-2025-06-05-call,call,2025-06-05,2025-06-05,2025-06-06,8.0,2025-06-18,6213,87.6,-0.00454545454545463,缺adj,,2025-06-05,88.0,21,TWSE(FMTQIK),complete
tx25-2025-06-05-call,call,2025-06-05,2025-06-05,2025-06-06,9.0,2025-06-19,6213,85.5,-0.02840909090909094,缺adj,,2025-06-05,88.0,21,TWSE(FMTQIK),complete
tx25-2025-06-05-call,call,2025-06-05,2025-06-05,2025-06-06,10.0,2025-06-20,6213,84.1,-0.04431818181818192,缺adj,,2025-06-05,88.0,21,TWSE(FMTQIK),complete
tx25-2025-06-05-call,call,2025-06-05,2025-06-05,2025-06-06,11.0,2025-06-23,6213,85.7,-0.026136363636363624,缺adj,,2025-06-05,88.0,21,TWSE(FMTQIK),complete
tx25-2025-06-05-call,call,2025-06-05,2025-06-05,2025-06-06,12.0,2025-06-24,6213,87.7,-0.003409090909090917,缺adj,,2025-06-05,88.0,21,TWSE(FMTQIK),complete
tx25-2025-06-05-call,call,2025-06-05,2025-06-05,2025-06-06,13.0,2025-06-25,6213,87.5,-0.005681818181818232,缺adj,,2025-06-05,88.0,21,TWSE(FMTQIK),complete
tx25-2025-06-05-call,call,2025-06-05,2025-06-05,2025-06-06,14.0,2025-06-26,6213,87.2,-0.009090909090909038,缺adj,,2025-06-05,88.0,21,TWSE(FMTQIK),complete
tx25-2025-06-05-call,call,2025-06-05,2025-06-05,2025-06-06,15.0,2025-06-27,6213,87.6,-0.00454545454545463,缺adj,,2025-06-05,88.0,21,TWSE(FMTQIK),complete
tx25-2025-06-05-call,call,2025-06-05,2025-06-05,2025-06-06,16.0,2025-06-30,6213,87.2,-0.009090909090909038,缺adj,,2025-06-05,88.0,21,TWSE(FMTQIK),complete
tx25-2025-06-05-call,call,2025-06-05,2025-06-05,2025-06-06,17.0,2025-07-01,6213,87.6,-0.00454545454545463,缺adj,,2025-06-05,88.0,21,TWSE(FMTQIK),complete
tx25-2025-06-05-call,call,2025-06-05,2025-06-05,2025-06-06,18.0,2025-07-02,6213,87.8,-0.002272727272727315,缺adj,,2025-06-05,88.0,21,TWSE(FMTQIK),complete
tx25-2025-06-05-call,call,2025-06-05,2025-06-05,2025-06-06,19.0,2025-07-03,6213,86.3,-0.0193181818181819,缺adj,,2025-06-05,88.0,21,TWSE(FMTQIK),complete
tx25-2025-06-05-call,call,2025-06-05,2025-06-05,2025-06-06,20.0,2025-07-04,6213,84.9,-0.03522727272727266,缺adj,,2025-06-05,88.0,21,TWSE(FMTQIK),complete
tx25-2025-06-05-call,call,2025-06-05,2025-06-05,2025-06-06,0.0,2025-06-06,6274,189.0,0.0026525198938991412,缺adj,,2025-06-05,188.5,21,TWSE(FMTQIK),complete
tx25-2025-06-05-call,call,2025-06-05,2025-06-05,2025-06-06,1.0,2025-06-09,6274,207.5,0.10079575596816981,缺adj,,2025-06-05,188.5,21,TWSE(FMTQIK),complete
tx25-2025-06-05-call,call,2025-06-05,2025-06-05,2025-06-06,2.0,2025-06-10,6274,217.0,0.1511936339522546,缺adj,,2025-06-05,188.5,21,TWSE(FMTQIK),complete
tx25-2025-06-05-call,call,2025-06-05,2025-06-05,2025-06-06,3.0,2025-06-11,6274,217.5,0.15384615384615374,缺adj,,2025-06-05,188.5,21,TWSE(FMTQIK),complete
tx25-2025-06-05-call,call,2025-06-05,2025-06-05,2025-06-06,4.0,2025-06-12,6274,214.0,0.1352785145888593,缺adj,,2025-06-05,188.5,21,TWSE(FMTQIK),complete
tx25-2025-06-05-call,call,2025-06-05,2025-06-05,2025-06-06,5.0,2025-06-13,6274,211.5,0.12201591511936338,缺adj,,2025-06-05,188.5,21,TWSE(FMTQIK),complete
tx25-2025-06-05-call,call,2025-06-05,2025-06-05,2025-06-06,6.0,2025-06-16,6274,216.5,0.14854111405835546,缺adj,,2025-06-05,188.5,21,TWSE(FMTQIK),complete
tx25-2025-06-05-call,call,2025-06-05,2025-06-05,2025-06-06,7.0,2025-06-17,6274,215.5,0.14323607427055696,缺adj,,2025-06-05,188.5,21,TWSE(FMTQIK),complete
tx25-2025-06-05-call,call,2025-06-05,2025-06-05,2025-06-06,8.0,2025-06-18,6274,214.5,0.13793103448275867,缺adj,,2025-06-05,188.5,21,TWSE(FMTQIK),complete
tx25-2025-06-05-call,call,2025-06-05,2025-06-05,2025-06-06,9.0,2025-06-19,6274,214.5,0.13793103448275867,缺adj,,2025-06-05,188.5,21,TWSE(FMTQIK),complete
tx25-2025-06-05-call,call,2025-06-05,2025-06-05,2025-06-06,10.0,2025-06-20,6274,208.0,0.10344827586206895,缺adj,,2025-06-05,188.5,21,TWSE(FMTQIK),complete
tx25-2025-06-05-call,call,2025-06-05,2025-06-05,2025-06-06,11.0,2025-06-23,6274,214.0,0.1352785145888593,缺adj,,2025-06-05,188.5,21,TWSE(FMTQIK),complete
tx25-2025-06-05-call,call,2025-06-05,2025-06-05,2025-06-06,12.0,2025-06-24,6274,224.0,0.18832891246684347,缺adj,,2025-06-05,188.5,21,TWSE(FMTQIK),complete
tx25-2025-06-05-call,call,2025-06-05,2025-06-05,2025-06-06,13.0,2025-06-25,6274,221.5,0.17506631299734754,缺adj,,2025-06-05,188.5,21,TWSE(FMTQIK),complete
tx25-2025-06-05-call,call,2025-06-05,2025-06-05,2025-06-06,14.0,2025-06-26,6274,222.5,0.18037135278514582,缺adj,,2025-06-05,188.5,21,TWSE(FMTQIK),complete
tx25-2025-06-05-call,call,2025-06-05,2025-06-05,2025-06-06,15.0,2025-06-27,6274,222.0,0.17771883289124668,缺adj,,2025-06-05,188.5,21,TWSE(FMTQIK),complete
tx25-2025-06-05-call,call,2025-06-05,2025-06-05,2025-06-06,16.0,2025-06-30,6274,227.5,0.2068965517241379,缺adj,,2025-06-05,188.5,21,TWSE(FMTQIK),complete
tx25-2025-06-05-call,call,2025-06-05,2025-06-05,2025-06-06,17.0,2025-07-01,6274,232.5,0.23342175066312998,缺adj,,2025-06-05,188.5,21,TWSE(FMTQIK),complete
tx25-2025-06-05-call,call,2025-06-05,2025-06-05,2025-06-06,18.0,2025-07-02,6274,224.0,0.18832891246684347,缺adj,,2025-06-05,188.5,21,TWSE(FMTQIK),complete
tx25-2025-06-05-call,call,2025-06-05,2025-06-05,2025-06-06,19.0,2025-07-03,6274,230.5,0.2228116710875332,缺adj,,2025-06-05,188.5,21,TWSE(FMTQIK),complete
tx25-2025-06-05-call,call,2025-06-05,2025-06-05,2025-06-06,20.0,2025-07-04,6274,235.5,0.24933687002652527,缺adj,,2025-06-05,188.5,21,TWSE(FMTQIK),complete
tx25-2025-06-05-call,call,2025-06-05,2025-06-05,2025-06-06,0.0,2025-06-06,2408,52.0,-0.00952380952380949,缺adj,,2025-06-05,52.5,21,TWSE(FMTQIK),complete
tx25-2025-06-05-call,call,2025-06-05,2025-06-05,2025-06-06,1.0,2025-06-09,2408,51.7,-0.015238095238095162,缺adj,,2025-06-05,52.5,21,TWSE(FMTQIK),complete
tx25-2025-06-05-call,call,2025-06-05,2025-06-05,2025-06-06,2.0,2025-06-10,2408,54.3,0.03428571428571425,缺adj,,2025-06-05,52.5,21,TWSE(FMTQIK),complete
tx25-2025-06-05-call,call,2025-06-05,2025-06-05,2025-06-06,3.0,2025-06-11,2408,52.7,0.003809523809523929,缺adj,,2025-06-05,52.5,21,TWSE(FMTQIK),complete
tx25-2025-06-05-call,call,2025-06-05,2025-06-05,2025-06-06,4.0,2025-06-12,2408,54.1,0.030476190476190546,缺adj,,2025-06-05,52.5,21,TWSE(FMTQIK),complete
tx25-2025-06-05-call,call,2025-06-05,2025-06-05,2025-06-06,5.0,2025-06-13,2408,53.5,0.01904761904761898,缺adj,,2025-06-05,52.5,21,TWSE(FMTQIK),complete
tx25-2025-06-05-call,call,2025-06-05,2025-06-05,2025-06-06,6.0,2025-06-16,2408,52.9,0.007619047619047636,缺adj,,2025-06-05,52.5,21,TWSE(FMTQIK),complete
tx25-2025-06-05-call,call,2025-06-05,2025-06-05,2025-06-06,7.0,2025-06-17,2408,53.8,0.024761904761904763,缺adj,,2025-06-05,52.5,21,TWSE(FMTQIK),complete
tx25-2025-06-05-call,call,2025-06-05,2025-06-05,2025-06-06,8.0,2025-06-18,2408,59.1,0.12571428571428567,缺adj,,2025-06-05,52.5,21,TWSE(FMTQIK),complete
tx25-2025-06-05-call,call,2025-06-05,2025-06-05,2025-06-06,9.0,2025-06-19,2408,60.4,0.15047619047619043,缺adj,,2025-06-05,52.5,21,TWSE(FMTQIK),complete
tx25-2025-06-05-call,call,2025-06-05,2025-06-05,2025-06-06,10.0,2025-06-20,2408,58.9,0.12190476190476196,缺adj,,2025-06-05,52.5,21,TWSE(FMTQIK),complete
tx25-2025-06-05-call,call,2025-06-05,2025-06-05,2025-06-06,11.0,2025-06-23,2408,58.4,0.11238095238095225,缺adj,,2025-06-05,52.5,21,TWSE(FMTQIK),complete
tx25-2025-06-05-call,call,2025-06-05,2025-06-05,2025-06-06,12.0,2025-06-24,2408,56.7,0.08000000000000007,缺adj,,2025-06-05,52.5,21,TWSE(FMTQIK),complete
tx25-2025-06-05-call,call,2025-06-05,2025-06-05,2025-06-06,13.0,2025-06-25,2408,55.0,0.04761904761904767,缺adj,,2025-06-05,52.5,21,TWSE(FMTQIK),complete
tx25-2025-06-05-call,call,2025-06-05,2025-06-05,2025-06-06,14.0,2025-06-26,2408,53.9,0.026666666666666616,缺adj,,2025-06-05,52.5,21,TWSE(FMTQIK),complete
tx25-2025-06-05-call,call,2025-06-05,2025-06-05,2025-06-06,15.0,2025-06-27,2408,53.1,0.011428571428571566,缺adj,,2025-06-05,52.5,21,TWSE(FMTQIK),complete
tx25-2025-06-05-call,call,2025-06-05,2025-06-05,2025-06-06,16.0,2025-06-30,2408,51.2,-0.024761904761904763,缺adj,,2025-06-05,52.5,21,TWSE(FMTQIK),complete
tx25-2025-06-05-call,call,2025-06-05,2025-06-05,2025-06-06,17.0,2025-07-01,2408,49.5,-0.05714285714285716,缺adj,,2025-06-05,52.5,21,TWSE(FMTQIK),complete
tx25-2025-06-05-call,call,2025-06-05,2025-06-05,2025-06-06,18.0,2025-07-02,2408,49.45,-0.05809523809523809,缺adj,,2025-06-05,52.5,21,TWSE(FMTQIK),complete
tx25-2025-06-05-call,call,2025-06-05,2025-06-05,2025-06-06,19.0,2025-07-03,2408,50.6,-0.03619047619047622,缺adj,,2025-06-05,52.5,21,TWSE(FMTQIK),complete
tx25-2025-06-05-call,call,2025-06-05,2025-06-05,2025-06-06,20.0,2025-07-04,2408,48.45,-0.07714285714285707,缺adj,,2025-06-05,52.5,21,TWSE(FMTQIK),complete
tx25-2025-06-05-call,call,2025-06-05,2025-06-05,2025-06-06,0.0,2025-06-06,2344,18.35,0.013812154696132506,缺adj,,2025-06-05,18.1,21,TWSE(FMTQIK),complete
tx25-2025-06-05-call,call,2025-06-05,2025-06-05,2025-06-06,1.0,2025-06-09,2344,18.4,0.016574585635358963,缺adj,,2025-06-05,18.1,21,TWSE(FMTQIK),complete
tx25-2025-06-05-call,call,2025-06-05,2025-06-05,2025-06-06,2.0,2025-06-10,2344,18.8,0.03867403314917128,缺adj,,2025-06-05,18.1,21,TWSE(FMTQIK),complete
tx25-2025-06-05-call,call,2025-06-05,2025-06-05,2025-06-06,3.0,2025-06-11,2344,18.8,0.03867403314917128,缺adj,,2025-06-05,18.1,21,TWSE(FMTQIK),complete
tx25-2025-06-05-call,call,2025-06-05,2025-06-05,2025-06-06,4.0,2025-06-12,2344,18.8,0.03867403314917128,缺adj,,2025-06-05,18.1,21,TWSE(FMTQIK),complete
tx25-2025-06-05-call,call,2025-06-05,2025-06-05,2025-06-06,5.0,2025-06-13,2344,18.45,0.01933701657458542,缺adj,,2025-06-05,18.1,21,TWSE(FMTQIK),complete
tx25-2025-06-05-call,call,2025-06-05,2025-06-05,2025-06-06,6.0,2025-06-16,2344,18.4,0.016574585635358963,缺adj,,2025-06-05,18.1,21,TWSE(FMTQIK),complete
tx25-2025-06-05-call,call,2025-06-05,2025-06-05,2025-06-06,7.0,2025-06-17,2344,18.75,0.035911602209944604,缺adj,,2025-06-05,18.1,21,TWSE(FMTQIK),complete
tx25-2025-06-05-call,call,2025-06-05,2025-06-05,2025-06-06,8.0,2025-06-18,2344,19.65,0.08563535911602194,缺adj,,2025-06-05,18.1,21,TWSE(FMTQIK),complete
tx25-2025-06-05-call,call,2025-06-05,2025-06-05,2025-06-06,9.0,2025-06-19,2344,19.6,0.08287292817679548,缺adj,,2025-06-05,18.1,21,TWSE(FMTQIK),complete
tx25-2025-06-05-call,call,2025-06-05,2025-06-05,2025-06-06,10.0,2025-06-20,2344,18.95,0.04696132596685065,缺adj,,2025-06-05,18.1,21,TWSE(FMTQIK),complete
tx25-2025-06-05-call,call,2025-06-05,2025-06-05,2025-06-06,11.0,2025-06-23,2344,19.6,0.08287292817679548,缺adj,,2025-06-05,18.1,21,TWSE(FMTQIK),complete
tx25-2025-06-05-call,call,2025-06-05,2025-06-05,2025-06-06,12.0,2025-06-24,2344,20.05,0.10773480662983426,缺adj,,2025-06-05,18.1,21,TWSE(FMTQIK),complete
tx25-2025-06-05-call,call,2025-06-05,2025-06-05,2025-06-06,13.0,2025-06-25,2344,20.25,0.1187845303867403,缺adj,,2025-06-05,18.1,21,TWSE(FMTQIK),complete
tx25-2025-06-05-call,call,2025-06-05,2025-06-05,2025-06-06,14.0,2025-06-26,2344,20.85,0.15193370165745845,缺adj,,2025-06-05,18.1,21,TWSE(FMTQIK),complete
tx25-2025-06-05-call,call,2025-06-05,2025-06-05,2025-06-06,15.0,2025-06-27,2344,21.15,0.16850828729281742,缺adj,,2025-06-05,18.1,21,TWSE(FMTQIK),complete
tx25-2025-06-05-call,call,2025-06-05,2025-06-05,2025-06-06,16.0,2025-06-30,2344,20.15,0.11325966850828717,缺adj,,2025-06-05,18.1,21,TWSE(FMTQIK),complete
tx25-2025-06-05-call,call,2025-06-05,2025-06-05,2025-06-06,17.0,2025-07-01,2344,19.85,0.09668508287292821,缺adj,,2025-06-05,18.1,21,TWSE(FMTQIK),complete
tx25-2025-06-05-call,call,2025-06-05,2025-06-05,2025-06-06,18.0,2025-07-02,2344,19.55,0.08011049723756902,缺adj,,2025-06-05,18.1,21,TWSE(FMTQIK),complete
tx25-2025-06-05-call,call,2025-06-05,2025-06-05,2025-06-06,19.0,2025-07-03,2344,19.75,0.09116022099447507,缺adj,,2025-06-05,18.1,21,TWSE(FMTQIK),complete
tx25-2025-06-05-call,call,2025-06-05,2025-06-05,2025-06-06,20.0,2025-07-04,2344,19.15,0.0580110497237567,缺adj,,2025-06-05,18.1,21,TWSE(FMTQIK),complete
tx25-2025-06-05-call,call,2025-06-05,2025-06-05,2025-06-06,0.0,2025-06-06,6770,15.55,0.03322259136212624,缺adj,,2025-06-05,15.05,21,TWSE(FMTQIK),complete
tx25-2025-06-05-call,call,2025-06-05,2025-06-05,2025-06-06,1.0,2025-06-09,6770,15.65,0.039867109634551534,缺adj,,2025-06-05,15.05,21,TWSE(FMTQIK),complete
tx25-2025-06-05-call,call,2025-06-05,2025-06-05,2025-06-06,2.0,2025-06-10,6770,15.8,0.04983388704318936,缺adj,,2025-06-05,15.05,21,TWSE(FMTQIK),complete
tx25-2025-06-05-call,call,2025-06-05,2025-06-05,2025-06-06,3.0,2025-06-11,6770,15.65,0.039867109634551534,缺adj,,2025-06-05,15.05,21,TWSE(FMTQIK),complete
tx25-2025-06-05-call,call,2025-06-05,2025-06-05,2025-06-06,4.0,2025-06-12,6770,15.8,0.04983388704318936,缺adj,,2025-06-05,15.05,21,TWSE(FMTQIK),complete
tx25-2025-06-05-call,call,2025-06-05,2025-06-05,2025-06-06,5.0,2025-06-13,6770,15.0,-0.0033222591362126463,缺adj,,2025-06-05,15.05,21,TWSE(FMTQIK),complete
tx25-2025-06-05-call,call,2025-06-05,2025-06-05,2025-06-06,6.0,2025-06-16,6770,14.9,-0.009966777408637939,缺adj,,2025-06-05,15.05,21,TWSE(FMTQIK),complete
tx25-2025-06-05-call,call,2025-06-05,2025-06-05,2025-06-06,7.0,2025-06-17,6770,15.0,-0.0033222591362126463,缺adj,,2025-06-05,15.05,21,TWSE(FMTQIK),complete
tx25-2025-06-05-call,call,2025-06-05,2025-06-05,2025-06-06,8.0,2025-06-18,6770,15.95,0.05980066445182719,缺adj,,2025-06-05,15.05,21,TWSE(FMTQIK),complete
tx25-2025-06-05-call,call,2025-06-05,2025-06-05,2025-06-06,9.0,2025-06-19,6770,15.4,0.023255813953488413,缺adj,,2025-06-05,15.05,21,TWSE(FMTQIK),complete
tx25-2025-06-05-call,call,2025-06-05,2025-06-05,2025-06-06,10.0,2025-06-20,6770,15.0,-0.0033222591362126463,缺adj,,2025-06-05,15.05,21,TWSE(FMTQIK),complete
tx25-2025-06-05-call,call,2025-06-05,2025-06-05,2025-06-06,11.0,2025-06-23,6770,14.9,-0.009966777408637939,缺adj,,2025-06-05,15.05,21,TWSE(FMTQIK),complete
tx25-2025-06-05-call,call,2025-06-05,2025-06-05,2025-06-06,12.0,2025-06-24,6770,15.4,0.023255813953488413,缺adj,,2025-06-05,15.05,21,TWSE(FMTQIK),complete
tx25-2025-06-05-call,call,2025-06-05,2025-06-05,2025-06-06,13.0,2025-06-25,6770,15.4,0.023255813953488413,缺adj,,2025-06-05,15.05,21,TWSE(FMTQIK),complete
tx25-2025-06-05-call,call,2025-06-05,2025-06-05,2025-06-06,14.0,2025-06-26,6770,15.4,0.023255813953488413,缺adj,,2025-06-05,15.05,21,TWSE(FMTQIK),complete
tx25-2025-06-05-call,call,2025-06-05,2025-06-05,2025-06-06,15.0,2025-06-27,6770,15.45,0.02657807308970095,缺adj,,2025-06-05,15.05,21,TWSE(FMTQIK),complete
tx25-2025-06-05-call,call,2025-06-05,2025-06-05,2025-06-06,16.0,2025-06-30,6770,15.4,0.023255813953488413,缺adj,,2025-06-05,15.05,21,TWSE(FMTQIK),complete
tx25-2025-06-05-call,call,2025-06-05,2025-06-05,2025-06-06,17.0,2025-07-01,6770,15.5,0.029900332225913484,缺adj,,2025-06-05,15.05,21,TWSE(FMTQIK),complete
tx25-2025-06-05-call,call,2025-06-05,2025-06-05,2025-06-06,18.0,2025-07-02,6770,16.05,0.06644518272425248,缺adj,,2025-06-05,15.05,21,TWSE(FMTQIK),complete
tx25-2025-06-05-call,call,2025-06-05,2025-06-05,2025-06-06,19.0,2025-07-03,6770,17.65,0.17275747508305628,缺adj,,2025-06-05,15.05,21,TWSE(FMTQIK),complete
tx25-2025-06-05-call,call,2025-06-05,2025-06-05,2025-06-06,20.0,2025-07-04,6770,17.65,0.17275747508305628,缺adj,,2025-06-05,15.05,21,TWSE(FMTQIK),complete
tx25-2025-06-05-call,call,2025-06-05,2025-06-05,2025-06-06,0.0,2025-06-06,3711,139.0,-0.0035842293906810374,缺adj,,2025-06-05,139.5,21,TWSE(FMTQIK),complete
tx25-2025-06-05-call,call,2025-06-05,2025-06-05,2025-06-06,1.0,2025-06-09,3711,140.0,0.0035842293906809264,缺adj,,2025-06-05,139.5,21,TWSE(FMTQIK),complete
tx25-2025-06-05-call,call,2025-06-05,2025-06-05,2025-06-06,2.0,2025-06-10,3711,142.5,0.021505376344086002,缺adj,,2025-06-05,139.5,21,TWSE(FMTQIK),complete
tx25-2025-06-05-call,call,2025-06-05,2025-06-05,2025-06-06,3.0,2025-06-11,3711,145.5,0.043010752688172005,缺adj,,2025-06-05,139.5,21,TWSE(FMTQIK),complete
tx25-2025-06-05-call,call,2025-06-05,2025-06-05,2025-06-06,4.0,2025-06-12,3711,145.0,0.03942652329749108,缺adj,,2025-06-05,139.5,21,TWSE(FMTQIK),complete
tx25-2025-06-05-call,call,2025-06-05,2025-06-05,2025-06-06,5.0,2025-06-13,3711,143.5,0.028673835125448077,缺adj,,2025-06-05,139.5,21,TWSE(FMTQIK),complete
tx25-2025-06-05-call,call,2025-06-05,2025-06-05,2025-06-06,6.0,2025-06-16,3711,145.0,0.03942652329749108,缺adj,,2025-06-05,139.5,21,TWSE(FMTQIK),complete
tx25-2025-06-05-call,call,2025-06-05,2025-06-05,2025-06-06,7.0,2025-06-17,3711,148.0,0.06093189964157708,缺adj,,2025-06-05,139.5,21,TWSE(FMTQIK),complete
tx25-2025-06-05-call,call,2025-06-05,2025-06-05,2025-06-06,8.0,2025-06-18,3711,148.0,0.06093189964157708,缺adj,,2025-06-05,139.5,21,TWSE(FMTQIK),complete
tx25-2025-06-05-call,call,2025-06-05,2025-06-05,2025-06-06,9.0,2025-06-19,3711,146.0,0.04659498207885315,缺adj,,2025-06-05,139.5,21,TWSE(FMTQIK),complete
tx25-2025-06-05-call,call,2025-06-05,2025-06-05,2025-06-06,10.0,2025-06-20,3711,144.5,0.03584229390680993,缺adj,,2025-06-05,139.5,21,TWSE(FMTQIK),complete
tx25-2025-06-05-call,call,2025-06-05,2025-06-05,2025-06-06,11.0,2025-06-23,3711,147.0,0.053763440860215006,缺adj,,2025-06-05,139.5,21,TWSE(FMTQIK),complete
tx25-2025-06-05-call,call,2025-06-05,2025-06-05,2025-06-06,12.0,2025-06-24,3711,149.5,0.07168458781362008,缺adj,,2025-06-05,139.5,21,TWSE(FMTQIK),complete
tx25-2025-06-05-call,call,2025-06-05,2025-06-05,2025-06-06,13.0,2025-06-25,3711,153.0,0.09677419354838701,缺adj,,2025-06-05,139.5,21,TWSE(FMTQIK),complete
tx25-2025-06-05-call,call,2025-06-05,2025-06-05,2025-06-06,14.0,2025-06-26,3711,152.5,0.09318996415770608,缺adj,,2025-06-05,139.5,21,TWSE(FMTQIK),complete
tx25-2025-06-05-call,call,2025-06-05,2025-06-05,2025-06-06,15.0,2025-06-27,3711,150.0,0.07526881720430101,缺adj,,2025-06-05,139.5,21,TWSE(FMTQIK),complete
tx25-2025-06-05-call,call,2025-06-05,2025-06-05,2025-06-06,16.0,2025-06-30,3711,147.5,0.057347670250896154,缺adj,,2025-06-05,139.5,21,TWSE(FMTQIK),complete
tx25-2025-06-05-call,call,2025-06-05,2025-06-05,2025-06-06,17.0,2025-07-01,3711,145.5,0.043010752688172005,缺adj,,2025-06-05,139.5,21,TWSE(FMTQIK),complete
tx25-2025-06-05-call,call,2025-06-05,2025-06-05,2025-06-06,18.0,2025-07-02,3711,141.5,0.014336917562723928,缺adj,,2025-06-05,139.5,21,TWSE(FMTQIK),complete
tx25-2025-06-05-call,call,2025-06-05,2025-06-05,2025-06-06,19.0,2025-07-03,3711,144.0,0.032258064516129004,缺adj,,2025-06-05,139.5,21,TWSE(FMTQIK),complete
tx25-2025-06-05-call,call,2025-06-05,2025-06-05,2025-06-06,20.0,2025-07-04,3711,147.0,0.053763440860215006,缺adj,,2025-06-05,139.5,21,TWSE(FMTQIK),complete
tx25-2025-06-05-call,call,2025-06-05,2025-06-05,2025-06-06,0.0,2025-06-06,EW_TW,,-0.0016977030087687432,n=11/11;缺adj,11.0,2025-06-05,,21,TWSE(FMTQIK),complete
tx25-2025-06-05-call,call,2025-06-05,2025-06-05,2025-06-06,1.0,2025-06-09,EW_TW,,0.009852748091471419,n=11/11;缺adj,11.0,2025-06-05,,21,TWSE(FMTQIK),complete
tx25-2025-06-05-call,call,2025-06-05,2025-06-05,2025-06-06,2.0,2025-06-10,EW_TW,,0.050033372856831806,n=11/11;缺adj,11.0,2025-06-05,,21,TWSE(FMTQIK),complete
tx25-2025-06-05-call,call,2025-06-05,2025-06-05,2025-06-06,3.0,2025-06-11,EW_TW,,0.06053496207104189,n=11/11;缺adj,11.0,2025-06-05,,21,TWSE(FMTQIK),complete
tx25-2025-06-05-call,call,2025-06-05,2025-06-05,2025-06-06,4.0,2025-06-12,EW_TW,,0.053262836093922995,n=11/11;缺adj,11.0,2025-06-05,,21,TWSE(FMTQIK),complete
tx25-2025-06-05-call,call,2025-06-05,2025-06-05,2025-06-06,5.0,2025-06-13,EW_TW,,0.03126565672578754,n=11/11;缺adj,11.0,2025-06-05,,21,TWSE(FMTQIK),complete
tx25-2025-06-05-call,call,2025-06-05,2025-06-05,2025-06-06,6.0,2025-06-16,EW_TW,,0.039595878975476825,n=11/11;缺adj,11.0,2025-06-05,,21,TWSE(FMTQIK),complete
tx25-2025-06-05-call,call,2025-06-05,2025-06-05,2025-06-06,7.0,2025-06-17,EW_TW,,0.03343451897471244,n=11/11;缺adj,11.0,2025-06-05,,21,TWSE(FMTQIK),complete
tx25-2025-06-05-call,call,2025-06-05,2025-06-05,2025-06-06,8.0,2025-06-18,EW_TW,,0.05109763314226023,n=11/11;缺adj,11.0,2025-06-05,,21,TWSE(FMTQIK),complete
tx25-2025-06-05-call,call,2025-06-05,2025-06-05,2025-06-06,9.0,2025-06-19,EW_TW,,0.04033006402567449,n=11/11;缺adj,11.0,2025-06-05,,21,TWSE(FMTQIK),complete
tx25-2025-06-05-call,call,2025-06-05,2025-06-05,2025-06-06,10.0,2025-06-20,EW_TW,,0.023094129781221294,n=11/11;缺adj,11.0,2025-06-05,,21,TWSE(FMTQIK),complete
tx25-2025-06-05-call,call,2025-06-05,2025-06-05,2025-06-06,11.0,2025-06-23,EW_TW,,0.043335259955069566,n=11/11;缺adj,11.0,2025-06-05,,21,TWSE(FMTQIK),complete
tx25-2025-06-05-call,call,2025-06-05,2025-06-05,2025-06-06,12.0,2025-06-24,EW_TW,,0.06573856632082589,n=11/11;缺adj,11.0,2025-06-05,,21,TWSE(FMTQIK),complete
tx25-2025-06-05-call,call,2025-06-05,2025-06-05,2025-06-06,13.0,2025-06-25,EW_TW,,0.06720486202888921,n=11/11;缺adj,11.0,2025-06-05,,21,TWSE(FMTQIK),complete
tx25-2025-06-05-call,call,2025-06-05,2025-06-05,2025-06-06,14.0,2025-06-26,EW_TW,,0.06664503897777493,n=11/11;缺adj,11.0,2025-06-05,,21,TWSE(FMTQIK),complete
tx25-2025-06-05-call,call,2025-06-05,2025-06-05,2025-06-06,15.0,2025-06-27,EW_TW,,0.06813323134155938,n=11/11;缺adj,11.0,2025-06-05,,21,TWSE(FMTQIK),complete
tx25-2025-06-05-call,call,2025-06-05,2025-06-05,2025-06-06,16.0,2025-06-30,EW_TW,,0.06693757733618305,n=11/11;缺adj,11.0,2025-06-05,,21,TWSE(FMTQIK),complete
tx25-2025-06-05-call,call,2025-06-05,2025-06-05,2025-06-06,17.0,2025-07-01,EW_TW,,0.06444133732970926,n=11/11;缺adj,11.0,2025-06-05,,21,TWSE(FMTQIK),complete
tx25-2025-06-05-call,call,2025-06-05,2025-06-05,2025-06-06,18.0,2025-07-02,EW_TW,,0.06108108837655093,n=11/11;缺adj,11.0,2025-06-05,,21,TWSE(FMTQIK),complete
tx25-2025-06-05-call,call,2025-06-05,2025-06-05,2025-06-06,19.0,2025-07-03,EW_TW,,0.09736529222384317,n=11/11;缺adj,11.0,2025-06-05,,21,TWSE(FMTQIK),complete
tx25-2025-06-05-call,call,2025-06-05,2025-06-05,2025-06-06,20.0,2025-07-04,EW_TW,,0.09899200745390825,n=11/11;缺adj,11.0,2025-06-05,,21,TWSE(FMTQIK),complete
tx25-2025-06-05-call,call,2025-06-05,2025-06-05,2025-06-06,0.0,2025-06-06,NET,179.67,0.018941756933023246,缺adj,,2025-06-05,176.33,21,US(own bars),complete
tx25-2025-06-05-call,call,2025-06-05,2025-06-05,2025-06-06,1.0,2025-06-09,NET,177.8,0.008336641524414379,缺adj,,2025-06-05,176.33,21,US(own bars),complete
tx25-2025-06-05-call,call,2025-06-05,2025-06-05,2025-06-06,2.0,2025-06-10,NET,179.34,0.01707026597856287,缺adj,,2025-06-05,176.33,21,US(own bars),complete
tx25-2025-06-05-call,call,2025-06-05,2025-06-05,2025-06-06,3.0,2025-06-11,NET,179.71,0.01916860432144274,缺adj,,2025-06-05,176.33,21,US(own bars),complete
tx25-2025-06-05-call,call,2025-06-05,2025-06-05,2025-06-06,4.0,2025-06-12,NET,170.81,-0.03130493960188285,缺adj,,2025-06-05,176.33,21,US(own bars),complete
tx25-2025-06-05-call,call,2025-06-05,2025-06-05,2025-06-06,5.0,2025-06-13,NET,171.97,-0.024726365337719103,缺adj,,2025-06-05,176.33,21,US(own bars),complete
tx25-2025-06-05-call,call,2025-06-05,2025-06-05,2025-06-06,6.0,2025-06-16,NET,179.27,0.01667328304882898,缺adj,,2025-06-05,176.33,21,US(own bars),complete
tx25-2025-06-05-call,call,2025-06-05,2025-06-05,2025-06-06,7.0,2025-06-17,NET,181.23,0.027788805081381263,缺adj,,2025-06-05,176.33,21,US(own bars),complete
tx25-2025-06-05-call,call,2025-06-05,2025-06-05,2025-06-06,8.0,2025-06-18,NET,181.4,0.02875290648216411,缺adj,,2025-06-05,176.33,21,US(own bars),complete
tx25-2025-06-05-call,call,2025-06-05,2025-06-05,2025-06-06,9.0,2025-06-20,NET,179.3,0.016843418590143378,缺adj,,2025-06-05,176.33,21,US(own bars),complete
tx25-2025-06-05-call,call,2025-06-05,2025-06-05,2025-06-06,10.0,2025-06-23,NET,183.87,0.04276073271706449,缺adj,,2025-06-05,176.33,21,US(own bars),complete
tx25-2025-06-05-call,call,2025-06-05,2025-06-05,2025-06-06,11.0,2025-06-24,NET,186.43,0.057278965575908725,缺adj,,2025-06-05,176.33,21,US(own bars),complete
tx25-2025-06-05-call,call,2025-06-05,2025-06-05,2025-06-06,12.0,2025-06-25,NET,190.12,0.07820563715760209,缺adj,,2025-06-05,176.33,21,US(own bars),complete
tx25-2025-06-05-call,call,2025-06-05,2025-06-05,2025-06-06,13.0,2025-06-26,NET,190.96,0.08296943231441034,缺adj,,2025-06-05,176.33,21,US(own bars),complete
tx25-2025-06-05-call,call,2025-06-05,2025-06-05,2025-06-06,14.0,2025-06-27,NET,194.05,0.1004933930698122,缺adj,,2025-06-05,176.33,21,US(own bars),complete
tx25-2025-06-05-call,call,2025-06-05,2025-06-05,2025-06-06,15.0,2025-06-30,NET,195.83,0.11058810185447743,缺adj,,2025-06-05,176.33,21,US(own bars),complete
tx25-2025-06-05-call,call,2025-06-05,2025-06-05,2025-06-06,16.0,2025-07-01,NET,184.95,0.04888561220438925,缺adj,,2025-06-05,176.33,21,US(own bars),complete
tx25-2025-06-05-call,call,2025-06-05,2025-06-05,2025-06-06,17.0,2025-07-02,NET,185.64,0.05279872965462462,缺adj,,2025-06-05,176.33,21,US(own bars),complete
tx25-2025-06-05-call,call,2025-06-05,2025-06-05,2025-06-06,18.0,2025-07-03,NET,191.27,0.08472749957466119,缺adj,,2025-06-05,176.33,21,US(own bars),complete
tx25-2025-06-05-call,call,2025-06-05,2025-06-05,2025-06-06,19.0,2025-07-07,NET,192.85,0.09368797141722895,缺adj,,2025-06-05,176.33,21,US(own bars),complete
tx25-2025-06-05-call,call,2025-06-05,2025-06-05,2025-06-06,20.0,2025-07-08,NET,192.81,0.09346112402880946,缺adj,,2025-06-05,176.33,21,US(own bars),complete
tx26-2025-09-19-call,call,2025-09-19,2025-09-19,2025-09-22,0.0,2025-09-22,TAIEX,25880.6,0.01181584283908621,缺adj,,2025-09-19,25578.37,21,TWSE(FMTQIK),complete
tx26-2025-09-19-call,call,2025-09-19,2025-09-19,2025-09-22,1.0,2025-09-23,TAIEX,26247.37,0.02615491135674408,缺adj,,2025-09-19,25578.37,21,TWSE(FMTQIK),complete
tx26-2025-09-19-call,call,2025-09-19,2025-09-19,2025-09-22,2.0,2025-09-24,TAIEX,26196.73,0.024175113582296293,缺adj,,2025-09-19,25578.37,21,TWSE(FMTQIK),complete
tx26-2025-09-19-call,call,2025-09-19,2025-09-19,2025-09-22,3.0,2025-09-25,TAIEX,26023.85,0.01741627789417377,缺adj,,2025-09-19,25578.37,21,TWSE(FMTQIK),complete
tx26-2025-09-19-call,call,2025-09-19,2025-09-19,2025-09-22,4.0,2025-09-26,TAIEX,25580.32,7.623628870812027e-05,缺adj,,2025-09-19,25578.37,21,TWSE(FMTQIK),complete
tx26-2025-09-19-call,call,2025-09-19,2025-09-19,2025-09-22,5.0,2025-09-30,TAIEX,25820.54,0.00946776514687997,缺adj,,2025-09-19,25578.37,21,TWSE(FMTQIK),complete
tx26-2025-09-19-call,call,2025-09-19,2025-09-19,2025-09-22,6.0,2025-10-01,TAIEX,25982.91,0.01581570678663269,缺adj,,2025-09-19,25578.37,21,TWSE(FMTQIK),complete
tx26-2025-09-19-call,call,2025-09-19,2025-09-19,2025-09-22,7.0,2025-10-02,TAIEX,26378.39,0.03127720804726808,缺adj,,2025-09-19,25578.37,21,TWSE(FMTQIK),complete
tx26-2025-09-19-call,call,2025-09-19,2025-09-19,2025-09-22,8.0,2025-10-03,TAIEX,26761.06,0.04623789553439117,缺adj,,2025-09-19,25578.37,21,TWSE(FMTQIK),complete
tx26-2025-09-19-call,call,2025-09-19,2025-09-19,2025-09-22,9.0,2025-10-07,TAIEX,27211.95,0.0638656802603137,缺adj,,2025-09-19,25578.37,21,TWSE(FMTQIK),complete
tx26-2025-09-19-call,call,2025-09-19,2025-09-19,2025-09-22,10.0,2025-10-08,TAIEX,27063.68,0.05806898563121887,缺adj,,2025-09-19,25578.37,21,TWSE(FMTQIK),complete
tx26-2025-09-19-call,call,2025-09-19,2025-09-19,2025-09-22,11.0,2025-10-09,TAIEX,27301.92,0.06738310533470271,缺adj,,2025-09-19,25578.37,21,TWSE(FMTQIK),complete
tx26-2025-09-19-call,call,2025-09-19,2025-09-19,2025-09-22,12.0,2025-10-13,TAIEX,26923.42,0.05258544621881689,缺adj,,2025-09-19,25578.37,21,TWSE(FMTQIK),complete
tx26-2025-09-19-call,call,2025-09-19,2025-09-19,2025-09-22,13.0,2025-10-14,TAIEX,26793.15,0.04749247117779598,缺adj,,2025-09-19,25578.37,21,TWSE(FMTQIK),complete
tx26-2025-09-19-call,call,2025-09-19,2025-09-19,2025-09-22,14.0,2025-10-15,TAIEX,27275.71,0.06635841142340193,缺adj,,2025-09-19,25578.37,21,TWSE(FMTQIK),complete
tx26-2025-09-19-call,call,2025-09-19,2025-09-19,2025-09-22,15.0,2025-10-16,TAIEX,27647.87,0.080908204862155,缺adj,,2025-09-19,25578.37,21,TWSE(FMTQIK),complete
tx26-2025-09-19-call,call,2025-09-19,2025-09-19,2025-09-22,16.0,2025-10-17,TAIEX,27302.37,0.06740069832440465,缺adj,,2025-09-19,25578.37,21,TWSE(FMTQIK),complete
tx26-2025-09-19-call,call,2025-09-19,2025-09-19,2025-09-22,17.0,2025-10-20,TAIEX,27688.63,0.08250173877381561,缺adj,,2025-09-19,25578.37,21,TWSE(FMTQIK),complete
tx26-2025-09-19-call,call,2025-09-19,2025-09-19,2025-09-22,18.0,2025-10-21,TAIEX,27752.41,0.08499525184755718,缺adj,,2025-09-19,25578.37,21,TWSE(FMTQIK),complete
tx26-2025-09-19-call,call,2025-09-19,2025-09-19,2025-09-22,19.0,2025-10-22,TAIEX,27648.91,0.08094886421613268,缺adj,,2025-09-19,25578.37,21,TWSE(FMTQIK),complete
tx26-2025-09-19-call,call,2025-09-19,2025-09-19,2025-09-22,20.0,2025-10-23,TAIEX,27532.26,0.07638837033008739,缺adj,,2025-09-19,25578.37,21,TWSE(FMTQIK),complete
tx26-2025-09-19-call,call,2025-09-19,2025-09-19,2025-09-22,0.0,2025-09-22,3037,158.5,0.006349206349206327,缺adj,,2025-09-19,157.5,21,TWSE(FMTQIK),complete
tx26-2025-09-19-call,call,2025-09-19,2025-09-19,2025-09-22,1.0,2025-09-23,3037,159.0,0.00952380952380949,缺adj,,2025-09-19,157.5,21,TWSE(FMTQIK),complete
tx26-2025-09-19-call,call,2025-09-19,2025-09-19,2025-09-22,2.0,2025-09-24,3037,157.0,-0.0031746031746031633,缺adj,,2025-09-19,157.5,21,TWSE(FMTQIK),complete
tx26-2025-09-19-call,call,2025-09-19,2025-09-19,2025-09-22,3.0,2025-09-25,3037,157.0,-0.0031746031746031633,缺adj,,2025-09-19,157.5,21,TWSE(FMTQIK),complete
tx26-2025-09-19-call,call,2025-09-19,2025-09-19,2025-09-22,4.0,2025-09-26,3037,149.0,-0.053968253968254,缺adj,,2025-09-19,157.5,21,TWSE(FMTQIK),complete
tx26-2025-09-19-call,call,2025-09-19,2025-09-19,2025-09-22,5.0,2025-09-30,3037,151.5,-0.03809523809523807,缺adj,,2025-09-19,157.5,21,TWSE(FMTQIK),complete
tx26-2025-09-19-call,call,2025-09-19,2025-09-19,2025-09-22,6.0,2025-10-01,3037,155.0,-0.015873015873015928,缺adj,,2025-09-19,157.5,21,TWSE(FMTQIK),complete
tx26-2025-09-19-call,call,2025-09-19,2025-09-19,2025-09-22,7.0,2025-10-02,3037,153.0,-0.02857142857142858,缺adj,,2025-09-19,157.5,21,TWSE(FMTQIK),complete
tx26-2025-09-19-call,call,2025-09-19,2025-09-19,2025-09-22,8.0,2025-10-03,3037,156.0,-0.00952380952380949,缺adj,,2025-09-19,157.5,21,TWSE(FMTQIK),complete
tx26-2025-09-19-call,call,2025-09-19,2025-09-19,2025-09-22,9.0,2025-10-07,3037,158.0,0.0031746031746031633,缺adj,,2025-09-19,157.5,21,TWSE(FMTQIK),complete
tx26-2025-09-19-call,call,2025-09-19,2025-09-19,2025-09-22,10.0,2025-10-08,3037,160.0,0.015873015873015817,缺adj,,2025-09-19,157.5,21,TWSE(FMTQIK),complete
tx26-2025-09-19-call,call,2025-09-19,2025-09-19,2025-09-22,11.0,2025-10-09,3037,161.0,0.022222222222222143,缺adj,,2025-09-19,157.5,21,TWSE(FMTQIK),complete
tx26-2025-09-19-call,call,2025-09-19,2025-09-19,2025-09-22,12.0,2025-10-13,3037,153.5,-0.025396825396825418,缺adj,,2025-09-19,157.5,21,TWSE(FMTQIK),complete
tx26-2025-09-19-call,call,2025-09-19,2025-09-19,2025-09-22,13.0,2025-10-14,3037,146.0,-0.07301587301587298,缺adj,,2025-09-19,157.5,21,TWSE(FMTQIK),complete
tx26-2025-09-19-call,call,2025-09-19,2025-09-19,2025-09-22,14.0,2025-10-15,3037,158.5,0.006349206349206327,缺adj,,2025-09-19,157.5,21,TWSE(FMTQIK),complete
tx26-2025-09-19-call,call,2025-09-19,2025-09-19,2025-09-22,15.0,2025-10-16,3037,165.5,0.050793650793650835,缺adj,,2025-09-19,157.5,21,TWSE(FMTQIK),complete
tx26-2025-09-19-call,call,2025-09-19,2025-09-19,2025-09-22,16.0,2025-10-17,3037,160.5,0.01904761904761898,缺adj,,2025-09-19,157.5,21,TWSE(FMTQIK),complete
tx26-2025-09-19-call,call,2025-09-19,2025-09-19,2025-09-22,17.0,2025-10-20,3037,160.0,0.015873015873015817,缺adj,,2025-09-19,157.5,21,TWSE(FMTQIK),complete
tx26-2025-09-19-call,call,2025-09-19,2025-09-19,2025-09-22,18.0,2025-10-21,3037,160.0,0.015873015873015817,缺adj,,2025-09-19,157.5,21,TWSE(FMTQIK),complete
tx26-2025-09-19-call,call,2025-09-19,2025-09-19,2025-09-22,19.0,2025-10-22,3037,159.0,0.00952380952380949,缺adj,,2025-09-19,157.5,21,TWSE(FMTQIK),complete
tx26-2025-09-19-call,call,2025-09-19,2025-09-19,2025-09-22,20.0,2025-10-23,3037,156.0,-0.00952380952380949,缺adj,,2025-09-19,157.5,21,TWSE(FMTQIK),complete
tx26-2025-09-19-call,call,2025-09-19,2025-09-19,2025-09-22,0.0,2025-09-22,8046,235.5,0.07045454545454555,缺adj,,2025-09-19,220.0,21,TWSE(FMTQIK),complete
tx26-2025-09-19-call,call,2025-09-19,2025-09-19,2025-09-22,1.0,2025-09-23,8046,234.5,0.06590909090909092,缺adj,,2025-09-19,220.0,21,TWSE(FMTQIK),complete
tx26-2025-09-19-call,call,2025-09-19,2025-09-19,2025-09-22,2.0,2025-09-24,8046,220.5,0.002272727272727204,缺adj,,2025-09-19,220.0,21,TWSE(FMTQIK),complete
tx26-2025-09-19-call,call,2025-09-19,2025-09-19,2025-09-22,3.0,2025-09-25,8046,229.0,0.040909090909091006,缺adj,,2025-09-19,220.0,21,TWSE(FMTQIK),complete
tx26-2025-09-19-call,call,2025-09-19,2025-09-19,2025-09-22,4.0,2025-09-26,8046,219.0,-0.004545454545454519,缺adj,,2025-09-19,220.0,21,TWSE(FMTQIK),complete
tx26-2025-09-19-call,call,2025-09-19,2025-09-19,2025-09-22,5.0,2025-09-30,8046,226.0,0.027272727272727337,缺adj,,2025-09-19,220.0,21,TWSE(FMTQIK),complete
tx26-2025-09-19-call,call,2025-09-19,2025-09-19,2025-09-22,6.0,2025-10-01,8046,228.0,0.036363636363636376,缺adj,,2025-09-19,220.0,21,TWSE(FMTQIK),complete
tx26-2025-09-19-call,call,2025-09-19,2025-09-19,2025-09-22,7.0,2025-10-02,8046,231.0,0.050000000000000044,缺adj,,2025-09-19,220.0,21,TWSE(FMTQIK),complete
tx26-2025-09-19-call,call,2025-09-19,2025-09-19,2025-09-22,8.0,2025-10-03,8046,254.0,0.15454545454545454,缺adj,,2025-09-19,220.0,21,TWSE(FMTQIK),complete
tx26-2025-09-19-call,call,2025-09-19,2025-09-19,2025-09-22,9.0,2025-10-07,8046,253.0,0.1499999999999999,缺adj,,2025-09-19,220.0,21,TWSE(FMTQIK),complete
tx26-2025-09-19-call,call,2025-09-19,2025-09-19,2025-09-22,10.0,2025-10-08,8046,260.5,0.18409090909090908,缺adj,,2025-09-19,220.0,21,TWSE(FMTQIK),complete
tx26-2025-09-19-call,call,2025-09-19,2025-09-19,2025-09-22,11.0,2025-10-09,8046,265.0,0.20454545454545459,缺adj,,2025-09-19,220.0,21,TWSE(FMTQIK),complete
tx26-2025-09-19-call,call,2025-09-19,2025-09-19,2025-09-22,12.0,2025-10-13,8046,267.5,0.21590909090909083,缺adj,,2025-09-19,220.0,21,TWSE(FMTQIK),complete
tx26-2025-09-19-call,call,2025-09-19,2025-09-19,2025-09-22,13.0,2025-10-14,8046,256.0,0.16363636363636358,缺adj,,2025-09-19,220.0,21,TWSE(FMTQIK),complete
tx26-2025-09-19-call,call,2025-09-19,2025-09-19,2025-09-22,14.0,2025-10-15,8046,281.5,0.27954545454545454,缺adj,,2025-09-19,220.0,21,TWSE(FMTQIK),complete
tx26-2025-09-19-call,call,2025-09-19,2025-09-19,2025-09-22,15.0,2025-10-16,8046,281.5,0.27954545454545454,缺adj,,2025-09-19,220.0,21,TWSE(FMTQIK),complete
tx26-2025-09-19-call,call,2025-09-19,2025-09-19,2025-09-22,16.0,2025-10-17,8046,280.5,0.2749999999999999,缺adj,,2025-09-19,220.0,21,TWSE(FMTQIK),complete
tx26-2025-09-19-call,call,2025-09-19,2025-09-19,2025-09-22,17.0,2025-10-20,8046,277.5,0.26136363636363646,缺adj,,2025-09-19,220.0,21,TWSE(FMTQIK),complete
tx26-2025-09-19-call,call,2025-09-19,2025-09-19,2025-09-22,18.0,2025-10-21,8046,273.5,0.24318181818181817,缺adj,,2025-09-19,220.0,21,TWSE(FMTQIK),complete
tx26-2025-09-19-call,call,2025-09-19,2025-09-19,2025-09-22,19.0,2025-10-22,8046,275.5,0.2522727272727272,缺adj,,2025-09-19,220.0,21,TWSE(FMTQIK),complete
tx26-2025-09-19-call,call,2025-09-19,2025-09-19,2025-09-22,20.0,2025-10-23,8046,272.5,0.23863636363636354,缺adj,,2025-09-19,220.0,21,TWSE(FMTQIK),complete
tx26-2025-09-19-call,call,2025-09-19,2025-09-19,2025-09-22,0.0,2025-09-22,3189,113.5,0.0365296803652968,缺adj,,2025-09-19,109.5,21,TWSE(FMTQIK),complete
tx26-2025-09-19-call,call,2025-09-19,2025-09-19,2025-09-22,1.0,2025-09-23,3189,111.5,0.0182648401826484,缺adj,,2025-09-19,109.5,21,TWSE(FMTQIK),complete
tx26-2025-09-19-call,call,2025-09-19,2025-09-19,2025-09-22,2.0,2025-09-24,3189,110.5,0.009132420091324311,缺adj,,2025-09-19,109.5,21,TWSE(FMTQIK),complete
tx26-2025-09-19-call,call,2025-09-19,2025-09-19,2025-09-22,3.0,2025-09-25,3189,111.0,0.013698630136986356,缺adj,,2025-09-19,109.5,21,TWSE(FMTQIK),complete
tx26-2025-09-19-call,call,2025-09-19,2025-09-19,2025-09-22,4.0,2025-09-26,3189,105.0,-0.04109589041095896,缺adj,,2025-09-19,109.5,21,TWSE(FMTQIK),complete
tx26-2025-09-19-call,call,2025-09-19,2025-09-19,2025-09-22,5.0,2025-09-30,3189,107.5,-0.0182648401826484,缺adj,,2025-09-19,109.5,21,TWSE(FMTQIK),complete
tx26-2025-09-19-call,call,2025-09-19,2025-09-19,2025-09-22,6.0,2025-10-01,3189,106.0,-0.03196347031963476,缺adj,,2025-09-19,109.5,21,TWSE(FMTQIK),complete
tx26-2025-09-19-call,call,2025-09-19,2025-09-19,2025-09-22,7.0,2025-10-02,3189,109.0,-0.004566210045662156,缺adj,,2025-09-19,109.5,21,TWSE(FMTQIK),complete
tx26-2025-09-19-call,call,2025-09-19,2025-09-19,2025-09-22,8.0,2025-10-03,3189,112.0,0.022831050228310446,缺adj,,2025-09-19,109.5,21,TWSE(FMTQIK),complete
tx26-2025-09-19-call,call,2025-09-19,2025-09-19,2025-09-22,9.0,2025-10-07,3189,115.0,0.05022831050228316,缺adj,,2025-09-19,109.5,21,TWSE(FMTQIK),complete
tx26-2025-09-19-call,call,2025-09-19,2025-09-19,2025-09-22,10.0,2025-10-08,3189,125.0,0.14155251141552516,缺adj,,2025-09-19,109.5,21,TWSE(FMTQIK),complete
tx26-2025-09-19-call,call,2025-09-19,2025-09-19,2025-09-22,11.0,2025-10-09,3189,137.5,0.2557077625570776,缺adj,,2025-09-19,109.5,21,TWSE(FMTQIK),complete
tx26-2025-09-19-call,call,2025-09-19,2025-09-19,2025-09-22,12.0,2025-10-13,3189,133.5,0.2191780821917808,缺adj,,2025-09-19,109.5,21,TWSE(FMTQIK),complete
tx26-2025-09-19-call,call,2025-09-19,2025-09-19,2025-09-22,13.0,2025-10-14,3189,122.5,0.11872146118721472,缺adj,,2025-09-19,109.5,21,TWSE(FMTQIK),complete
tx26-2025-09-19-call,call,2025-09-19,2025-09-19,2025-09-22,14.0,2025-10-15,3189,134.5,0.22831050228310512,缺adj,,2025-09-19,109.5,21,TWSE(FMTQIK),complete
tx26-2025-09-19-call,call,2025-09-19,2025-09-19,2025-09-22,15.0,2025-10-16,3189,147.5,0.3470319634703196,缺adj,,2025-09-19,109.5,21,TWSE(FMTQIK),complete
tx26-2025-09-19-call,call,2025-09-19,2025-09-19,2025-09-22,16.0,2025-10-17,3189,151.0,0.3789954337899544,缺adj,,2025-09-19,109.5,21,TWSE(FMTQIK),complete
tx26-2025-09-19-call,call,2025-09-19,2025-09-19,2025-09-22,17.0,2025-10-20,3189,151.0,0.3789954337899544,缺adj,,2025-09-19,109.5,21,TWSE(FMTQIK),complete
tx26-2025-09-19-call,call,2025-09-19,2025-09-19,2025-09-22,18.0,2025-10-21,3189,150.0,0.36986301369863006,缺adj,,2025-09-19,109.5,21,TWSE(FMTQIK),complete
tx26-2025-09-19-call,call,2025-09-19,2025-09-19,2025-09-22,19.0,2025-10-22,3189,146.5,0.3378995433789955,缺adj,,2025-09-19,109.5,21,TWSE(FMTQIK),complete
tx26-2025-09-19-call,call,2025-09-19,2025-09-19,2025-09-22,20.0,2025-10-23,3189,145.0,0.32420091324200917,缺adj,,2025-09-19,109.5,21,TWSE(FMTQIK),complete
tx26-2025-09-19-call,call,2025-09-19,2025-09-19,2025-09-22,0.0,2025-09-22,2368,449.5,0.03214695752009189,缺adj,,2025-09-19,435.5,21,TWSE(FMTQIK),complete
tx26-2025-09-19-call,call,2025-09-19,2025-09-19,2025-09-22,1.0,2025-09-23,2368,455.0,0.04477611940298498,缺adj,,2025-09-19,435.5,21,TWSE(FMTQIK),complete
tx26-2025-09-19-call,call,2025-09-19,2025-09-19,2025-09-22,2.0,2025-09-24,2368,459.0,0.053960964408725554,缺adj,,2025-09-19,435.5,21,TWSE(FMTQIK),complete
tx26-2025-09-19-call,call,2025-09-19,2025-09-19,2025-09-22,3.0,2025-09-25,2368,438.0,0.00574052812858783,缺adj,,2025-09-19,435.5,21,TWSE(FMTQIK),complete
tx26-2025-09-19-call,call,2025-09-19,2025-09-19,2025-09-22,4.0,2025-09-26,2368,412.5,-0.05281285878300801,缺adj,,2025-09-19,435.5,21,TWSE(FMTQIK),complete
tx26-2025-09-19-call,call,2025-09-19,2025-09-19,2025-09-22,5.0,2025-09-30,2368,435.5,0.0,缺adj,,2025-09-19,435.5,21,TWSE(FMTQIK),complete
tx26-2025-09-19-call,call,2025-09-19,2025-09-19,2025-09-22,6.0,2025-10-01,2368,435.0,-0.0011481056257175437,缺adj,,2025-09-19,435.5,21,TWSE(FMTQIK),complete
tx26-2025-09-19-call,call,2025-09-19,2025-09-19,2025-09-22,7.0,2025-10-02,2368,435.0,-0.0011481056257175437,缺adj,,2025-09-19,435.5,21,TWSE(FMTQIK),complete
tx26-2025-09-19-call,call,2025-09-19,2025-09-19,2025-09-22,8.0,2025-10-03,2368,441.5,0.013777267508610747,缺adj,,2025-09-19,435.5,21,TWSE(FMTQIK),complete
tx26-2025-09-19-call,call,2025-09-19,2025-09-19,2025-09-22,9.0,2025-10-07,2368,431.0,-0.010332950631458115,缺adj,,2025-09-19,435.5,21,TWSE(FMTQIK),complete
tx26-2025-09-19-call,call,2025-09-19,2025-09-19,2025-09-22,10.0,2025-10-08,2368,435.5,0.0,缺adj,,2025-09-19,435.5,21,TWSE(FMTQIK),complete
tx26-2025-09-19-call,call,2025-09-19,2025-09-19,2025-09-22,11.0,2025-10-09,2368,434.0,-0.003444316877152742,缺adj,,2025-09-19,435.5,21,TWSE(FMTQIK),complete
tx26-2025-09-19-call,call,2025-09-19,2025-09-19,2025-09-22,12.0,2025-10-13,2368,425.5,-0.02296211251435132,缺adj,,2025-09-19,435.5,21,TWSE(FMTQIK),complete
tx26-2025-09-19-call,call,2025-09-19,2025-09-19,2025-09-22,13.0,2025-10-14,2368,411.5,-0.05510907003444321,缺adj,,2025-09-19,435.5,21,TWSE(FMTQIK),complete
tx26-2025-09-19-call,call,2025-09-19,2025-09-19,2025-09-22,14.0,2025-10-15,2368,413.0,-0.051664753157290466,缺adj,,2025-09-19,435.5,21,TWSE(FMTQIK),complete
tx26-2025-09-19-call,call,2025-09-19,2025-09-19,2025-09-22,15.0,2025-10-16,2368,416.0,-0.04477611940298509,缺adj,,2025-09-19,435.5,21,TWSE(FMTQIK),complete
tx26-2025-09-19-call,call,2025-09-19,2025-09-19,2025-09-22,16.0,2025-10-17,2368,404.0,-0.0723306544202067,缺adj,,2025-09-19,435.5,21,TWSE(FMTQIK),complete
tx26-2025-09-19-call,call,2025-09-19,2025-09-19,2025-09-22,17.0,2025-10-20,2368,414.0,-0.04936854190585538,缺adj,,2025-09-19,435.5,21,TWSE(FMTQIK),complete
tx26-2025-09-19-call,call,2025-09-19,2025-09-19,2025-09-22,18.0,2025-10-21,2368,420.5,-0.03444316877152698,缺adj,,2025-09-19,435.5,21,TWSE(FMTQIK),complete
tx26-2025-09-19-call,call,2025-09-19,2025-09-19,2025-09-22,19.0,2025-10-22,2368,400.5,-0.08036739380022961,缺adj,,2025-09-19,435.5,21,TWSE(FMTQIK),complete
tx26-2025-09-19-call,call,2025-09-19,2025-09-19,2025-09-22,20.0,2025-10-23,2368,399.0,-0.08381171067738236,缺adj,,2025-09-19,435.5,21,TWSE(FMTQIK),complete
tx26-2025-09-19-call,call,2025-09-19,2025-09-19,2025-09-22,0.0,2025-09-22,2383,1300.0,0.007751937984496138,缺adj,,2025-09-19,1290.0,21,TWSE(FMTQIK),complete
tx26-2025-09-19-call,call,2025-09-19,2025-09-19,2025-09-22,1.0,2025-09-23,2383,1345.0,0.04263565891472876,缺adj,,2025-09-19,1290.0,21,TWSE(FMTQIK),complete
tx26-2025-09-19-call,call,2025-09-19,2025-09-19,2025-09-22,2.0,2025-09-24,2383,1295.0,0.003875968992248069,缺adj,,2025-09-19,1290.0,21,TWSE(FMTQIK),complete
tx26-2025-09-19-call,call,2025-09-19,2025-09-19,2025-09-22,3.0,2025-09-25,2383,1255.0,-0.027131782945736482,缺adj,,2025-09-19,1290.0,21,TWSE(FMTQIK),complete
tx26-2025-09-19-call,call,2025-09-19,2025-09-19,2025-09-22,4.0,2025-09-26,2383,1225.0,-0.050387596899224785,缺adj,,2025-09-19,1290.0,21,TWSE(FMTQIK),complete
tx26-2025-09-19-call,call,2025-09-19,2025-09-19,2025-09-22,5.0,2025-09-30,2383,1225.0,-0.050387596899224785,缺adj,,2025-09-19,1290.0,21,TWSE(FMTQIK),complete
tx26-2025-09-19-call,call,2025-09-19,2025-09-19,2025-09-22,6.0,2025-10-01,2383,1230.0,-0.046511627906976716,缺adj,,2025-09-19,1290.0,21,TWSE(FMTQIK),complete
tx26-2025-09-19-call,call,2025-09-19,2025-09-19,2025-09-22,7.0,2025-10-02,2383,1295.0,0.003875968992248069,缺adj,,2025-09-19,1290.0,21,TWSE(FMTQIK),complete
tx26-2025-09-19-call,call,2025-09-19,2025-09-19,2025-09-22,8.0,2025-10-03,2383,1305.0,0.011627906976744207,缺adj,,2025-09-19,1290.0,21,TWSE(FMTQIK),complete
tx26-2025-09-19-call,call,2025-09-19,2025-09-19,2025-09-22,9.0,2025-10-07,2383,1235.0,-0.04263565891472865,缺adj,,2025-09-19,1290.0,21,TWSE(FMTQIK),complete
tx26-2025-09-19-call,call,2025-09-19,2025-09-19,2025-09-22,10.0,2025-10-08,2383,1195.0,-0.0736434108527132,缺adj,,2025-09-19,1290.0,21,TWSE(FMTQIK),complete
tx26-2025-09-19-call,call,2025-09-19,2025-09-19,2025-09-22,11.0,2025-10-09,2383,1235.0,-0.04263565891472865,缺adj,,2025-09-19,1290.0,21,TWSE(FMTQIK),complete
tx26-2025-09-19-call,call,2025-09-19,2025-09-19,2025-09-22,12.0,2025-10-13,2383,1200.0,-0.06976744186046513,缺adj,,2025-09-19,1290.0,21,TWSE(FMTQIK),complete
tx26-2025-09-19-call,call,2025-09-19,2025-09-19,2025-09-22,13.0,2025-10-14,2383,1170.0,-0.09302325581395354,缺adj,,2025-09-19,1290.0,21,TWSE(FMTQIK),complete
tx26-2025-09-19-call,call,2025-09-19,2025-09-19,2025-09-22,14.0,2025-10-15,2383,1140.0,-0.11627906976744184,缺adj,,2025-09-19,1290.0,21,TWSE(FMTQIK),complete
tx26-2025-09-19-call,call,2025-09-19,2025-09-19,2025-09-22,15.0,2025-10-16,2383,1140.0,-0.11627906976744184,缺adj,,2025-09-19,1290.0,21,TWSE(FMTQIK),complete
tx26-2025-09-19-call,call,2025-09-19,2025-09-19,2025-09-22,16.0,2025-10-17,2383,1105.0,-0.14341085271317833,缺adj,,2025-09-19,1290.0,21,TWSE(FMTQIK),complete
tx26-2025-09-19-call,call,2025-09-19,2025-09-19,2025-09-22,17.0,2025-10-20,2383,1125.0,-0.12790697674418605,缺adj,,2025-09-19,1290.0,21,TWSE(FMTQIK),complete
tx26-2025-09-19-call,call,2025-09-19,2025-09-19,2025-09-22,18.0,2025-10-21,2383,1130.0,-0.12403100775193798,缺adj,,2025-09-19,1290.0,21,TWSE(FMTQIK),complete
tx26-2025-09-19-call,call,2025-09-19,2025-09-19,2025-09-22,19.0,2025-10-22,2383,1120.0,-0.13178294573643412,缺adj,,2025-09-19,1290.0,21,TWSE(FMTQIK),complete
tx26-2025-09-19-call,call,2025-09-19,2025-09-19,2025-09-22,20.0,2025-10-23,2383,1115.0,-0.1356589147286822,缺adj,,2025-09-19,1290.0,21,TWSE(FMTQIK),complete
tx26-2025-09-19-call,call,2025-09-19,2025-09-19,2025-09-22,0.0,2025-09-22,6213,113.0,0.02262443438914019,缺adj,,2025-09-19,110.5,21,TWSE(FMTQIK),complete
tx26-2025-09-19-call,call,2025-09-19,2025-09-19,2025-09-22,1.0,2025-09-23,6213,111.5,0.009049773755656076,缺adj,,2025-09-19,110.5,21,TWSE(FMTQIK),complete
tx26-2025-09-19-call,call,2025-09-19,2025-09-19,2025-09-22,2.0,2025-09-24,6213,108.0,-0.022624434389140302,缺adj,,2025-09-19,110.5,21,TWSE(FMTQIK),complete
tx26-2025-09-19-call,call,2025-09-19,2025-09-19,2025-09-22,3.0,2025-09-25,6213,107.5,-0.02714932126696834,缺adj,,2025-09-19,110.5,21,TWSE(FMTQIK),complete
tx26-2025-09-19-call,call,2025-09-19,2025-09-19,2025-09-22,4.0,2025-09-26,6213,102.5,-0.07239819004524883,缺adj,,2025-09-19,110.5,21,TWSE(FMTQIK),complete
tx26-2025-09-19-call,call,2025-09-19,2025-09-19,2025-09-22,5.0,2025-09-30,6213,106.0,-0.040723981900452455,缺adj,,2025-09-19,110.5,21,TWSE(FMTQIK),complete
tx26-2025-09-19-call,call,2025-09-19,2025-09-19,2025-09-22,6.0,2025-10-01,6213,104.0,-0.05882352941176472,缺adj,,2025-09-19,110.5,21,TWSE(FMTQIK),complete
tx26-2025-09-19-call,call,2025-09-19,2025-09-19,2025-09-22,7.0,2025-10-02,6213,102.5,-0.07239819004524883,缺adj,,2025-09-19,110.5,21,TWSE(FMTQIK),complete
tx26-2025-09-19-call,call,2025-09-19,2025-09-19,2025-09-22,8.0,2025-10-03,6213,103.0,-0.0678733031674208,缺adj,,2025-09-19,110.5,21,TWSE(FMTQIK),complete
tx26-2025-09-19-call,call,2025-09-19,2025-09-19,2025-09-22,9.0,2025-10-07,6213,105.5,-0.04524886877828049,缺adj,,2025-09-19,110.5,21,TWSE(FMTQIK),complete
tx26-2025-09-19-call,call,2025-09-19,2025-09-19,2025-09-22,10.0,2025-10-08,6213,105.0,-0.04977375565610864,缺adj,,2025-09-19,110.5,21,TWSE(FMTQIK),complete
tx26-2025-09-19-call,call,2025-09-19,2025-09-19,2025-09-22,11.0,2025-10-09,6213,104.5,-0.05429864253393668,缺adj,,2025-09-19,110.5,21,TWSE(FMTQIK),complete
tx26-2025-09-19-call,call,2025-09-19,2025-09-19,2025-09-22,12.0,2025-10-13,6213,102.0,-0.07692307692307687,缺adj,,2025-09-19,110.5,21,TWSE(FMTQIK),complete
tx26-2025-09-19-call,call,2025-09-19,2025-09-19,2025-09-22,13.0,2025-10-14,6213,97.0,-0.12217194570135748,缺adj,,2025-09-19,110.5,21,TWSE(FMTQIK),complete
tx26-2025-09-19-call,call,2025-09-19,2025-09-19,2025-09-22,14.0,2025-10-15,6213,99.0,-0.10407239819004521,缺adj,,2025-09-19,110.5,21,TWSE(FMTQIK),complete
tx26-2025-09-19-call,call,2025-09-19,2025-09-19,2025-09-22,15.0,2025-10-16,6213,99.3,-0.10135746606334839,缺adj,,2025-09-19,110.5,21,TWSE(FMTQIK),complete
tx26-2025-09-19-call,call,2025-09-19,2025-09-19,2025-09-22,16.0,2025-10-17,6213,97.9,-0.1140271493212669,缺adj,,2025-09-19,110.5,21,TWSE(FMTQIK),complete
tx26-2025-09-19-call,call,2025-09-19,2025-09-19,2025-09-22,17.0,2025-10-20,6213,98.6,-0.10769230769230775,缺adj,,2025-09-19,110.5,21,TWSE(FMTQIK),complete
tx26-2025-09-19-call,call,2025-09-19,2025-09-19,2025-09-22,18.0,2025-10-21,6213,100.5,-0.0904977375565611,缺adj,,2025-09-19,110.5,21,TWSE(FMTQIK),complete
tx26-2025-09-19-call,call,2025-09-19,2025-09-19,2025-09-22,19.0,2025-10-22,6213,101.0,-0.08597285067873306,缺adj,,2025-09-19,110.5,21,TWSE(FMTQIK),complete
tx26-2025-09-19-call,call,2025-09-19,2025-09-19,2025-09-22,20.0,2025-10-23,6213,108.5,-0.018099547511312264,缺adj,,2025-09-19,110.5,21,TWSE(FMTQIK),complete
tx26-2025-09-19-call,call,2025-09-19,2025-09-19,2025-09-22,0.0,2025-09-22,6274,306.0,0.047945205479452024,缺adj,,2025-09-19,292.0,21,TWSE(FMTQIK),complete
tx26-2025-09-19-call,call,2025-09-19,2025-09-19,2025-09-22,1.0,2025-09-23,6274,319.0,0.09246575342465757,缺adj,,2025-09-19,292.0,21,TWSE(FMTQIK),complete
tx26-2025-09-19-call,call,2025-09-19,2025-09-19,2025-09-22,2.0,2025-09-24,6274,319.5,0.09417808219178081,缺adj,,2025-09-19,292.0,21,TWSE(FMTQIK),complete
tx26-2025-09-19-call,call,2025-09-19,2025-09-19,2025-09-22,3.0,2025-09-25,6274,302.5,0.03595890410958913,缺adj,,2025-09-19,292.0,21,TWSE(FMTQIK),complete
tx26-2025-09-19-call,call,2025-09-19,2025-09-19,2025-09-22,4.0,2025-09-26,6274,298.0,0.020547945205479534,缺adj,,2025-09-19,292.0,21,TWSE(FMTQIK),complete
tx26-2025-09-19-call,call,2025-09-19,2025-09-19,2025-09-22,5.0,2025-09-30,6274,314.5,0.07705479452054798,缺adj,,2025-09-19,292.0,21,TWSE(FMTQIK),complete
tx26-2025-09-19-call,call,2025-09-19,2025-09-19,2025-09-22,6.0,2025-10-01,6274,316.5,0.08390410958904115,缺adj,,2025-09-19,292.0,21,TWSE(FMTQIK),complete
tx26-2025-09-19-call,call,2025-09-19,2025-09-19,2025-09-22,7.0,2025-10-02,6274,328.5,0.125,缺adj,,2025-09-19,292.0,21,TWSE(FMTQIK),complete
tx26-2025-09-19-call,call,2025-09-19,2025-09-19,2025-09-22,8.0,2025-10-03,6274,336.0,0.15068493150684925,缺adj,,2025-09-19,292.0,21,TWSE(FMTQIK),complete
tx26-2025-09-19-call,call,2025-09-19,2025-09-19,2025-09-22,9.0,2025-10-07,6274,333.5,0.14212328767123283,缺adj,,2025-09-19,292.0,21,TWSE(FMTQIK),complete
tx26-2025-09-19-call,call,2025-09-19,2025-09-19,2025-09-22,10.0,2025-10-08,6274,335.0,0.14726027397260277,缺adj,,2025-09-19,292.0,21,TWSE(FMTQIK),complete
tx26-2025-09-19-call,call,2025-09-19,2025-09-19,2025-09-22,11.0,2025-10-09,6274,343.5,0.17636986301369872,缺adj,,2025-09-19,292.0,21,TWSE(FMTQIK),complete
tx26-2025-09-19-call,call,2025-09-19,2025-09-19,2025-09-22,12.0,2025-10-13,6274,334.5,0.14554794520547953,缺adj,,2025-09-19,292.0,21,TWSE(FMTQIK),complete
tx26-2025-09-19-call,call,2025-09-19,2025-09-19,2025-09-22,13.0,2025-10-14,6274,309.5,0.05993150684931514,缺adj,,2025-09-19,292.0,21,TWSE(FMTQIK),complete
tx26-2025-09-19-call,call,2025-09-19,2025-09-19,2025-09-22,14.0,2025-10-15,6274,327.0,0.11986301369863006,缺adj,,2025-09-19,292.0,21,TWSE(FMTQIK),complete
tx26-2025-09-19-call,call,2025-09-19,2025-09-19,2025-09-22,15.0,2025-10-16,6274,326.5,0.11815068493150682,缺adj,,2025-09-19,292.0,21,TWSE(FMTQIK),complete
tx26-2025-09-19-call,call,2025-09-19,2025-09-19,2025-09-22,16.0,2025-10-17,6274,320.0,0.09589041095890405,缺adj,,2025-09-19,292.0,21,TWSE(FMTQIK),complete
tx26-2025-09-19-call,call,2025-09-19,2025-09-19,2025-09-22,17.0,2025-10-20,6274,331.0,0.13356164383561642,缺adj,,2025-09-19,292.0,21,TWSE(FMTQIK),complete
tx26-2025-09-19-call,call,2025-09-19,2025-09-19,2025-09-22,18.0,2025-10-21,6274,325.5,0.11472602739726034,缺adj,,2025-09-19,292.0,21,TWSE(FMTQIK),complete
tx26-2025-09-19-call,call,2025-09-19,2025-09-19,2025-09-22,19.0,2025-10-22,6274,322.5,0.10445205479452047,缺adj,,2025-09-19,292.0,21,TWSE(FMTQIK),complete
tx26-2025-09-19-call,call,2025-09-19,2025-09-19,2025-09-22,20.0,2025-10-23,6274,326.0,0.11643835616438358,缺adj,,2025-09-19,292.0,21,TWSE(FMTQIK),complete
tx26-2025-09-19-call,call,2025-09-19,2025-09-19,2025-09-22,0.0,2025-09-22,2408,80.8,0.02020202020202011,缺adj,,2025-09-19,79.2,21,TWSE(FMTQIK),complete
tx26-2025-09-19-call,call,2025-09-19,2025-09-19,2025-09-22,1.0,2025-09-23,2408,81.0,0.022727272727272707,缺adj,,2025-09-19,79.2,21,TWSE(FMTQIK),complete
tx26-2025-09-19-call,call,2025-09-19,2025-09-19,2025-09-22,2.0,2025-09-24,2408,76.0,-0.04040404040404044,缺adj,,2025-09-19,79.2,21,TWSE(FMTQIK),complete
tx26-2025-09-19-call,call,2025-09-19,2025-09-19,2025-09-22,3.0,2025-09-25,2408,76.6,-0.032828282828282984,缺adj,,2025-09-19,79.2,21,TWSE(FMTQIK),complete
tx26-2025-09-19-call,call,2025-09-19,2025-09-19,2025-09-22,4.0,2025-09-26,2408,71.0,-0.10353535353535359,缺adj,,2025-09-19,79.2,21,TWSE(FMTQIK),complete
tx26-2025-09-19-call,call,2025-09-19,2025-09-19,2025-09-22,5.0,2025-09-30,2408,73.0,-0.07828282828282829,缺adj,,2025-09-19,79.2,21,TWSE(FMTQIK),complete
tx26-2025-09-19-call,call,2025-09-19,2025-09-19,2025-09-22,6.0,2025-10-01,2408,76.2,-0.037878787878787845,缺adj,,2025-09-19,79.2,21,TWSE(FMTQIK),complete
tx26-2025-09-19-call,call,2025-09-19,2025-09-19,2025-09-22,7.0,2025-10-02,2408,79.7,0.0063131313131312705,缺adj,,2025-09-19,79.2,21,TWSE(FMTQIK),complete
tx26-2025-09-19-call,call,2025-09-19,2025-09-19,2025-09-22,8.0,2025-10-03,2408,83.0,0.04797979797979801,缺adj,,2025-09-19,79.2,21,TWSE(FMTQIK),complete
tx26-2025-09-19-call,call,2025-09-19,2025-09-19,2025-09-22,9.0,2025-10-07,2408,91.2,0.1515151515151516,缺adj,,2025-09-19,79.2,21,TWSE(FMTQIK),complete
tx26-2025-09-19-call,call,2025-09-19,2025-09-19,2025-09-22,10.0,2025-10-08,2408,90.8,0.1464646464646464,缺adj,,2025-09-19,79.2,21,TWSE(FMTQIK),complete
tx26-2025-09-19-call,call,2025-09-19,2025-09-19,2025-09-22,11.0,2025-10-09,2408,98.5,0.24368686868686873,缺adj,,2025-09-19,79.2,21,TWSE(FMTQIK),complete
tx26-2025-09-19-call,call,2025-09-19,2025-09-19,2025-09-22,12.0,2025-10-13,2408,95.6,0.20707070707070696,缺adj,,2025-09-19,79.2,21,TWSE(FMTQIK),complete
tx26-2025-09-19-call,call,2025-09-19,2025-09-19,2025-09-22,13.0,2025-10-14,2408,89.1,0.12499999999999978,缺adj,,2025-09-19,79.2,21,TWSE(FMTQIK),complete
tx26-2025-09-19-call,call,2025-09-19,2025-09-19,2025-09-22,14.0,2025-10-15,2408,86.3,0.08964646464646453,缺adj,,2025-09-19,79.2,21,TWSE(FMTQIK),complete
tx26-2025-09-19-call,call,2025-09-19,2025-09-19,2025-09-22,15.0,2025-10-16,2408,94.9,0.19823232323232332,缺adj,,2025-09-19,79.2,21,TWSE(FMTQIK),complete
tx26-2025-09-19-call,call,2025-09-19,2025-09-19,2025-09-22,16.0,2025-10-17,2408,104.0,0.31313131313131315,缺adj,,2025-09-19,79.2,21,TWSE(FMTQIK),complete
tx26-2025-09-19-call,call,2025-09-19,2025-09-19,2025-09-22,17.0,2025-10-20,2408,107.0,0.351010101010101,缺adj,,2025-09-19,79.2,21,TWSE(FMTQIK),complete
tx26-2025-09-19-call,call,2025-09-19,2025-09-19,2025-09-22,18.0,2025-10-21,2408,105.5,0.33207070707070696,缺adj,,2025-09-19,79.2,21,TWSE(FMTQIK),complete
tx26-2025-09-19-call,call,2025-09-19,2025-09-19,2025-09-22,19.0,2025-10-22,2408,110.0,0.38888888888888884,缺adj,,2025-09-19,79.2,21,TWSE(FMTQIK),complete
tx26-2025-09-19-call,call,2025-09-19,2025-09-19,2025-09-22,20.0,2025-10-23,2408,109.5,0.38257575757575757,缺adj,,2025-09-19,79.2,21,TWSE(FMTQIK),complete
tx26-2025-09-19-call,call,2025-09-19,2025-09-19,2025-09-22,0.0,2025-09-22,2344,34.25,0.02238805970149249,缺adj,,2025-09-19,33.5,21,TWSE(FMTQIK),complete
tx26-2025-09-19-call,call,2025-09-19,2025-09-19,2025-09-22,1.0,2025-09-23,2344,36.45,0.0880597014925375,缺adj,,2025-09-19,33.5,21,TWSE(FMTQIK),complete
tx26-2025-09-19-call,call,2025-09-19,2025-09-19,2025-09-22,2.0,2025-09-24,2344,35.2,0.05074626865671661,缺adj,,2025-09-19,33.5,21,TWSE(FMTQIK),complete
tx26-2025-09-19-call,call,2025-09-19,2025-09-19,2025-09-22,3.0,2025-09-25,2344,33.4,-0.0029850746268657025,缺adj,,2025-09-19,33.5,21,TWSE(FMTQIK),complete
tx26-2025-09-19-call,call,2025-09-19,2025-09-19,2025-09-22,4.0,2025-09-26,2344,31.4,-0.0626865671641792,缺adj,,2025-09-19,33.5,21,TWSE(FMTQIK),complete
tx26-2025-09-19-call,call,2025-09-19,2025-09-19,2025-09-22,5.0,2025-09-30,2344,34.05,0.016417910447761086,缺adj,,2025-09-19,33.5,21,TWSE(FMTQIK),complete
tx26-2025-09-19-call,call,2025-09-19,2025-09-19,2025-09-22,6.0,2025-10-01,2344,33.8,0.008955223880596996,缺adj,,2025-09-19,33.5,21,TWSE(FMTQIK),complete
tx26-2025-09-19-call,call,2025-09-19,2025-09-19,2025-09-22,7.0,2025-10-02,2344,36.0,0.07462686567164178,缺adj,,2025-09-19,33.5,21,TWSE(FMTQIK),complete
tx26-2025-09-19-call,call,2025-09-19,2025-09-19,2025-09-22,8.0,2025-10-03,2344,38.8,0.15820895522388057,缺adj,,2025-09-19,33.5,21,TWSE(FMTQIK),complete
tx26-2025-09-19-call,call,2025-09-19,2025-09-19,2025-09-22,9.0,2025-10-07,2344,42.65,0.27313432835820883,缺adj,,2025-09-19,33.5,21,TWSE(FMTQIK),complete
tx26-2025-09-19-call,call,2025-09-19,2025-09-19,2025-09-22,10.0,2025-10-08,2344,41.25,0.23134328358208944,缺adj,,2025-09-19,33.5,21,TWSE(FMTQIK),complete
tx26-2025-09-19-call,call,2025-09-19,2025-09-19,2025-09-22,11.0,2025-10-09,2344,43.45,0.29701492537313445,缺adj,,2025-09-19,33.5,21,TWSE(FMTQIK),complete
tx26-2025-09-19-call,call,2025-09-19,2025-09-19,2025-09-22,12.0,2025-10-13,2344,43.0,0.28358208955223874,缺adj,,2025-09-19,33.5,21,TWSE(FMTQIK),complete
tx26-2025-09-19-call,call,2025-09-19,2025-09-19,2025-09-22,13.0,2025-10-14,2344,40.7,0.21492537313432836,缺adj,,2025-09-19,33.5,21,TWSE(FMTQIK),complete
tx26-2025-09-19-call,call,2025-09-19,2025-09-19,2025-09-22,14.0,2025-10-15,2344,40.0,0.19402985074626855,缺adj,,2025-09-19,33.5,21,TWSE(FMTQIK),complete
tx26-2025-09-19-call,call,2025-09-19,2025-09-19,2025-09-22,15.0,2025-10-16,2344,44.0,0.31343283582089554,缺adj,,2025-09-19,33.5,21,TWSE(FMTQIK),complete
tx26-2025-09-19-call,call,2025-09-19,2025-09-19,2025-09-22,16.0,2025-10-17,2344,43.95,0.31194029850746285,缺adj,,2025-09-19,33.5,21,TWSE(FMTQIK),complete
tx26-2025-09-19-call,call,2025-09-19,2025-09-19,2025-09-22,17.0,2025-10-20,2344,46.35,0.3835820895522388,缺adj,,2025-09-19,33.5,21,TWSE(FMTQIK),complete
tx26-2025-09-19-call,call,2025-09-19,2025-09-19,2025-09-22,18.0,2025-10-21,2344,44.6,0.33134328358208953,缺adj,,2025-09-19,33.5,21,TWSE(FMTQIK),complete
tx26-2025-09-19-call,call,2025-09-19,2025-09-19,2025-09-22,19.0,2025-10-22,2344,45.45,0.35671641791044784,缺adj,,2025-09-19,33.5,21,TWSE(FMTQIK),complete
tx26-2025-09-19-call,call,2025-09-19,2025-09-19,2025-09-22,20.0,2025-10-23,2344,46.3,0.3820895522388059,缺adj,,2025-09-19,33.5,21,TWSE(FMTQIK),complete
tx26-2025-09-19-call,call,2025-09-19,2025-09-19,2025-09-22,0.0,2025-09-22,6770,21.35,-0.0339366515837104,缺adj,,2025-09-19,22.1,21,TWSE(FMTQIK),complete
tx26-2025-09-19-call,call,2025-09-19,2025-09-19,2025-09-22,1.0,2025-09-23,6770,23.45,0.06108597285067874,缺adj,,2025-09-19,22.1,21,TWSE(FMTQIK),complete
tx26-2025-09-19-call,call,2025-09-19,2025-09-19,2025-09-22,2.0,2025-09-24,6770,23.85,0.07918552036199089,缺adj,,2025-09-19,22.1,21,TWSE(FMTQIK),complete
tx26-2025-09-19-call,call,2025-09-19,2025-09-19,2025-09-22,3.0,2025-09-25,6770,23.1,0.045248868778280604,缺adj,,2025-09-19,22.1,21,TWSE(FMTQIK),complete
tx26-2025-09-19-call,call,2025-09-19,2025-09-19,2025-09-22,4.0,2025-09-26,6770,23.1,0.045248868778280604,缺adj,,2025-09-19,22.1,21,TWSE(FMTQIK),complete
tx26-2025-09-19-call,call,2025-09-19,2025-09-19,2025-09-22,5.0,2025-09-30,6770,25.4,0.1493212669683257,缺adj,,2025-09-19,22.1,21,TWSE(FMTQIK),complete
tx26-2025-09-19-call,call,2025-09-19,2025-09-19,2025-09-22,6.0,2025-10-01,6770,27.9,0.2624434389140271,缺adj,,2025-09-19,22.1,21,TWSE(FMTQIK),complete
tx26-2025-09-19-call,call,2025-09-19,2025-09-19,2025-09-22,7.0,2025-10-02,6770,27.7,0.25339366515837103,缺adj,,2025-09-19,22.1,21,TWSE(FMTQIK),complete
tx26-2025-09-19-call,call,2025-09-19,2025-09-19,2025-09-22,8.0,2025-10-03,6770,27.2,0.23076923076923062,缺adj,,2025-09-19,22.1,21,TWSE(FMTQIK),complete
tx26-2025-09-19-call,call,2025-09-19,2025-09-19,2025-09-22,9.0,2025-10-07,6770,29.9,0.3529411764705881,缺adj,,2025-09-19,22.1,21,TWSE(FMTQIK),complete
tx26-2025-09-19-call,call,2025-09-19,2025-09-19,2025-09-22,10.0,2025-10-08,6770,31.0,0.40271493212669673,缺adj,,2025-09-19,22.1,21,TWSE(FMTQIK),complete
tx26-2025-09-19-call,call,2025-09-19,2025-09-19,2025-09-22,11.0,2025-10-09,6770,30.3,0.37104072398190047,缺adj,,2025-09-19,22.1,21,TWSE(FMTQIK),complete
tx26-2025-09-19-call,call,2025-09-19,2025-09-19,2025-09-22,12.0,2025-10-13,6770,29.25,0.32352941176470584,缺adj,,2025-09-19,22.1,21,TWSE(FMTQIK),complete
tx26-2025-09-19-call,call,2025-09-19,2025-09-19,2025-09-22,13.0,2025-10-14,6770,27.3,0.23529411764705888,缺adj,,2025-09-19,22.1,21,TWSE(FMTQIK),complete
tx26-2025-09-19-call,call,2025-09-19,2025-09-19,2025-09-22,14.0,2025-10-15,6770,27.8,0.25791855203619907,缺adj,,2025-09-19,22.1,21,TWSE(FMTQIK),complete
tx26-2025-09-19-call,call,2025-09-19,2025-09-19,2025-09-22,15.0,2025-10-16,6770,28.8,0.30316742081447967,缺adj,,2025-09-19,22.1,21,TWSE(FMTQIK),complete
tx26-2025-09-19-call,call,2025-09-19,2025-09-19,2025-09-22,16.0,2025-10-17,6770,29.5,0.33484162895927594,缺adj,,2025-09-19,22.1,21,TWSE(FMTQIK),complete
tx26-2025-09-19-call,call,2025-09-19,2025-09-19,2025-09-22,17.0,2025-10-20,6770,30.3,0.37104072398190047,缺adj,,2025-09-19,22.1,21,TWSE(FMTQIK),complete
tx26-2025-09-19-call,call,2025-09-19,2025-09-19,2025-09-22,18.0,2025-10-21,6770,30.7,0.3891402714932126,缺adj,,2025-09-19,22.1,21,TWSE(FMTQIK),complete
tx26-2025-09-19-call,call,2025-09-19,2025-09-19,2025-09-22,19.0,2025-10-22,6770,28.0,0.26696832579185514,缺adj,,2025-09-19,22.1,21,TWSE(FMTQIK),complete
tx26-2025-09-19-call,call,2025-09-19,2025-09-19,2025-09-22,20.0,2025-10-23,6770,28.65,0.2963800904977374,缺adj,,2025-09-19,22.1,21,TWSE(FMTQIK),complete
tx26-2025-09-19-call,call,2025-09-19,2025-09-19,2025-09-22,0.0,2025-09-22,3711,172.5,0.014705882352941124,缺adj,,2025-09-19,170.0,21,TWSE(FMTQIK),complete
tx26-2025-09-19-call,call,2025-09-19,2025-09-19,2025-09-22,1.0,2025-09-23,3711,174.5,0.026470588235294024,缺adj,,2025-09-19,170.0,21,TWSE(FMTQIK),complete
tx26-2025-09-19-call,call,2025-09-19,2025-09-19,2025-09-22,2.0,2025-09-24,3711,172.0,0.0117647058823529,缺adj,,2025-09-19,170.0,21,TWSE(FMTQIK),complete
tx26-2025-09-19-call,call,2025-09-19,2025-09-19,2025-09-22,3.0,2025-09-25,3711,172.0,0.0117647058823529,缺adj,,2025-09-19,170.0,21,TWSE(FMTQIK),complete
tx26-2025-09-19-call,call,2025-09-19,2025-09-19,2025-09-22,4.0,2025-09-26,3711,165.5,-0.026470588235294135,缺adj,,2025-09-19,170.0,21,TWSE(FMTQIK),complete
tx26-2025-09-19-call,call,2025-09-19,2025-09-19,2025-09-22,5.0,2025-09-30,3711,164.0,-0.03529411764705881,缺adj,,2025-09-19,170.0,21,TWSE(FMTQIK),complete
tx26-2025-09-19-call,call,2025-09-19,2025-09-19,2025-09-22,6.0,2025-10-01,3711,163.0,-0.04117647058823526,缺adj,,2025-09-19,170.0,21,TWSE(FMTQIK),complete
tx26-2025-09-19-call,call,2025-09-19,2025-09-19,2025-09-22,7.0,2025-10-02,3711,164.5,-0.032352941176470584,缺adj,,2025-09-19,170.0,21,TWSE(FMTQIK),complete
tx26-2025-09-19-call,call,2025-09-19,2025-09-19,2025-09-22,8.0,2025-10-03,3711,165.5,-0.026470588235294135,缺adj,,2025-09-19,170.0,21,TWSE(FMTQIK),complete
tx26-2025-09-19-call,call,2025-09-19,2025-09-19,2025-09-22,9.0,2025-10-07,3711,173.5,0.020588235294117574,缺adj,,2025-09-19,170.0,21,TWSE(FMTQIK),complete
tx26-2025-09-19-call,call,2025-09-19,2025-09-19,2025-09-22,10.0,2025-10-08,3711,174.5,0.026470588235294024,缺adj,,2025-09-19,170.0,21,TWSE(FMTQIK),complete
tx26-2025-09-19-call,call,2025-09-19,2025-09-19,2025-09-22,11.0,2025-10-09,3711,179.0,0.05294117647058827,缺adj,,2025-09-19,170.0,21,TWSE(FMTQIK),complete
tx26-2025-09-19-call,call,2025-09-19,2025-09-19,2025-09-22,12.0,2025-10-13,3711,173.0,0.01764705882352935,缺adj,,2025-09-19,170.0,21,TWSE(FMTQIK),complete
tx26-2025-09-19-call,call,2025-09-19,2025-09-19,2025-09-22,13.0,2025-10-14,3711,169.5,-0.002941176470588225,缺adj,,2025-09-19,170.0,21,TWSE(FMTQIK),complete
tx26-2025-09-19-call,call,2025-09-19,2025-09-19,2025-09-22,14.0,2025-10-15,3711,178.0,0.04705882352941182,缺adj,,2025-09-19,170.0,21,TWSE(FMTQIK),complete
tx26-2025-09-19-call,call,2025-09-19,2025-09-19,2025-09-22,15.0,2025-10-16,3711,191.5,0.1264705882352941,缺adj,,2025-09-19,170.0,21,TWSE(FMTQIK),complete
tx26-2025-09-19-call,call,2025-09-19,2025-09-19,2025-09-22,16.0,2025-10-17,3711,196.0,0.15294117647058814,缺adj,,2025-09-19,170.0,21,TWSE(FMTQIK),complete
tx26-2025-09-19-call,call,2025-09-19,2025-09-19,2025-09-22,17.0,2025-10-20,3711,200.0,0.17647058823529416,缺adj,,2025-09-19,170.0,21,TWSE(FMTQIK),complete
tx26-2025-09-19-call,call,2025-09-19,2025-09-19,2025-09-22,18.0,2025-10-21,3711,195.0,0.1470588235294117,缺adj,,2025-09-19,170.0,21,TWSE(FMTQIK),complete
tx26-2025-09-19-call,call,2025-09-19,2025-09-19,2025-09-22,19.0,2025-10-22,3711,193.0,0.1352941176470588,缺adj,,2025-09-19,170.0,21,TWSE(FMTQIK),complete
tx26-2025-09-19-call,call,2025-09-19,2025-09-19,2025-09-22,20.0,2025-10-23,3711,196.0,0.15294117647058814,缺adj,,2025-09-19,170.0,21,TWSE(FMTQIK),complete
tx26-2025-09-19-call,call,2025-09-19,2025-09-19,2025-09-22,0.0,2025-09-22,EW_TW,,0.022469207110452024,n=11/11;缺adj,11.0,2025-09-19,,21,TWSE(FMTQIK),complete
tx26-2025-09-19-call,call,2025-09-19,2025-09-19,2025-09-22,1.0,2025-09-23,EW_TW,,0.04372441649266901,n=11/11;缺adj,11.0,2025-09-19,,21,TWSE(FMTQIK),complete
tx26-2025-09-19-call,call,2025-09-19,2025-09-19,2025-09-22,2.0,2025-09-24,EW_TW,,0.02171941635364386,n=11/11;缺adj,11.0,2025-09-19,,21,TWSE(FMTQIK),complete
tx26-2025-09-19-call,call,2025-09-19,2025-09-19,2025-09-22,3.0,2025-09-25,EW_TW,,0.005459242100221014,n=11/11;缺adj,11.0,2025-09-19,,21,TWSE(FMTQIK),complete
tx26-2025-09-19-call,call,2025-09-19,2025-09-19,2025-09-22,4.0,2025-09-26,EW_TW,,-0.03655490360029235,n=11/11;缺adj,11.0,2025-09-19,,21,TWSE(FMTQIK),complete
tx26-2025-09-19-call,call,2025-09-19,2025-09-19,2025-09-22,5.0,2025-09-30,EW_TW,,0.0008198269274464815,n=11/11;缺adj,11.0,2025-09-19,,21,TWSE(FMTQIK),complete
tx26-2025-09-19-call,call,2025-09-19,2025-09-19,2025-09-22,6.0,2025-10-01,EW_TW,,0.014390127376651714,n=11/11;缺adj,11.0,2025-09-19,,21,TWSE(FMTQIK),complete
tx26-2025-09-19-call,call,2025-09-19,2025-09-19,2025-09-22,7.0,2025-10-02,EW_TW,,0.03401570506098768,n=11/11;缺adj,11.0,2025-09-19,,21,TWSE(FMTQIK),complete
tx26-2025-09-19-call,call,2025-09-19,2025-09-19,2025-09-22,8.0,2025-10-03,EW_TW,,0.06241426307385036,n=11/11;缺adj,11.0,2025-09-19,,21,TWSE(FMTQIK),complete
tx26-2025-09-19-call,call,2025-09-19,2025-09-19,2025-09-22,9.0,2025-10-07,EW_TW,,0.09504432860561073,n=11/11;缺adj,11.0,2025-09-19,,21,TWSE(FMTQIK),complete
tx26-2025-09-19-call,call,2025-09-19,2025-09-19,2025-09-22,10.0,2025-10-08,EW_TW,,0.10657754493199616,n=11/11;缺adj,11.0,2025-09-19,,21,TWSE(FMTQIK),complete
tx26-2025-09-19-call,call,2025-09-19,2025-09-19,2025-09-22,11.0,2025-10-09,EW_TW,,0.138468216229557,n=11/11;缺adj,11.0,2025-09-19,,21,TWSE(FMTQIK),complete
tx26-2025-09-19-call,call,2025-09-19,2025-09-19,2025-09-22,12.0,2025-10-13,EW_TW,,0.11067408443843757,n=11/11;缺adj,11.0,2025-09-19,,21,TWSE(FMTQIK),complete
tx26-2025-09-19-call,call,2025-09-19,2025-09-19,2025-09-22,13.0,2025-10-14,EW_TW,,0.05193159103800591,n=11/11;缺adj,11.0,2025-09-19,,21,TWSE(FMTQIK),complete
tx26-2025-09-19-call,call,2025-09-19,2025-09-19,2025-09-22,14.0,2025-10-15,EW_TW,,0.08642778606545114,n=11/11;缺adj,11.0,2025-09-19,,21,TWSE(FMTQIK),complete
tx26-2025-09-19-call,call,2025-09-19,2025-09-19,2025-09-22,15.0,2025-10-16,EW_TW,,0.13403747878274083,n=11/11;缺adj,11.0,2025-09-19,,21,TWSE(FMTQIK),complete
tx26-2025-09-19-call,call,2025-09-19,2025-09-19,2025-09-22,16.0,2025-10-17,EW_TW,,0.14109265676458776,n=11/11;缺adj,11.0,2025-09-19,,21,TWSE(FMTQIK),complete
tx26-2025-09-19-call,call,2025-09-19,2025-09-19,2025-09-22,17.0,2025-10-20,EW_TW,,0.16244812784540075,n=11/11;缺adj,11.0,2025-09-19,,21,TWSE(FMTQIK),complete
tx26-2025-09-19-call,call,2025-09-19,2025-09-19,2025-09-22,18.0,2025-10-21,EW_TW,,0.1540259133405563,n=11/11;缺adj,11.0,2025-09-19,,21,TWSE(FMTQIK),complete
tx26-2025-09-19-call,call,2025-09-19,2025-09-19,2025-09-22,19.0,2025-10-22,EW_TW,,0.14126297227208243,n=11/11;缺adj,11.0,2025-09-19,,21,TWSE(FMTQIK),complete
tx26-2025-09-19-call,call,2025-09-19,2025-09-19,2025-09-22,20.0,2025-10-23,EW_TW,,0.14965165703495084,n=11/11;缺adj,11.0,2025-09-19,,21,TWSE(FMTQIK),complete
tx26-2025-09-19-call,call,2025-09-19,2025-09-19,2025-09-22,0.0,2025-09-22,NET,228.28,0.010356731875719172,缺adj,,2025-09-19,225.94,21,US(own bars),complete
tx26-2025-09-19-call,call,2025-09-19,2025-09-19,2025-09-22,1.0,2025-09-23,NET,223.26,-0.01186155616535367,缺adj,,2025-09-19,225.94,21,US(own bars),complete
tx26-2025-09-19-call,call,2025-09-19,2025-09-19,2025-09-22,2.0,2025-09-24,NET,217.57,-0.037045233247764875,缺adj,,2025-09-19,225.94,21,US(own bars),complete
tx26-2025-09-19-call,call,2025-09-19,2025-09-19,2025-09-22,3.0,2025-09-25,NET,218.2,-0.034256882358148166,缺adj,,2025-09-19,225.94,21,US(own bars),complete
tx26-2025-09-19-call,call,2025-09-19,2025-09-19,2025-09-22,4.0,2025-09-26,NET,216.34,-0.04248915641320705,缺adj,,2025-09-19,225.94,21,US(own bars),complete
tx26-2025-09-19-call,call,2025-09-19,2025-09-19,2025-09-22,5.0,2025-09-29,NET,218.58,-0.032575019916792014,缺adj,,2025-09-19,225.94,21,US(own bars),complete
tx26-2025-09-19-call,call,2025-09-19,2025-09-19,2025-09-22,6.0,2025-09-30,NET,214.59,-0.05023457555103117,缺adj,,2025-09-19,225.94,21,US(own bars),complete
tx26-2025-09-19-call,call,2025-09-19,2025-09-19,2025-09-22,7.0,2025-10-01,NET,217.06,-0.03930246968221651,缺adj,,2025-09-19,225.94,21,US(own bars),complete
tx26-2025-09-19-call,call,2025-09-19,2025-09-19,2025-09-22,8.0,2025-10-02,NET,224.56,-0.006107816234398489,缺adj,,2025-09-19,225.94,21,US(own bars),complete
tx26-2025-09-19-call,call,2025-09-19,2025-09-19,2025-09-22,9.0,2025-10-03,NET,216.67,-0.04102859166150308,缺adj,,2025-09-19,225.94,21,US(own bars),complete
tx26-2025-09-19-call,call,2025-09-19,2025-09-19,2025-09-22,10.0,2025-10-06,NET,221.03,-0.021731433123838184,缺adj,,2025-09-19,225.94,21,US(own bars),complete
tx26-2025-09-19-call,call,2025-09-19,2025-09-19,2025-09-22,11.0,2025-10-07,NET,217.39,-0.03784190493051254,缺adj,,2025-09-19,225.94,21,US(own bars),complete
tx26-2025-09-19-call,call,2025-09-19,2025-09-19,2025-09-22,12.0,2025-10-08,NET,220.0,-0.026290165530671872,缺adj,,2025-09-19,225.94,21,US(own bars),complete
tx26-2025-09-19-call,call,2025-09-19,2025-09-19,2025-09-22,13.0,2025-10-09,NET,220.95,-0.022085509427281602,缺adj,,2025-09-19,225.94,21,US(own bars),complete
tx26-2025-09-19-call,call,2025-09-19,2025-09-19,2025-09-22,14.0,2025-10-10,NET,213.82,-0.05364255997167389,缺adj,,2025-09-19,225.94,21,US(own bars),complete
tx26-2025-09-19-call,call,2025-09-19,2025-09-19,2025-09-22,15.0,2025-10-13,NET,222.56,-0.014959723820483273,缺adj,,2025-09-19,225.94,21,US(own bars),complete
tx26-2025-09-19-call,call,2025-09-19,2025-09-19,2025-09-22,16.0,2025-10-14,NET,217.55,-0.0371337523236257,缺adj,,2025-09-19,225.94,21,US(own bars),complete
tx26-2025-09-19-call,call,2025-09-19,2025-09-19,2025-09-22,17.0,2025-10-15,NET,217.38,-0.03788616446844295,缺adj,,2025-09-19,225.94,21,US(own bars),complete
tx26-2025-09-19-call,call,2025-09-19,2025-09-19,2025-09-22,18.0,2025-10-16,NET,211.4,-0.06435336815083648,缺adj,,2025-09-19,225.94,21,US(own bars),complete
tx26-2025-09-19-call,call,2025-09-19,2025-09-19,2025-09-22,19.0,2025-10-17,NET,210.01,-0.07050544392316549,缺adj,,2025-09-19,225.94,21,US(own bars),complete
tx26-2025-09-19-call,call,2025-09-19,2025-09-19,2025-09-22,20.0,2025-10-20,NET,213.04,-0.05709480393024702,缺adj,,2025-09-19,225.94,21,US(own bars),complete
tx28-2025-11-24-call,call,2025-11-24,2025-11-24,2025-11-25,0.0,2025-11-25,TAIEX,26912.17,0.01539112232608808,缺adj,,2025-11-24,26504.24,21,TWSE(FMTQIK),complete
tx28-2025-11-24-call,call,2025-11-24,2025-11-24,2025-11-25,1.0,2025-11-26,TAIEX,27409.54,0.034156799063093324,缺adj,,2025-11-24,26504.24,21,TWSE(FMTQIK),complete
tx28-2025-11-24-call,call,2025-11-24,2025-11-24,2025-11-25,2.0,2025-11-27,TAIEX,27554.53,0.03962724454653288,缺adj,,2025-11-24,26504.24,21,TWSE(FMTQIK),complete
tx28-2025-11-24-call,call,2025-11-24,2025-11-24,2025-11-25,3.0,2025-11-28,TAIEX,27626.48,0.04234190454055642,缺adj,,2025-11-24,26504.24,21,TWSE(FMTQIK),complete
tx28-2025-11-24-call,call,2025-11-24,2025-11-24,2025-11-25,4.0,2025-12-01,TAIEX,27342.53,0.03162852434176555,缺adj,,2025-11-24,26504.24,21,TWSE(FMTQIK),complete
tx28-2025-11-24-call,call,2025-11-24,2025-11-24,2025-11-25,5.0,2025-12-02,TAIEX,27564.27,0.039994732918204656,缺adj,,2025-11-24,26504.24,21,TWSE(FMTQIK),complete
tx28-2025-11-24-call,call,2025-11-24,2025-11-24,2025-11-25,6.0,2025-12-03,TAIEX,27793.04,0.0486261820750189,缺adj,,2025-11-24,26504.24,21,TWSE(FMTQIK),complete
tx28-2025-11-24-call,call,2025-11-24,2025-11-24,2025-11-25,7.0,2025-12-04,TAIEX,27795.71,0.048726920673824115,缺adj,,2025-11-24,26504.24,21,TWSE(FMTQIK),complete
tx28-2025-11-24-call,call,2025-11-24,2025-11-24,2025-11-25,8.0,2025-12-05,TAIEX,27980.89,0.05571372731306368,缺adj,,2025-11-24,26504.24,21,TWSE(FMTQIK),complete
tx28-2025-11-24-call,call,2025-11-24,2025-11-24,2025-11-25,9.0,2025-12-08,TAIEX,28303.78,0.06789630640229638,缺adj,,2025-11-24,26504.24,21,TWSE(FMTQIK),complete
tx28-2025-11-24-call,call,2025-11-24,2025-11-24,2025-11-25,10.0,2025-12-09,TAIEX,28182.6,0.0633242077494014,缺adj,,2025-11-24,26504.24,21,TWSE(FMTQIK),complete
tx28-2025-11-24-call,call,2025-11-24,2025-11-24,2025-11-25,11.0,2025-12-10,TAIEX,28400.73,0.07155421170348575,缺adj,,2025-11-24,26504.24,21,TWSE(FMTQIK),complete
tx28-2025-11-24-call,call,2025-11-24,2025-11-24,2025-11-25,12.0,2025-12-11,TAIEX,28024.75,0.05736855687995579,缺adj,,2025-11-24,26504.24,21,TWSE(FMTQIK),complete
tx28-2025-11-24-call,call,2025-11-24,2025-11-24,2025-11-25,13.0,2025-12-12,TAIEX,28198.02,0.06390600145486158,缺adj,,2025-11-24,26504.24,21,TWSE(FMTQIK),complete
tx28-2025-11-24-call,call,2025-11-24,2025-11-24,2025-11-25,14.0,2025-12-15,TAIEX,27866.94,0.051414415203001385,缺adj,,2025-11-24,26504.24,21,TWSE(FMTQIK),complete
tx28-2025-11-24-call,call,2025-11-24,2025-11-24,2025-11-25,15.0,2025-12-16,TAIEX,27536.66,0.03895301280097074,缺adj,,2025-11-24,26504.24,21,TWSE(FMTQIK),complete
tx28-2025-11-24-call,call,2025-11-24,2025-11-24,2025-11-25,16.0,2025-12-17,TAIEX,27525.17,0.03851949725779713,缺adj,,2025-11-24,26504.24,21,TWSE(FMTQIK),complete
tx28-2025-11-24-call,call,2025-11-24,2025-11-24,2025-11-25,17.0,2025-12-18,TAIEX,27468.53,0.036382480689882035,缺adj,,2025-11-24,26504.24,21,TWSE(FMTQIK),complete
tx28-2025-11-24-call,call,2025-11-24,2025-11-24,2025-11-25,18.0,2025-12-19,TAIEX,27696.35,0.044978086525023775,缺adj,,2025-11-24,26504.24,21,TWSE(FMTQIK),complete
tx28-2025-11-24-call,call,2025-11-24,2025-11-24,2025-11-25,19.0,2025-12-22,TAIEX,28149.64,0.06208063313643386,缺adj,,2025-11-24,26504.24,21,TWSE(FMTQIK),complete
tx28-2025-11-24-call,call,2025-11-24,2025-11-24,2025-11-25,20.0,2025-12-23,TAIEX,28310.47,0.06814871884649398,缺adj,,2025-11-24,26504.24,21,TWSE(FMTQIK),complete
tx28-2025-11-24-call,call,2025-11-24,2025-11-24,2025-11-25,0.0,2025-11-25,3037,176.0,0.07317073170731714,缺adj,,2025-11-24,164.0,21,TWSE(FMTQIK),complete
tx28-2025-11-24-call,call,2025-11-24,2025-11-24,2025-11-25,1.0,2025-11-26,3037,178.5,0.08841463414634143,缺adj,,2025-11-24,164.0,21,TWSE(FMTQIK),complete
tx28-2025-11-24-call,call,2025-11-24,2025-11-24,2025-11-25,2.0,2025-11-27,3037,187.0,0.1402439024390243,缺adj,,2025-11-24,164.0,21,TWSE(FMTQIK),complete
tx28-2025-11-24-call,call,2025-11-24,2025-11-24,2025-11-25,3.0,2025-11-28,3037,186.5,0.13719512195121952,缺adj,,2025-11-24,164.0,21,TWSE(FMTQIK),complete
tx28-2025-11-24-call,call,2025-11-24,2025-11-24,2025-11-25,4.0,2025-12-01,3037,197.0,0.2012195121951219,缺adj,,2025-11-24,164.0,21,TWSE(FMTQIK),complete
tx28-2025-11-24-call,call,2025-11-24,2025-11-24,2025-11-25,5.0,2025-12-02,3037,196.0,0.19512195121951215,缺adj,,2025-11-24,164.0,21,TWSE(FMTQIK),complete
tx28-2025-11-24-call,call,2025-11-24,2025-11-24,2025-11-25,6.0,2025-12-03,3037,196.5,0.19817073170731714,缺adj,,2025-11-24,164.0,21,TWSE(FMTQIK),complete
tx28-2025-11-24-call,call,2025-11-24,2025-11-24,2025-11-25,7.0,2025-12-04,3037,198.5,0.21036585365853666,缺adj,,2025-11-24,164.0,21,TWSE(FMTQIK),complete
tx28-2025-11-24-call,call,2025-11-24,2025-11-24,2025-11-25,8.0,2025-12-05,3037,215.0,0.3109756097560976,缺adj,,2025-11-24,164.0,21,TWSE(FMTQIK),complete
tx28-2025-11-24-call,call,2025-11-24,2025-11-24,2025-11-25,9.0,2025-12-08,3037,220.5,0.3445121951219512,缺adj,,2025-11-24,164.0,21,TWSE(FMTQIK),complete
tx28-2025-11-24-call,call,2025-11-24,2025-11-24,2025-11-25,10.0,2025-12-09,3037,226.0,0.37804878048780477,缺adj,,2025-11-24,164.0,21,TWSE(FMTQIK),complete
tx28-2025-11-24-call,call,2025-11-24,2025-11-24,2025-11-25,11.0,2025-12-10,3037,227.5,0.3871951219512195,缺adj,,2025-11-24,164.0,21,TWSE(FMTQIK),complete
tx28-2025-11-24-call,call,2025-11-24,2025-11-24,2025-11-25,12.0,2025-12-11,3037,225.0,0.37195121951219523,缺adj,,2025-11-24,164.0,21,TWSE(FMTQIK),complete
tx28-2025-11-24-call,call,2025-11-24,2025-11-24,2025-11-25,13.0,2025-12-12,3037,225.0,0.37195121951219523,缺adj,,2025-11-24,164.0,21,TWSE(FMTQIK),complete
tx28-2025-11-24-call,call,2025-11-24,2025-11-24,2025-11-25,14.0,2025-12-15,3037,221.5,0.35060975609756095,缺adj,,2025-11-24,164.0,21,TWSE(FMTQIK),complete
tx28-2025-11-24-call,call,2025-11-24,2025-11-24,2025-11-25,15.0,2025-12-16,3037,214.0,0.30487804878048785,缺adj,,2025-11-24,164.0,21,TWSE(FMTQIK),complete
tx28-2025-11-24-call,call,2025-11-24,2025-11-24,2025-11-25,16.0,2025-12-17,3037,212.0,0.29268292682926833,缺adj,,2025-11-24,164.0,21,TWSE(FMTQIK),complete
tx28-2025-11-24-call,call,2025-11-24,2025-11-24,2025-11-25,17.0,2025-12-18,3037,207.0,0.2621951219512195,缺adj,,2025-11-24,164.0,21,TWSE(FMTQIK),complete
tx28-2025-11-24-call,call,2025-11-24,2025-11-24,2025-11-25,18.0,2025-12-19,3037,215.0,0.3109756097560976,缺adj,,2025-11-24,164.0,21,TWSE(FMTQIK),complete
tx28-2025-11-24-call,call,2025-11-24,2025-11-24,2025-11-25,19.0,2025-12-22,3037,220.5,0.3445121951219512,缺adj,,2025-11-24,164.0,21,TWSE(FMTQIK),complete
tx28-2025-11-24-call,call,2025-11-24,2025-11-24,2025-11-25,20.0,2025-12-23,3037,215.5,0.3140243902439024,缺adj,,2025-11-24,164.0,21,TWSE(FMTQIK),complete
tx28-2025-11-24-call,call,2025-11-24,2025-11-24,2025-11-25,0.0,2025-11-25,8046,250.0,0.012145748987854255,缺adj,,2025-11-24,247.0,21,TWSE(FMTQIK),complete
tx28-2025-11-24-call,call,2025-11-24,2025-11-24,2025-11-25,1.0,2025-11-26,8046,257.0,0.04048582995951411,缺adj,,2025-11-24,247.0,21,TWSE(FMTQIK),complete
tx28-2025-11-24-call,call,2025-11-24,2025-11-24,2025-11-25,2.0,2025-11-27,8046,260.5,0.054655870445344146,缺adj,,2025-11-24,247.0,21,TWSE(FMTQIK),complete
tx28-2025-11-24-call,call,2025-11-24,2025-11-24,2025-11-25,3.0,2025-11-28,8046,262.5,0.06275303643724706,缺adj,,2025-11-24,247.0,21,TWSE(FMTQIK),complete
tx28-2025-11-24-call,call,2025-11-24,2025-11-24,2025-11-25,4.0,2025-12-01,8046,266.5,0.07894736842105265,缺adj,,2025-11-24,247.0,21,TWSE(FMTQIK),complete
tx28-2025-11-24-call,call,2025-11-24,2025-11-24,2025-11-25,5.0,2025-12-02,8046,262.0,0.06072874493927127,缺adj,,2025-11-24,247.0,21,TWSE(FMTQIK),complete
tx28-2025-11-24-call,call,2025-11-24,2025-11-24,2025-11-25,6.0,2025-12-03,8046,269.0,0.08906882591093113,缺adj,,2025-11-24,247.0,21,TWSE(FMTQIK),complete
tx28-2025-11-24-call,call,2025-11-24,2025-11-24,2025-11-25,7.0,2025-12-04,8046,258.5,0.046558704453441235,缺adj,,2025-11-24,247.0,21,TWSE(FMTQIK),complete
tx28-2025-11-24-call,call,2025-11-24,2025-11-24,2025-11-25,8.0,2025-12-05,8046,270.0,0.09311740890688269,缺adj,,2025-11-24,247.0,21,TWSE(FMTQIK),complete
tx28-2025-11-24-call,call,2025-11-24,2025-11-24,2025-11-25,9.0,2025-12-08,8046,270.0,0.09311740890688269,缺adj,,2025-11-24,247.0,21,TWSE(FMTQIK),complete
tx28-2025-11-24-call,call,2025-11-24,2025-11-24,2025-11-25,10.0,2025-12-09,8046,284.0,0.1497975708502024,缺adj,,2025-11-24,247.0,21,TWSE(FMTQIK),complete
tx28-2025-11-24-call,call,2025-11-24,2025-11-24,2025-11-25,11.0,2025-12-10,8046,280.0,0.1336032388663968,缺adj,,2025-11-24,247.0,21,TWSE(FMTQIK),complete
tx28-2025-11-24-call,call,2025-11-24,2025-11-24,2025-11-25,12.0,2025-12-11,8046,278.0,0.1255060728744939,缺adj,,2025-11-24,247.0,21,TWSE(FMTQIK),complete
tx28-2025-11-24-call,call,2025-11-24,2025-11-24,2025-11-25,13.0,2025-12-12,8046,271.5,0.09919028340080982,缺adj,,2025-11-24,247.0,21,TWSE(FMTQIK),complete
tx28-2025-11-24-call,call,2025-11-24,2025-11-24,2025-11-25,14.0,2025-12-15,8046,266.0,0.07692307692307687,缺adj,,2025-11-24,247.0,21,TWSE(FMTQIK),complete
tx28-2025-11-24-call,call,2025-11-24,2025-11-24,2025-11-25,15.0,2025-12-16,8046,249.0,0.00809716599190291,缺adj,,2025-11-24,247.0,21,TWSE(FMTQIK),complete
tx28-2025-11-24-call,call,2025-11-24,2025-11-24,2025-11-25,16.0,2025-12-17,8046,243.5,-0.014170040485829927,缺adj,,2025-11-24,247.0,21,TWSE(FMTQIK),complete
tx28-2025-11-24-call,call,2025-11-24,2025-11-24,2025-11-25,17.0,2025-12-18,8046,234.5,-0.05060728744939269,缺adj,,2025-11-24,247.0,21,TWSE(FMTQIK),complete
tx28-2025-11-24-call,call,2025-11-24,2025-11-24,2025-11-25,18.0,2025-12-19,8046,239.5,-0.030364372469635637,缺adj,,2025-11-24,247.0,21,TWSE(FMTQIK),complete
tx28-2025-11-24-call,call,2025-11-24,2025-11-24,2025-11-25,19.0,2025-12-22,8046,244.0,-0.012145748987854255,缺adj,,2025-11-24,247.0,21,TWSE(FMTQIK),complete
tx28-2025-11-24-call,call,2025-11-24,2025-11-24,2025-11-25,20.0,2025-12-23,8046,239.0,-0.03238866396761131,缺adj,,2025-11-24,247.0,21,TWSE(FMTQIK),complete
tx28-2025-11-24-call,call,2025-11-24,2025-11-24,2025-11-25,0.0,2025-11-25,3189,137.5,0.04166666666666674,缺adj,,2025-11-24,132.0,21,TWSE(FMTQIK),complete
tx28-2025-11-24-call,call,2025-11-24,2025-11-24,2025-11-25,1.0,2025-11-26,3189,138.0,0.045454545454545414,缺adj,,2025-11-24,132.0,21,TWSE(FMTQIK),complete
tx28-2025-11-24-call,call,2025-11-24,2025-11-24,2025-11-25,2.0,2025-11-27,3189,141.0,0.06818181818181812,缺adj,,2025-11-24,132.0,21,TWSE(FMTQIK),complete
tx28-2025-11-24-call,call,2025-11-24,2025-11-24,2025-11-25,3.0,2025-11-28,3189,142.5,0.07954545454545459,缺adj,,2025-11-24,132.0,21,TWSE(FMTQIK),complete
tx28-2025-11-24-call,call,2025-11-24,2025-11-24,2025-11-25,4.0,2025-12-01,3189,141.5,0.07196969696969702,缺adj,,2025-11-24,132.0,21,TWSE(FMTQIK),complete
tx28-2025-11-24-call,call,2025-11-24,2025-11-24,2025-11-25,5.0,2025-12-02,3189,141.0,0.06818181818181812,缺adj,,2025-11-24,132.0,21,TWSE(FMTQIK),complete
tx28-2025-11-24-call,call,2025-11-24,2025-11-24,2025-11-25,6.0,2025-12-03,3189,148.0,0.1212121212121211,缺adj,,2025-11-24,132.0,21,TWSE(FMTQIK),complete
tx28-2025-11-24-call,call,2025-11-24,2025-11-24,2025-11-25,7.0,2025-12-04,3189,148.0,0.1212121212121211,缺adj,,2025-11-24,132.0,21,TWSE(FMTQIK),complete
tx28-2025-11-24-call,call,2025-11-24,2025-11-24,2025-11-25,8.0,2025-12-05,3189,157.0,0.18939393939393945,缺adj,,2025-11-24,132.0,21,TWSE(FMTQIK),complete
tx28-2025-11-24-call,call,2025-11-24,2025-11-24,2025-11-25,9.0,2025-12-08,3189,156.0,0.18181818181818188,缺adj,,2025-11-24,132.0,21,TWSE(FMTQIK),complete
tx28-2025-11-24-call,call,2025-11-24,2025-11-24,2025-11-25,10.0,2025-12-09,3189,159.5,0.20833333333333326,缺adj,,2025-11-24,132.0,21,TWSE(FMTQIK),complete
tx28-2025-11-24-call,call,2025-11-24,2025-11-24,2025-11-25,11.0,2025-12-10,3189,152.5,0.15530303030303028,缺adj,,2025-11-24,132.0,21,TWSE(FMTQIK),complete
tx28-2025-11-24-call,call,2025-11-24,2025-11-24,2025-11-25,12.0,2025-12-11,3189,151.5,0.1477272727272727,缺adj,,2025-11-24,132.0,21,TWSE(FMTQIK),complete
tx28-2025-11-24-call,call,2025-11-24,2025-11-24,2025-11-25,13.0,2025-12-12,3189,151.5,0.1477272727272727,缺adj,,2025-11-24,132.0,21,TWSE(FMTQIK),complete
tx28-2025-11-24-call,call,2025-11-24,2025-11-24,2025-11-25,14.0,2025-12-15,3189,146.0,0.10606060606060597,缺adj,,2025-11-24,132.0,21,TWSE(FMTQIK),complete
tx28-2025-11-24-call,call,2025-11-24,2025-11-24,2025-11-25,15.0,2025-12-16,3189,138.5,0.04924242424242431,缺adj,,2025-11-24,132.0,21,TWSE(FMTQIK),complete
tx28-2025-11-24-call,call,2025-11-24,2025-11-24,2025-11-25,16.0,2025-12-17,3189,136.0,0.030303030303030276,缺adj,,2025-11-24,132.0,21,TWSE(FMTQIK),complete
tx28-2025-11-24-call,call,2025-11-24,2025-11-24,2025-11-25,17.0,2025-12-18,3189,132.0,0.0,缺adj,,2025-11-24,132.0,21,TWSE(FMTQIK),complete
tx28-2025-11-24-call,call,2025-11-24,2025-11-24,2025-11-25,18.0,2025-12-19,3189,135.0,0.022727272727272707,缺adj,,2025-11-24,132.0,21,TWSE(FMTQIK),complete
tx28-2025-11-24-call,call,2025-11-24,2025-11-24,2025-11-25,19.0,2025-12-22,3189,144.0,0.09090909090909083,缺adj,,2025-11-24,132.0,21,TWSE(FMTQIK),complete
tx28-2025-11-24-call,call,2025-11-24,2025-11-24,2025-11-25,20.0,2025-12-23,3189,142.5,0.07954545454545459,缺adj,,2025-11-24,132.0,21,TWSE(FMTQIK),complete
tx28-2025-11-24-call,call,2025-11-24,2025-11-24,2025-11-25,0.0,2025-11-25,2368,594.0,0.10000000000000009,缺adj,,2025-11-24,540.0,21,TWSE(FMTQIK),complete
tx28-2025-11-24-call,call,2025-11-24,2025-11-24,2025-11-25,1.0,2025-11-26,2368,610.0,0.12962962962962954,缺adj,,2025-11-24,540.0,21,TWSE(FMTQIK),complete
tx28-2025-11-24-call,call,2025-11-24,2025-11-24,2025-11-25,2.0,2025-11-27,2368,627.0,0.1611111111111112,缺adj,,2025-11-24,540.0,21,TWSE(FMTQIK),complete
tx28-2025-11-24-call,call,2025-11-24,2025-11-24,2025-11-25,3.0,2025-11-28,2368,633.0,0.17222222222222228,缺adj,,2025-11-24,540.0,21,TWSE(FMTQIK),complete
tx28-2025-11-24-call,call,2025-11-24,2025-11-24,2025-11-25,4.0,2025-12-01,2368,622.0,0.1518518518518519,缺adj,,2025-11-24,540.0,21,TWSE(FMTQIK),complete
tx28-2025-11-24-call,call,2025-11-24,2025-11-24,2025-11-25,5.0,2025-12-02,2368,600.0,0.11111111111111116,缺adj,,2025-11-24,540.0,21,TWSE(FMTQIK),complete
tx28-2025-11-24-call,call,2025-11-24,2025-11-24,2025-11-25,6.0,2025-12-03,2368,589.0,0.09074074074074079,缺adj,,2025-11-24,540.0,21,TWSE(FMTQIK),complete
tx28-2025-11-24-call,call,2025-11-24,2025-11-24,2025-11-25,7.0,2025-12-04,2368,582.0,0.07777777777777772,缺adj,,2025-11-24,540.0,21,TWSE(FMTQIK),complete
tx28-2025-11-24-call,call,2025-11-24,2025-11-24,2025-11-25,8.0,2025-12-05,2368,596.0,0.10370370370370363,缺adj,,2025-11-24,540.0,21,TWSE(FMTQIK),complete
tx28-2025-11-24-call,call,2025-11-24,2025-11-24,2025-11-25,9.0,2025-12-08,2368,588.0,0.0888888888888888,缺adj,,2025-11-24,540.0,21,TWSE(FMTQIK),complete
tx28-2025-11-24-call,call,2025-11-24,2025-11-24,2025-11-25,10.0,2025-12-09,2368,596.0,0.10370370370370363,缺adj,,2025-11-24,540.0,21,TWSE(FMTQIK),complete
tx28-2025-11-24-call,call,2025-11-24,2025-11-24,2025-11-25,11.0,2025-12-10,2368,616.0,0.14074074074074083,缺adj,,2025-11-24,540.0,21,TWSE(FMTQIK),complete
tx28-2025-11-24-call,call,2025-11-24,2025-11-24,2025-11-25,12.0,2025-12-11,2368,603.0,0.1166666666666667,缺adj,,2025-11-24,540.0,21,TWSE(FMTQIK),complete
tx28-2025-11-24-call,call,2025-11-24,2025-11-24,2025-11-25,13.0,2025-12-12,2368,618.0,0.14444444444444438,缺adj,,2025-11-24,540.0,21,TWSE(FMTQIK),complete
tx28-2025-11-24-call,call,2025-11-24,2025-11-24,2025-11-25,14.0,2025-12-15,2368,603.0,0.1166666666666667,缺adj,,2025-11-24,540.0,21,TWSE(FMTQIK),complete
tx28-2025-11-24-call,call,2025-11-24,2025-11-24,2025-11-25,15.0,2025-12-16,2368,594.0,0.10000000000000009,缺adj,,2025-11-24,540.0,21,TWSE(FMTQIK),complete
tx28-2025-11-24-call,call,2025-11-24,2025-11-24,2025-11-25,16.0,2025-12-17,2368,586.0,0.08518518518518525,缺adj,,2025-11-24,540.0,21,TWSE(FMTQIK),complete
tx28-2025-11-24-call,call,2025-11-24,2025-11-24,2025-11-25,17.0,2025-12-18,2368,589.0,0.09074074074074079,缺adj,,2025-11-24,540.0,21,TWSE(FMTQIK),complete
tx28-2025-11-24-call,call,2025-11-24,2025-11-24,2025-11-25,18.0,2025-12-19,2368,608.0,0.125925925925926,缺adj,,2025-11-24,540.0,21,TWSE(FMTQIK),complete
tx28-2025-11-24-call,call,2025-11-24,2025-11-24,2025-11-25,19.0,2025-12-22,2368,650.0,0.20370370370370372,缺adj,,2025-11-24,540.0,21,TWSE(FMTQIK),complete
tx28-2025-11-24-call,call,2025-11-24,2025-11-24,2025-11-25,20.0,2025-12-23,2368,651.0,0.2055555555555555,缺adj,,2025-11-24,540.0,21,TWSE(FMTQIK),complete
tx28-2025-11-24-call,call,2025-11-24,2025-11-24,2025-11-25,0.0,2025-11-25,2383,1450.0,0.0984848484848484,缺adj,,2025-11-24,1320.0,21,TWSE(FMTQIK),complete
tx28-2025-11-24-call,call,2025-11-24,2025-11-24,2025-11-25,1.0,2025-11-26,2383,1470.0,0.11363636363636354,缺adj,,2025-11-24,1320.0,21,TWSE(FMTQIK),complete
tx28-2025-11-24-call,call,2025-11-24,2025-11-24,2025-11-25,2.0,2025-11-27,2383,1495.0,0.13257575757575757,缺adj,,2025-11-24,1320.0,21,TWSE(FMTQIK),complete
tx28-2025-11-24-call,call,2025-11-24,2025-11-24,2025-11-25,3.0,2025-11-28,2383,1525.0,0.15530303030303028,缺adj,,2025-11-24,1320.0,21,TWSE(FMTQIK),complete
tx28-2025-11-24-call,call,2025-11-24,2025-11-24,2025-11-25,4.0,2025-12-01,2383,1475.0,0.11742424242424243,缺adj,,2025-11-24,1320.0,21,TWSE(FMTQIK),complete
tx28-2025-11-24-call,call,2025-11-24,2025-11-24,2025-11-25,5.0,2025-12-02,2383,1440.0,0.09090909090909083,缺adj,,2025-11-24,1320.0,21,TWSE(FMTQIK),complete
tx28-2025-11-24-call,call,2025-11-24,2025-11-24,2025-11-25,6.0,2025-12-03,2383,1430.0,0.08333333333333326,缺adj,,2025-11-24,1320.0,21,TWSE(FMTQIK),complete
tx28-2025-11-24-call,call,2025-11-24,2025-11-24,2025-11-25,7.0,2025-12-04,2383,1425.0,0.07954545454545459,缺adj,,2025-11-24,1320.0,21,TWSE(FMTQIK),complete
tx28-2025-11-24-call,call,2025-11-24,2025-11-24,2025-11-25,8.0,2025-12-05,2383,1495.0,0.13257575757575757,缺adj,,2025-11-24,1320.0,21,TWSE(FMTQIK),complete
tx28-2025-11-24-call,call,2025-11-24,2025-11-24,2025-11-25,9.0,2025-12-08,2383,1485.0,0.125,缺adj,,2025-11-24,1320.0,21,TWSE(FMTQIK),complete
tx28-2025-11-24-call,call,2025-11-24,2025-11-24,2025-11-25,10.0,2025-12-09,2383,1500.0,0.13636363636363646,缺adj,,2025-11-24,1320.0,21,TWSE(FMTQIK),complete
tx28-2025-11-24-call,call,2025-11-24,2025-11-24,2025-11-25,11.0,2025-12-10,2383,1600.0,0.21212121212121215,缺adj,,2025-11-24,1320.0,21,TWSE(FMTQIK),complete
tx28-2025-11-24-call,call,2025-11-24,2025-11-24,2025-11-25,12.0,2025-12-11,2383,1595.0,0.20833333333333326,缺adj,,2025-11-24,1320.0,21,TWSE(FMTQIK),complete
tx28-2025-11-24-call,call,2025-11-24,2025-11-24,2025-11-25,13.0,2025-12-12,2383,1605.0,0.21590909090909083,缺adj,,2025-11-24,1320.0,21,TWSE(FMTQIK),complete
tx28-2025-11-24-call,call,2025-11-24,2025-11-24,2025-11-25,14.0,2025-12-15,2383,1605.0,0.21590909090909083,缺adj,,2025-11-24,1320.0,21,TWSE(FMTQIK),complete
tx28-2025-11-24-call,call,2025-11-24,2025-11-24,2025-11-25,15.0,2025-12-16,2383,1495.0,0.13257575757575757,缺adj,,2025-11-24,1320.0,21,TWSE(FMTQIK),complete
tx28-2025-11-24-call,call,2025-11-24,2025-11-24,2025-11-25,16.0,2025-12-17,2383,1495.0,0.13257575757575757,缺adj,,2025-11-24,1320.0,21,TWSE(FMTQIK),complete
tx28-2025-11-24-call,call,2025-11-24,2025-11-24,2025-11-25,17.0,2025-12-18,2383,1500.0,0.13636363636363646,缺adj,,2025-11-24,1320.0,21,TWSE(FMTQIK),complete
tx28-2025-11-24-call,call,2025-11-24,2025-11-24,2025-11-25,18.0,2025-12-19,2383,1550.0,0.1742424242424243,缺adj,,2025-11-24,1320.0,21,TWSE(FMTQIK),complete
tx28-2025-11-24-call,call,2025-11-24,2025-11-24,2025-11-25,19.0,2025-12-22,2383,1600.0,0.21212121212121215,缺adj,,2025-11-24,1320.0,21,TWSE(FMTQIK),complete
tx28-2025-11-24-call,call,2025-11-24,2025-11-24,2025-11-25,20.0,2025-12-23,2383,1615.0,0.2234848484848484,缺adj,,2025-11-24,1320.0,21,TWSE(FMTQIK),complete
tx28-2025-11-24-call,call,2025-11-24,2025-11-24,2025-11-25,0.0,2025-11-25,6213,105.0,0.054216867469879526,缺adj,,2025-11-24,99.6,21,TWSE(FMTQIK),complete
tx28-2025-11-24-call,call,2025-11-24,2025-11-24,2025-11-25,1.0,2025-11-26,6213,108.0,0.08433734939759052,缺adj,,2025-11-24,99.6,21,TWSE(FMTQIK),complete
tx28-2025-11-24-call,call,2025-11-24,2025-11-24,2025-11-25,2.0,2025-11-27,6213,109.5,0.09939759036144591,缺adj,,2025-11-24,99.6,21,TWSE(FMTQIK),complete
tx28-2025-11-24-call,call,2025-11-24,2025-11-24,2025-11-25,3.0,2025-11-28,6213,111.0,0.1144578313253013,缺adj,,2025-11-24,99.6,21,TWSE(FMTQIK),complete
tx28-2025-11-24-call,call,2025-11-24,2025-11-24,2025-11-25,4.0,2025-12-01,6213,109.5,0.09939759036144591,缺adj,,2025-11-24,99.6,21,TWSE(FMTQIK),complete
tx28-2025-11-24-call,call,2025-11-24,2025-11-24,2025-11-25,5.0,2025-12-02,6213,107.5,0.07931726907630532,缺adj,,2025-11-24,99.6,21,TWSE(FMTQIK),complete
tx28-2025-11-24-call,call,2025-11-24,2025-11-24,2025-11-25,6.0,2025-12-03,6213,108.0,0.08433734939759052,缺adj,,2025-11-24,99.6,21,TWSE(FMTQIK),complete
tx28-2025-11-24-call,call,2025-11-24,2025-11-24,2025-11-25,7.0,2025-12-04,6213,106.5,0.06927710843373491,缺adj,,2025-11-24,99.6,21,TWSE(FMTQIK),complete
tx28-2025-11-24-call,call,2025-11-24,2025-11-24,2025-11-25,8.0,2025-12-05,6213,108.5,0.0893574297188755,缺adj,,2025-11-24,99.6,21,TWSE(FMTQIK),complete
tx28-2025-11-24-call,call,2025-11-24,2025-11-24,2025-11-25,9.0,2025-12-08,6213,112.5,0.12951807228915668,缺adj,,2025-11-24,99.6,21,TWSE(FMTQIK),complete
tx28-2025-11-24-call,call,2025-11-24,2025-11-24,2025-11-25,10.0,2025-12-09,6213,114.0,0.14457831325301207,缺adj,,2025-11-24,99.6,21,TWSE(FMTQIK),complete
tx28-2025-11-24-call,call,2025-11-24,2025-11-24,2025-11-25,11.0,2025-12-10,6213,115.0,0.15461847389558248,缺adj,,2025-11-24,99.6,21,TWSE(FMTQIK),complete
tx28-2025-11-24-call,call,2025-11-24,2025-11-24,2025-11-25,12.0,2025-12-11,6213,114.5,0.14959839357429727,缺adj,,2025-11-24,99.6,21,TWSE(FMTQIK),complete
tx28-2025-11-24-call,call,2025-11-24,2025-11-24,2025-11-25,13.0,2025-12-12,6213,113.5,0.13955823293172687,缺adj,,2025-11-24,99.6,21,TWSE(FMTQIK),complete
tx28-2025-11-24-call,call,2025-11-24,2025-11-24,2025-11-25,14.0,2025-12-15,6213,114.0,0.14457831325301207,缺adj,,2025-11-24,99.6,21,TWSE(FMTQIK),complete
tx28-2025-11-24-call,call,2025-11-24,2025-11-24,2025-11-25,15.0,2025-12-16,6213,109.0,0.0943775100401607,缺adj,,2025-11-24,99.6,21,TWSE(FMTQIK),complete
tx28-2025-11-24-call,call,2025-11-24,2025-11-24,2025-11-25,16.0,2025-12-17,6213,108.0,0.08433734939759052,缺adj,,2025-11-24,99.6,21,TWSE(FMTQIK),complete
tx28-2025-11-24-call,call,2025-11-24,2025-11-24,2025-11-25,17.0,2025-12-18,6213,106.5,0.06927710843373491,缺adj,,2025-11-24,99.6,21,TWSE(FMTQIK),complete
tx28-2025-11-24-call,call,2025-11-24,2025-11-24,2025-11-25,18.0,2025-12-19,6213,108.0,0.08433734939759052,缺adj,,2025-11-24,99.6,21,TWSE(FMTQIK),complete
tx28-2025-11-24-call,call,2025-11-24,2025-11-24,2025-11-25,19.0,2025-12-22,6213,113.0,0.13453815261044189,缺adj,,2025-11-24,99.6,21,TWSE(FMTQIK),complete
tx28-2025-11-24-call,call,2025-11-24,2025-11-24,2025-11-25,20.0,2025-12-23,6213,112.0,0.12449799196787148,缺adj,,2025-11-24,99.6,21,TWSE(FMTQIK),complete
tx28-2025-11-24-call,call,2025-11-24,2025-11-24,2025-11-25,0.0,2025-11-25,6274,419.0,0.05674653215636827,缺adj,,2025-11-24,396.5,21,TWSE(FMTQIK),complete
tx28-2025-11-24-call,call,2025-11-24,2025-11-24,2025-11-25,1.0,2025-11-26,6274,430.0,0.08448928121059263,缺adj,,2025-11-24,396.5,21,TWSE(FMTQIK),complete
tx28-2025-11-24-call,call,2025-11-24,2025-11-24,2025-11-25,2.0,2025-11-27,6274,432.0,0.08953341740226994,缺adj,,2025-11-24,396.5,21,TWSE(FMTQIK),complete
tx28-2025-11-24-call,call,2025-11-24,2025-11-24,2025-11-25,3.0,2025-11-28,6274,440.0,0.10970996216897855,缺adj,,2025-11-24,396.5,21,TWSE(FMTQIK),complete
tx28-2025-11-24-call,call,2025-11-24,2025-11-24,2025-11-25,4.0,2025-12-01,6274,415.0,0.046658259773013855,缺adj,,2025-11-24,396.5,21,TWSE(FMTQIK),complete
tx28-2025-11-24-call,call,2025-11-24,2025-11-24,2025-11-25,5.0,2025-12-02,6274,412.0,0.0390920554854981,缺adj,,2025-11-24,396.5,21,TWSE(FMTQIK),complete
tx28-2025-11-24-call,call,2025-11-24,2025-11-24,2025-11-25,6.0,2025-12-03,6274,413.5,0.04287515762925609,缺adj,,2025-11-24,396.5,21,TWSE(FMTQIK),complete
tx28-2025-11-24-call,call,2025-11-24,2025-11-24,2025-11-25,7.0,2025-12-04,6274,411.0,0.03656998738965944,缺adj,,2025-11-24,396.5,21,TWSE(FMTQIK),complete
tx28-2025-11-24-call,call,2025-11-24,2025-11-24,2025-11-25,8.0,2025-12-05,6274,420.0,0.059268600252206705,缺adj,,2025-11-24,396.5,21,TWSE(FMTQIK),complete
tx28-2025-11-24-call,call,2025-11-24,2025-11-24,2025-11-25,9.0,2025-12-08,6274,421.0,0.06179066834804536,缺adj,,2025-11-24,396.5,21,TWSE(FMTQIK),complete
tx28-2025-11-24-call,call,2025-11-24,2025-11-24,2025-11-25,10.0,2025-12-09,6274,425.0,0.07187894073139978,缺adj,,2025-11-24,396.5,21,TWSE(FMTQIK),complete
tx28-2025-11-24-call,call,2025-11-24,2025-11-24,2025-11-25,11.0,2025-12-10,6274,432.0,0.08953341740226994,缺adj,,2025-11-24,396.5,21,TWSE(FMTQIK),complete
tx28-2025-11-24-call,call,2025-11-24,2025-11-24,2025-11-25,12.0,2025-12-11,6274,430.0,0.08448928121059263,缺adj,,2025-11-24,396.5,21,TWSE(FMTQIK),complete
tx28-2025-11-24-call,call,2025-11-24,2025-11-24,2025-11-25,13.0,2025-12-12,6274,443.0,0.1172761664564943,缺adj,,2025-11-24,396.5,21,TWSE(FMTQIK),complete
tx28-2025-11-24-call,call,2025-11-24,2025-11-24,2025-11-25,14.0,2025-12-15,6274,434.0,0.09457755359394704,缺adj,,2025-11-24,396.5,21,TWSE(FMTQIK),complete
tx28-2025-11-24-call,call,2025-11-24,2025-11-24,2025-11-25,15.0,2025-12-16,6274,405.0,0.021437578814627933,缺adj,,2025-11-24,396.5,21,TWSE(FMTQIK),complete
tx28-2025-11-24-call,call,2025-11-24,2025-11-24,2025-11-25,16.0,2025-12-17,6274,414.0,0.044136191677175196,缺adj,,2025-11-24,396.5,21,TWSE(FMTQIK),complete
tx28-2025-11-24-call,call,2025-11-24,2025-11-24,2025-11-25,17.0,2025-12-18,6274,412.5,0.04035308953341743,缺adj,,2025-11-24,396.5,21,TWSE(FMTQIK),complete
tx28-2025-11-24-call,call,2025-11-24,2025-11-24,2025-11-25,18.0,2025-12-19,6274,427.0,0.07692307692307687,缺adj,,2025-11-24,396.5,21,TWSE(FMTQIK),complete
tx28-2025-11-24-call,call,2025-11-24,2025-11-24,2025-11-25,19.0,2025-12-22,6274,454.0,0.14501891551071888,缺adj,,2025-11-24,396.5,21,TWSE(FMTQIK),complete
tx28-2025-11-24-call,call,2025-11-24,2025-11-24,2025-11-25,20.0,2025-12-23,6274,465.5,0.17402269861286257,缺adj,,2025-11-24,396.5,21,TWSE(FMTQIK),complete
tx28-2025-11-24-call,call,2025-11-24,2025-11-24,2025-11-25,0.0,2025-11-25,2408,143.5,0.0034965034965035446,缺adj,,2025-11-24,143.0,21,TWSE(FMTQIK),complete
tx28-2025-11-24-call,call,2025-11-24,2025-11-24,2025-11-25,1.0,2025-11-26,2408,136.5,-0.045454545454545414,缺adj,,2025-11-24,143.0,21,TWSE(FMTQIK),complete
tx28-2025-11-24-call,call,2025-11-24,2025-11-24,2025-11-25,2.0,2025-11-27,2408,146.0,0.020979020979021046,缺adj,,2025-11-24,143.0,21,TWSE(FMTQIK),complete
tx28-2025-11-24-call,call,2025-11-24,2025-11-24,2025-11-25,3.0,2025-11-28,2408,146.0,0.020979020979021046,缺adj,,2025-11-24,143.0,21,TWSE(FMTQIK),complete
tx28-2025-11-24-call,call,2025-11-24,2025-11-24,2025-11-25,4.0,2025-12-01,2408,149.5,0.045454545454545414,缺adj,,2025-11-24,143.0,21,TWSE(FMTQIK),complete
tx28-2025-11-24-call,call,2025-11-24,2025-11-24,2025-11-25,5.0,2025-12-02,2408,149.5,0.045454545454545414,缺adj,,2025-11-24,143.0,21,TWSE(FMTQIK),complete
tx28-2025-11-24-call,call,2025-11-24,2025-11-24,2025-11-25,6.0,2025-12-03,2408,151.0,0.05594405594405605,缺adj,,2025-11-24,143.0,21,TWSE(FMTQIK),complete
tx28-2025-11-24-call,call,2025-11-24,2025-11-24,2025-11-25,7.0,2025-12-04,2408,151.0,0.05594405594405605,缺adj,,2025-11-24,143.0,21,TWSE(FMTQIK),complete
tx28-2025-11-24-call,call,2025-11-24,2025-11-24,2025-11-25,8.0,2025-12-05,2408,153.0,0.06993006993007,缺adj,,2025-11-24,143.0,21,TWSE(FMTQIK),complete
tx28-2025-11-24-call,call,2025-11-24,2025-11-24,2025-11-25,9.0,2025-12-08,2408,163.5,0.14335664335664333,缺adj,,2025-11-24,143.0,21,TWSE(FMTQIK),complete
tx28-2025-11-24-call,call,2025-11-24,2025-11-24,2025-11-25,10.0,2025-12-09,2408,162.0,0.13286713286713292,缺adj,,2025-11-24,143.0,21,TWSE(FMTQIK),complete
tx28-2025-11-24-call,call,2025-11-24,2025-11-24,2025-11-25,11.0,2025-12-10,2408,156.0,0.09090909090909083,缺adj,,2025-11-24,143.0,21,TWSE(FMTQIK),complete
tx28-2025-11-24-call,call,2025-11-24,2025-11-24,2025-11-25,12.0,2025-12-11,2408,156.0,0.09090909090909083,缺adj,,2025-11-24,143.0,21,TWSE(FMTQIK),complete
tx28-2025-11-24-call,call,2025-11-24,2025-11-24,2025-11-25,13.0,2025-12-12,2408,162.0,0.13286713286713292,缺adj,,2025-11-24,143.0,21,TWSE(FMTQIK),complete
tx28-2025-11-24-call,call,2025-11-24,2025-11-24,2025-11-25,14.0,2025-12-15,2408,162.5,0.13636363636363646,缺adj,,2025-11-24,143.0,21,TWSE(FMTQIK),complete
tx28-2025-11-24-call,call,2025-11-24,2025-11-24,2025-11-25,15.0,2025-12-16,2408,158.0,0.10489510489510478,缺adj,,2025-11-24,143.0,21,TWSE(FMTQIK),complete
tx28-2025-11-24-call,call,2025-11-24,2025-11-24,2025-11-25,16.0,2025-12-17,2408,164.5,0.15034965034965042,缺adj,,2025-11-24,143.0,21,TWSE(FMTQIK),complete
tx28-2025-11-24-call,call,2025-11-24,2025-11-24,2025-11-25,17.0,2025-12-18,2408,170.0,0.18881118881118875,缺adj,,2025-11-24,143.0,21,TWSE(FMTQIK),complete
tx28-2025-11-24-call,call,2025-11-24,2025-11-24,2025-11-25,18.0,2025-12-19,2408,174.5,0.2202797202797202,缺adj,,2025-11-24,143.0,21,TWSE(FMTQIK),complete
tx28-2025-11-24-call,call,2025-11-24,2025-11-24,2025-11-25,19.0,2025-12-22,2408,180.0,0.25874125874125875,缺adj,,2025-11-24,143.0,21,TWSE(FMTQIK),complete
tx28-2025-11-24-call,call,2025-11-24,2025-11-24,2025-11-25,20.0,2025-12-23,2408,176.5,0.23426573426573416,缺adj,,2025-11-24,143.0,21,TWSE(FMTQIK),complete
tx28-2025-11-24-call,call,2025-11-24,2025-11-24,2025-11-25,0.0,2025-11-25,2344,57.5,0.05311355311355315,缺adj,,2025-11-24,54.6,21,TWSE(FMTQIK),complete
tx28-2025-11-24-call,call,2025-11-24,2025-11-24,2025-11-25,1.0,2025-11-26,2344,53.6,-0.01831501831501836,缺adj,,2025-11-24,54.6,21,TWSE(FMTQIK),complete
tx28-2025-11-24-call,call,2025-11-24,2025-11-24,2025-11-25,2.0,2025-11-27,2344,56.9,0.042124542124541975,缺adj,,2025-11-24,54.6,21,TWSE(FMTQIK),complete
tx28-2025-11-24-call,call,2025-11-24,2025-11-24,2025-11-25,3.0,2025-11-28,2344,58.0,0.06227106227106227,缺adj,,2025-11-24,54.6,21,TWSE(FMTQIK),complete
tx28-2025-11-24-call,call,2025-11-24,2025-11-24,2025-11-25,4.0,2025-12-01,2344,57.6,0.05494505494505497,缺adj,,2025-11-24,54.6,21,TWSE(FMTQIK),complete
tx28-2025-11-24-call,call,2025-11-24,2025-11-24,2025-11-25,5.0,2025-12-02,2344,56.6,0.03663003663003672,缺adj,,2025-11-24,54.6,21,TWSE(FMTQIK),complete
tx28-2025-11-24-call,call,2025-11-24,2025-11-24,2025-11-25,6.0,2025-12-03,2344,55.8,0.0219780219780219,缺adj,,2025-11-24,54.6,21,TWSE(FMTQIK),complete
tx28-2025-11-24-call,call,2025-11-24,2025-11-24,2025-11-25,7.0,2025-12-04,2344,57.8,0.05860805860805862,缺adj,,2025-11-24,54.6,21,TWSE(FMTQIK),complete
tx28-2025-11-24-call,call,2025-11-24,2025-11-24,2025-11-25,8.0,2025-12-05,2344,61.8,0.13186813186813184,缺adj,,2025-11-24,54.6,21,TWSE(FMTQIK),complete
tx28-2025-11-24-call,call,2025-11-24,2025-11-24,2025-11-25,9.0,2025-12-08,2344,67.9,0.2435897435897436,缺adj,,2025-11-24,54.6,21,TWSE(FMTQIK),complete
tx28-2025-11-24-call,call,2025-11-24,2025-11-24,2025-11-25,10.0,2025-12-09,2344,71.3,0.3058608058608059,缺adj,,2025-11-24,54.6,21,TWSE(FMTQIK),complete
tx28-2025-11-24-call,call,2025-11-24,2025-11-24,2025-11-25,11.0,2025-12-10,2344,67.5,0.2362637362637363,缺adj,,2025-11-24,54.6,21,TWSE(FMTQIK),complete
tx28-2025-11-24-call,call,2025-11-24,2025-11-24,2025-11-25,12.0,2025-12-11,2344,68.4,0.25274725274725274,缺adj,,2025-11-24,54.6,21,TWSE(FMTQIK),complete
tx28-2025-11-24-call,call,2025-11-24,2025-11-24,2025-11-25,13.0,2025-12-12,2344,74.6,0.3663003663003661,缺adj,,2025-11-24,54.6,21,TWSE(FMTQIK),complete
tx28-2025-11-24-call,call,2025-11-24,2025-11-24,2025-11-25,14.0,2025-12-15,2344,71.1,0.302197802197802,缺adj,,2025-11-24,54.6,21,TWSE(FMTQIK),complete
tx28-2025-11-24-call,call,2025-11-24,2025-11-24,2025-11-25,15.0,2025-12-16,2344,70.6,0.2930402930402929,缺adj,,2025-11-24,54.6,21,TWSE(FMTQIK),complete
tx28-2025-11-24-call,call,2025-11-24,2025-11-24,2025-11-25,16.0,2025-12-17,2344,73.9,0.35347985347985356,缺adj,,2025-11-24,54.6,21,TWSE(FMTQIK),complete
tx28-2025-11-24-call,call,2025-11-24,2025-11-24,2025-11-25,17.0,2025-12-18,2344,74.5,0.3644688644688645,缺adj,,2025-11-24,54.6,21,TWSE(FMTQIK),complete
tx28-2025-11-24-call,call,2025-11-24,2025-11-24,2025-11-25,18.0,2025-12-19,2344,71.3,0.3058608058608059,缺adj,,2025-11-24,54.6,21,TWSE(FMTQIK),complete
tx28-2025-11-24-call,call,2025-11-24,2025-11-24,2025-11-25,19.0,2025-12-22,2344,73.1,0.33882783882783873,缺adj,,2025-11-24,54.6,21,TWSE(FMTQIK),complete
tx28-2025-11-24-call,call,2025-11-24,2025-11-24,2025-11-25,20.0,2025-12-23,2344,73.0,0.3369963369963369,缺adj,,2025-11-24,54.6,21,TWSE(FMTQIK),complete
tx28-2025-11-24-call,call,2025-11-24,2025-11-24,2025-11-25,0.0,2025-11-25,6770,33.3,0.03738317757009324,缺adj,,2025-11-24,32.1,21,TWSE(FMTQIK),complete
tx28-2025-11-24-call,call,2025-11-24,2025-11-24,2025-11-25,1.0,2025-11-26,6770,31.65,-0.014018691588785104,缺adj,,2025-11-24,32.1,21,TWSE(FMTQIK),complete
tx28-2025-11-24-call,call,2025-11-24,2025-11-24,2025-11-25,2.0,2025-11-27,6770,33.15,0.032710280373831724,缺adj,,2025-11-24,32.1,21,TWSE(FMTQIK),complete
tx28-2025-11-24-call,call,2025-11-24,2025-11-24,2025-11-25,3.0,2025-11-28,6770,34.1,0.06230529595015577,缺adj,,2025-11-24,32.1,21,TWSE(FMTQIK),complete
tx28-2025-11-24-call,call,2025-11-24,2025-11-24,2025-11-25,4.0,2025-12-01,6770,34.0,0.05919003115264787,缺adj,,2025-11-24,32.1,21,TWSE(FMTQIK),complete
tx28-2025-11-24-call,call,2025-11-24,2025-11-24,2025-11-25,5.0,2025-12-02,6770,32.8,0.02180685358255441,缺adj,,2025-11-24,32.1,21,TWSE(FMTQIK),complete
tx28-2025-11-24-call,call,2025-11-24,2025-11-24,2025-11-25,6.0,2025-12-03,6770,32.1,0.0,缺adj,,2025-11-24,32.1,21,TWSE(FMTQIK),complete
tx28-2025-11-24-call,call,2025-11-24,2025-11-24,2025-11-25,7.0,2025-12-04,6770,32.3,0.006230529595015355,缺adj,,2025-11-24,32.1,21,TWSE(FMTQIK),complete
tx28-2025-11-24-call,call,2025-11-24,2025-11-24,2025-11-25,8.0,2025-12-05,6770,32.9,0.024922118380062308,缺adj,,2025-11-24,32.1,21,TWSE(FMTQIK),complete
tx28-2025-11-24-call,call,2025-11-24,2025-11-24,2025-11-25,9.0,2025-12-08,6770,34.15,0.06386292834890961,缺adj,,2025-11-24,32.1,21,TWSE(FMTQIK),complete
tx28-2025-11-24-call,call,2025-11-24,2025-11-24,2025-11-25,10.0,2025-12-09,6770,35.3,0.09968847352024901,缺adj,,2025-11-24,32.1,21,TWSE(FMTQIK),complete
tx28-2025-11-24-call,call,2025-11-24,2025-11-24,2025-11-25,11.0,2025-12-10,6770,34.7,0.0809968847352025,缺adj,,2025-11-24,32.1,21,TWSE(FMTQIK),complete
tx28-2025-11-24-call,call,2025-11-24,2025-11-24,2025-11-25,12.0,2025-12-11,6770,33.8,0.052959501557632294,缺adj,,2025-11-24,32.1,21,TWSE(FMTQIK),complete
tx28-2025-11-24-call,call,2025-11-24,2025-11-24,2025-11-25,13.0,2025-12-12,6770,35.1,0.09345794392523366,缺adj,,2025-11-24,32.1,21,TWSE(FMTQIK),complete
tx28-2025-11-24-call,call,2025-11-24,2025-11-24,2025-11-25,14.0,2025-12-15,6770,34.95,0.08878504672897192,缺adj,,2025-11-24,32.1,21,TWSE(FMTQIK),complete
tx28-2025-11-24-call,call,2025-11-24,2025-11-24,2025-11-25,15.0,2025-12-16,6770,33.8,0.052959501557632294,缺adj,,2025-11-24,32.1,21,TWSE(FMTQIK),complete
tx28-2025-11-24-call,call,2025-11-24,2025-11-24,2025-11-25,16.0,2025-12-17,6770,34.8,0.08411214953271018,缺adj,,2025-11-24,32.1,21,TWSE(FMTQIK),complete
tx28-2025-11-24-call,call,2025-11-24,2025-11-24,2025-11-25,17.0,2025-12-18,6770,35.5,0.10591900311526481,缺adj,,2025-11-24,32.1,21,TWSE(FMTQIK),complete
tx28-2025-11-24-call,call,2025-11-24,2025-11-24,2025-11-25,18.0,2025-12-19,6770,36.8,0.14641744548286595,缺adj,,2025-11-24,32.1,21,TWSE(FMTQIK),complete
tx28-2025-11-24-call,call,2025-11-24,2025-11-24,2025-11-25,19.0,2025-12-22,6770,40.45,0.2601246105919004,缺adj,,2025-11-24,32.1,21,TWSE(FMTQIK),complete
tx28-2025-11-24-call,call,2025-11-24,2025-11-24,2025-11-25,20.0,2025-12-23,6770,39.0,0.2149532710280373,缺adj,,2025-11-24,32.1,21,TWSE(FMTQIK),complete
tx28-2025-11-24-call,call,2025-11-24,2025-11-24,2025-11-25,0.0,2025-11-25,3711,212.0,0.0071258907363420665,缺adj,,2025-11-24,210.5,21,TWSE(FMTQIK),complete
tx28-2025-11-24-call,call,2025-11-24,2025-11-24,2025-11-25,1.0,2025-11-26,3711,217.5,0.03325415676959631,缺adj,,2025-11-24,210.5,21,TWSE(FMTQIK),complete
tx28-2025-11-24-call,call,2025-11-24,2025-11-24,2025-11-25,2.0,2025-11-27,3711,230.5,0.09501187648456066,缺adj,,2025-11-24,210.5,21,TWSE(FMTQIK),complete
tx28-2025-11-24-call,call,2025-11-24,2025-11-24,2025-11-25,3.0,2025-11-28,3711,229.5,0.09026128266033262,缺adj,,2025-11-24,210.5,21,TWSE(FMTQIK),complete
tx28-2025-11-24-call,call,2025-11-24,2025-11-24,2025-11-25,4.0,2025-12-01,3711,224.5,0.0665083135391924,缺adj,,2025-11-24,210.5,21,TWSE(FMTQIK),complete
tx28-2025-11-24-call,call,2025-11-24,2025-11-24,2025-11-25,5.0,2025-12-02,3711,228.5,0.08551068883610458,缺adj,,2025-11-24,210.5,21,TWSE(FMTQIK),complete
tx28-2025-11-24-call,call,2025-11-24,2025-11-24,2025-11-25,6.0,2025-12-03,3711,229.0,0.0878859857482186,缺adj,,2025-11-24,210.5,21,TWSE(FMTQIK),complete
tx28-2025-11-24-call,call,2025-11-24,2025-11-24,2025-11-25,7.0,2025-12-04,3711,228.0,0.08313539192399055,缺adj,,2025-11-24,210.5,21,TWSE(FMTQIK),complete
tx28-2025-11-24-call,call,2025-11-24,2025-11-24,2025-11-25,8.0,2025-12-05,3711,231.0,0.09738717339667469,缺adj,,2025-11-24,210.5,21,TWSE(FMTQIK),complete
tx28-2025-11-24-call,call,2025-11-24,2025-11-24,2025-11-25,9.0,2025-12-08,3711,237.5,0.12826603325415675,缺adj,,2025-11-24,210.5,21,TWSE(FMTQIK),complete
tx28-2025-11-24-call,call,2025-11-24,2025-11-24,2025-11-25,10.0,2025-12-09,3711,240.0,0.14014251781472686,缺adj,,2025-11-24,210.5,21,TWSE(FMTQIK),complete
tx28-2025-11-24-call,call,2025-11-24,2025-11-24,2025-11-25,11.0,2025-12-10,3711,244.5,0.16152019002375306,缺adj,,2025-11-24,210.5,21,TWSE(FMTQIK),complete
tx28-2025-11-24-call,call,2025-11-24,2025-11-24,2025-11-25,12.0,2025-12-11,3711,244.5,0.16152019002375306,缺adj,,2025-11-24,210.5,21,TWSE(FMTQIK),complete
tx28-2025-11-24-call,call,2025-11-24,2025-11-24,2025-11-25,13.0,2025-12-12,3711,243.5,0.15676959619952502,缺adj,,2025-11-24,210.5,21,TWSE(FMTQIK),complete
tx28-2025-11-24-call,call,2025-11-24,2025-11-24,2025-11-25,14.0,2025-12-15,3711,234.0,0.1116389548693586,缺adj,,2025-11-24,210.5,21,TWSE(FMTQIK),complete
tx28-2025-11-24-call,call,2025-11-24,2025-11-24,2025-11-25,15.0,2025-12-16,3711,229.0,0.0878859857482186,缺adj,,2025-11-24,210.5,21,TWSE(FMTQIK),complete
tx28-2025-11-24-call,call,2025-11-24,2025-11-24,2025-11-25,16.0,2025-12-17,3711,228.5,0.08551068883610458,缺adj,,2025-11-24,210.5,21,TWSE(FMTQIK),complete
tx28-2025-11-24-call,call,2025-11-24,2025-11-24,2025-11-25,17.0,2025-12-18,3711,222.0,0.05463182897862229,缺adj,,2025-11-24,210.5,21,TWSE(FMTQIK),complete
tx28-2025-11-24-call,call,2025-11-24,2025-11-24,2025-11-25,18.0,2025-12-19,3711,229.5,0.09026128266033262,缺adj,,2025-11-24,210.5,21,TWSE(FMTQIK),complete
tx28-2025-11-24-call,call,2025-11-24,2025-11-24,2025-11-25,19.0,2025-12-22,3711,232.0,0.10213776722090251,缺adj,,2025-11-24,210.5,21,TWSE(FMTQIK),complete
tx28-2025-11-24-call,call,2025-11-24,2025-11-24,2025-11-25,20.0,2025-12-23,3711,234.5,0.11401425178147262,缺adj,,2025-11-24,210.5,21,TWSE(FMTQIK),complete
tx28-2025-11-24-call,call,2025-11-24,2025-11-24,2025-11-25,0.0,2025-11-25,EW_TW,,0.048868229126311495,n=11/11;缺adj,11.0,2025-11-24,,21,TWSE(FMTQIK),complete
tx28-2025-11-24-call,call,2025-11-24,2025-11-24,2025-11-25,1.0,2025-11-26,EW_TW,,0.04926486680416587,n=11/11;缺adj,11.0,2025-11-24,,21,TWSE(FMTQIK),complete
tx28-2025-11-24-call,call,2025-11-24,2025-11-24,2025-11-25,2.0,2025-11-27,EW_TW,,0.08513865340715697,n=11/11;缺adj,11.0,2025-11-24,,21,TWSE(FMTQIK),complete
tx28-2025-11-24-call,call,2025-11-24,2025-11-24,2025-11-25,3.0,2025-11-28,EW_TW,,0.09700030189218412,n=11/11;缺adj,11.0,2025-11-24,,21,TWSE(FMTQIK),complete
tx28-2025-11-24-call,call,2025-11-24,2025-11-24,2025-11-25,4.0,2025-12-01,EW_TW,,0.09032422428071513,n=11/11;缺adj,11.0,2025-11-24,,21,TWSE(FMTQIK),complete
tx28-2025-11-24-call,call,2025-11-24,2025-11-24,2025-11-25,5.0,2025-12-02,EW_TW,,0.07580583322053164,n=11/11;缺adj,11.0,2025-11-24,,21,TWSE(FMTQIK),complete
tx28-2025-11-24-call,call,2025-11-24,2025-11-24,2025-11-25,6.0,2025-12-03,EW_TW,,0.07959512032741696,n=11/11;缺adj,11.0,2025-11-24,,21,TWSE(FMTQIK),complete
tx28-2025-11-24-call,call,2025-11-24,2025-11-24,2025-11-25,7.0,2025-12-04,EW_TW,,0.07683864032198602,n=11/11;缺adj,11.0,2025-11-24,,21,TWSE(FMTQIK),complete
tx28-2025-11-24-call,call,2025-11-24,2025-11-24,2025-11-25,8.0,2025-12-05,EW_TW,,0.118409085716582,n=11/11;缺adj,11.0,2025-11-24,,21,TWSE(FMTQIK),complete
tx28-2025-11-24-call,call,2025-11-24,2025-11-24,2025-11-25,9.0,2025-12-08,EW_TW,,0.1457927967202327,n=11/11;缺adj,11.0,2025-11-24,,21,TWSE(FMTQIK),complete
tx28-2025-11-24-call,call,2025-11-24,2025-11-24,2025-11-25,10.0,2025-12-09,EW_TW,,0.17011483716236428,n=11/11;缺adj,11.0,2025-11-24,,21,TWSE(FMTQIK),complete
tx28-2025-11-24-call,call,2025-11-24,2025-11-24,2025-11-25,11.0,2025-12-10,EW_TW,,0.1675277397465668,n=11/11;缺adj,11.0,2025-11-24,,21,TWSE(FMTQIK),complete
tx28-2025-11-24-call,call,2025-11-24,2025-11-24,2025-11-25,12.0,2025-12-11,EW_TW,,0.16021893410332552,n=11/11;缺adj,11.0,2025-11-24,,21,TWSE(FMTQIK),complete
tx28-2025-11-24-call,call,2025-11-24,2025-11-24,2025-11-25,13.0,2025-12-12,EW_TW,,0.1804956136067538,n=11/11;缺adj,11.0,2025-11-24,,21,TWSE(FMTQIK),complete
tx28-2025-11-24-call,call,2025-11-24,2025-11-24,2025-11-25,14.0,2025-12-15,EW_TW,,0.15857368215124812,n=11/11;缺adj,11.0,2025-11-24,,21,TWSE(FMTQIK),complete
tx28-2025-11-24-call,call,2025-11-24,2025-11-24,2025-11-25,15.0,2025-12-16,EW_TW,,0.11358085188060091,n=11/11;缺adj,11.0,2025-11-24,,21,TWSE(FMTQIK),complete
tx28-2025-11-24-call,call,2025-11-24,2025-11-24,2025-11-25,16.0,2025-12-17,EW_TW,,0.12077297660731783,n=11/11;缺adj,11.0,2025-11-24,,21,TWSE(FMTQIK),complete
tx28-2025-11-24-call,call,2025-11-24,2025-11-24,2025-11-25,17.0,2025-12-18,EW_TW,,0.11474120863157244,n=11/11;缺adj,11.0,2025-11-24,,21,TWSE(FMTQIK),complete
tx28-2025-11-24-call,call,2025-11-24,2025-11-24,2025-11-25,18.0,2025-12-19,EW_TW,,0.13887150370786155,n=11/11;缺adj,11.0,2025-11-24,,21,TWSE(FMTQIK),complete
tx28-2025-11-24-call,call,2025-11-24,2025-11-24,2025-11-25,19.0,2025-12-22,EW_TW,,0.18895354512465135,n=11/11;缺adj,11.0,2025-11-24,,21,TWSE(FMTQIK),complete
tx28-2025-11-24-call,call,2025-11-24,2025-11-24,2025-11-25,20.0,2025-12-23,EW_TW,,0.18081562450131497,n=11/11;缺adj,11.0,2025-11-24,,21,TWSE(FMTQIK),complete
tx28-2025-11-24-call,call,2025-11-24,2025-11-24,2025-11-25,0.0,2025-11-25,NET,197.49,0.01804216712201656,缺adj,,2025-11-24,193.99,21,US(own bars),complete
tx28-2025-11-24-call,call,2025-11-24,2025-11-24,2025-11-25,1.0,2025-11-26,NET,196.99,0.01546471467601429,缺adj,,2025-11-24,193.99,21,US(own bars),complete
tx28-2025-11-24-call,call,2025-11-24,2025-11-24,2025-11-25,2.0,2025-11-28,NET,200.21,0.03206350842826944,缺adj,,2025-11-24,193.99,21,US(own bars),complete
tx28-2025-11-24-call,call,2025-11-24,2025-11-24,2025-11-25,3.0,2025-12-01,NET,197.2,0.016547244703335018,缺adj,,2025-11-24,193.99,21,US(own bars),complete
tx28-2025-11-24-call,call,2025-11-24,2025-11-24,2025-11-25,4.0,2025-12-02,NET,201.26,0.03747615856487441,缺adj,,2025-11-24,193.99,21,US(own bars),complete
tx28-2025-11-24-call,call,2025-11-24,2025-11-24,2025-11-25,5.0,2025-12-03,NET,204.35,0.05340481468116898,缺adj,,2025-11-24,193.99,21,US(own bars),complete
tx28-2025-11-24-call,call,2025-11-24,2025-11-24,2025-11-25,6.0,2025-12-04,NET,204.15,0.05237383370276816,缺adj,,2025-11-24,193.99,21,US(own bars),complete
tx28-2025-11-24-call,call,2025-11-24,2025-11-24,2025-11-25,7.0,2025-12-05,NET,200.95,0.035878138048352826,缺adj,,2025-11-24,193.99,21,US(own bars),complete
tx28-2025-11-24-call,call,2025-11-24,2025-11-24,2025-11-25,8.0,2025-12-08,NET,205.86,0.06118872106809636,缺adj,,2025-11-24,193.99,21,US(own bars),complete
tx28-2025-11-24-call,call,2025-11-24,2025-11-24,2025-11-25,9.0,2025-12-09,NET,208.93,0.0770142790865509,缺adj,,2025-11-24,193.99,21,US(own bars),complete
tx28-2025-11-24-call,call,2025-11-24,2025-11-24,2025-11-25,10.0,2025-12-10,NET,213.46,0.10036599824733239,缺adj,,2025-11-24,193.99,21,US(own bars),complete
tx28-2025-11-24-call,call,2025-11-24,2025-11-24,2025-11-25,11.0,2025-12-11,NET,207.95,0.07196247229238617,缺adj,,2025-11-24,193.99,21,US(own bars),complete
tx28-2025-11-24-call,call,2025-11-24,2025-11-24,2025-11-25,12.0,2025-12-12,NET,202.44,0.04355894633743995,缺adj,,2025-11-24,193.99,21,US(own bars),complete
tx28-2025-11-24-call,call,2025-11-24,2025-11-24,2025-11-25,13.0,2025-12-15,NET,196.7,0.013969792257332747,缺adj,,2025-11-24,193.99,21,US(own bars),complete
tx28-2025-11-24-call,call,2025-11-24,2025-11-24,2025-11-25,14.0,2025-12-16,NET,197.53,0.018248363317696636,缺adj,,2025-11-24,193.99,21,US(own bars),complete
tx28-2025-11-24-call,call,2025-11-24,2025-11-24,2025-11-25,15.0,2025-12-17,NET,191.43,-0.013196556523532132,缺adj,,2025-11-24,193.99,21,US(own bars),complete
tx28-2025-11-24-call,call,2025-11-24,2025-11-24,2025-11-25,16.0,2025-12-18,NET,193.83,-0.0008247847827207444,缺adj,,2025-11-24,193.99,21,US(own bars),complete
tx28-2025-11-24-call,call,2025-11-24,2025-11-24,2025-11-25,17.0,2025-12-19,NET,195.68,0.008711789267487946,缺adj,,2025-11-24,193.99,21,US(own bars),complete
tx28-2025-11-24-call,call,2025-11-24,2025-11-24,2025-11-25,18.0,2025-12-22,NET,202.06,0.04160008247847813,缺adj,,2025-11-24,193.99,21,US(own bars),complete
tx28-2025-11-24-call,call,2025-11-24,2025-11-24,2025-11-25,19.0,2025-12-23,NET,202.08,0.04170318057631839,缺adj,,2025-11-24,193.99,21,US(own bars),complete
tx28-2025-11-24-call,call,2025-11-24,2025-11-24,2025-11-25,20.0,2025-12-24,NET,202.66,0.04469302541368103,缺adj,,2025-11-24,193.99,21,US(own bars),complete
tx29-2026-02-04-call,call,2026-02-04,2026-02-04,2026-02-05,0.0,2026-02-05,TAIEX,31801.27,-0.015129850562762726,缺adj,,2026-02-04,32289.81,21,TWSE(FMTQIK),complete
tx29-2026-02-04-call,call,2026-02-04,2026-02-04,2026-02-05,1.0,2026-02-06,TAIEX,31782.92,-0.015698141302163182,缺adj,,2026-02-04,32289.81,21,TWSE(FMTQIK),complete
tx29-2026-02-04-call,call,2026-02-04,2026-02-04,2026-02-05,2.0,2026-02-09,TAIEX,32404.62,0.003555610887769234,缺adj,,2026-02-04,32289.81,21,TWSE(FMTQIK),complete
tx29-2026-02-04-call,call,2026-02-04,2026-02-04,2026-02-05,3.0,2026-02-10,TAIEX,33072.97,0.024254091306204595,缺adj,,2026-02-04,32289.81,21,TWSE(FMTQIK),complete
tx29-2026-02-04-call,call,2026-02-04,2026-02-04,2026-02-05,4.0,2026-02-11,TAIEX,33605.71,0.040752794767141554,缺adj,,2026-02-04,32289.81,21,TWSE(FMTQIK),complete
tx29-2026-02-04-call,call,2026-02-04,2026-02-04,2026-02-05,5.0,2026-02-23,TAIEX,33773.26,0.045941738275945276,缺adj,,2026-02-04,32289.81,21,TWSE(FMTQIK),complete
tx29-2026-02-04-call,call,2026-02-04,2026-02-04,2026-02-05,6.0,2026-02-24,TAIEX,34700.82,0.07466782864315391,缺adj,,2026-02-04,32289.81,21,TWSE(FMTQIK),complete
tx29-2026-02-04-call,call,2026-02-04,2026-02-04,2026-02-05,7.0,2026-02-25,TAIEX,35413.07,0.0967258711029888,缺adj,,2026-02-04,32289.81,21,TWSE(FMTQIK),complete
tx29-2026-02-04-call,call,2026-02-04,2026-02-04,2026-02-05,8.0,2026-02-26,TAIEX,35414.49,0.09676984782505671,缺adj,,2026-02-04,32289.81,21,TWSE(FMTQIK),complete
tx29-2026-02-04-call,call,2026-02-04,2026-02-04,2026-02-05,9.0,2026-03-02,TAIEX,35095.09,0.08687818231200484,缺adj,,2026-02-04,32289.81,21,TWSE(FMTQIK),complete
tx29-2026-02-04-call,call,2026-02-04,2026-02-04,2026-02-05,10.0,2026-03-03,TAIEX,34323.65,0.06298705381047465,缺adj,,2026-02-04,32289.81,21,TWSE(FMTQIK),complete
tx29-2026-02-04-call,call,2026-02-04,2026-02-04,2026-02-05,11.0,2026-03-04,TAIEX,32828.88,0.016694740538888198,缺adj,,2026-02-04,32289.81,21,TWSE(FMTQIK),complete
tx29-2026-02-04-call,call,2026-02-04,2026-02-04,2026-02-05,12.0,2026-03-05,TAIEX,33672.94,0.04283487577040557,缺adj,,2026-02-04,32289.81,21,TWSE(FMTQIK),complete
tx29-2026-02-04-call,call,2026-02-04,2026-02-04,2026-02-05,13.0,2026-03-06,TAIEX,33599.54,0.04056171281280374,缺adj,,2026-02-04,32289.81,21,TWSE(FMTQIK),complete
tx29-2026-02-04-call,call,2026-02-04,2026-02-04,2026-02-05,14.0,2026-03-09,TAIEX,32110.42,-0.00555562265618792,缺adj,,2026-02-04,32289.81,21,TWSE(FMTQIK),complete
tx29-2026-02-04-call,call,2026-02-04,2026-02-04,2026-02-05,15.0,2026-03-10,TAIEX,32771.87,0.01492916805642408,缺adj,,2026-02-04,32289.81,21,TWSE(FMTQIK),complete
tx29-2026-02-04-call,call,2026-02-04,2026-02-04,2026-02-05,16.0,2026-03-11,TAIEX,34114.19,0.05650017761021209,缺adj,,2026-02-04,32289.81,21,TWSE(FMTQIK),complete
tx29-2026-02-04-call,call,2026-02-04,2026-02-04,2026-02-05,17.0,2026-03-12,TAIEX,33581.86,0.04001417165353405,缺adj,,2026-02-04,32289.81,21,TWSE(FMTQIK),complete
tx29-2026-02-04-call,call,2026-02-04,2026-02-04,2026-02-05,18.0,2026-03-13,TAIEX,33400.32,0.03439196452379245,缺adj,,2026-02-04,32289.81,21,TWSE(FMTQIK),complete
tx29-2026-02-04-call,call,2026-02-04,2026-02-04,2026-02-05,19.0,2026-03-16,TAIEX,33342.51,0.03260161642326165,缺adj,,2026-02-04,32289.81,21,TWSE(FMTQIK),complete
tx29-2026-02-04-call,call,2026-02-04,2026-02-04,2026-02-05,20.0,2026-03-17,TAIEX,33836.57,0.04790241875068313,缺adj,,2026-02-04,32289.81,21,TWSE(FMTQIK),complete
tx29-2026-02-04-call,call,2026-02-04,2026-02-04,2026-02-05,0.0,2026-02-05,3037,365.5,-0.0579896907216495,缺adj,,2026-02-04,388.0,21,TWSE(FMTQIK),complete
tx29-2026-02-04-call,call,2026-02-04,2026-02-04,2026-02-05,1.0,2026-02-06,3037,340.0,-0.12371134020618557,缺adj,,2026-02-04,388.0,21,TWSE(FMTQIK),complete
tx29-2026-02-04-call,call,2026-02-04,2026-02-04,2026-02-05,2.0,2026-02-09,3037,347.5,-0.10438144329896903,缺adj,,2026-02-04,388.0,21,TWSE(FMTQIK),complete
tx29-2026-02-04-call,call,2026-02-04,2026-02-04,2026-02-05,3.0,2026-02-10,3037,371.5,-0.04252577319587625,缺adj,,2026-02-04,388.0,21,TWSE(FMTQIK),complete
tx29-2026-02-04-call,call,2026-02-04,2026-02-04,2026-02-05,4.0,2026-02-11,3037,369.0,-0.0489690721649485,缺adj,,2026-02-04,388.0,21,TWSE(FMTQIK),complete
tx29-2026-02-04-call,call,2026-02-04,2026-02-04,2026-02-05,5.0,2026-02-23,3037,405.5,0.045103092783505216,缺adj,,2026-02-04,388.0,21,TWSE(FMTQIK),complete
tx29-2026-02-04-call,call,2026-02-04,2026-02-04,2026-02-05,6.0,2026-02-24,3037,446.0,0.14948453608247414,缺adj,,2026-02-04,388.0,21,TWSE(FMTQIK),complete
tx29-2026-02-04-call,call,2026-02-04,2026-02-04,2026-02-05,7.0,2026-02-25,3037,458.5,0.18170103092783507,缺adj,,2026-02-04,388.0,21,TWSE(FMTQIK),complete
tx29-2026-02-04-call,call,2026-02-04,2026-02-04,2026-02-05,8.0,2026-02-26,3037,481.5,0.240979381443299,缺adj,,2026-02-04,388.0,21,TWSE(FMTQIK),complete
tx29-2026-02-04-call,call,2026-02-04,2026-02-04,2026-02-05,9.0,2026-03-02,3037,481.0,0.23969072164948457,缺adj,,2026-02-04,388.0,21,TWSE(FMTQIK),complete
tx29-2026-02-04-call,call,2026-02-04,2026-02-04,2026-02-05,10.0,2026-03-03,3037,463.0,0.19329896907216493,缺adj,,2026-02-04,388.0,21,TWSE(FMTQIK),complete
tx29-2026-02-04-call,call,2026-02-04,2026-02-04,2026-02-05,11.0,2026-03-04,3037,417.0,0.07474226804123707,缺adj,,2026-02-04,388.0,21,TWSE(FMTQIK),complete
tx29-2026-02-04-call,call,2026-02-04,2026-02-04,2026-02-05,12.0,2026-03-05,3037,450.0,0.1597938144329898,缺adj,,2026-02-04,388.0,21,TWSE(FMTQIK),complete
tx29-2026-02-04-call,call,2026-02-04,2026-02-04,2026-02-05,13.0,2026-03-06,3037,432.0,0.11340206185567014,缺adj,,2026-02-04,388.0,21,TWSE(FMTQIK),complete
tx29-2026-02-04-call,call,2026-02-04,2026-02-04,2026-02-05,14.0,2026-03-09,3037,389.0,0.002577319587628857,缺adj,,2026-02-04,388.0,21,TWSE(FMTQIK),complete
tx29-2026-02-04-call,call,2026-02-04,2026-02-04,2026-02-05,15.0,2026-03-10,3037,424.0,0.09278350515463907,缺adj,,2026-02-04,388.0,21,TWSE(FMTQIK),complete
tx29-2026-02-04-call,call,2026-02-04,2026-02-04,2026-02-05,16.0,2026-03-11,3037,466.0,0.2010309278350515,缺adj,,2026-02-04,388.0,21,TWSE(FMTQIK),complete
tx29-2026-02-04-call,call,2026-02-04,2026-02-04,2026-02-05,17.0,2026-03-12,3037,480.0,0.23711340206185572,缺adj,,2026-02-04,388.0,21,TWSE(FMTQIK),complete
tx29-2026-02-04-call,call,2026-02-04,2026-02-04,2026-02-05,18.0,2026-03-13,3037,508.0,0.30927835051546393,缺adj,,2026-02-04,388.0,21,TWSE(FMTQIK),complete
tx29-2026-02-04-call,call,2026-02-04,2026-02-04,2026-02-05,19.0,2026-03-16,3037,549.0,0.4149484536082475,缺adj,,2026-02-04,388.0,21,TWSE(FMTQIK),complete
tx29-2026-02-04-call,call,2026-02-04,2026-02-04,2026-02-05,20.0,2026-03-17,3037,543.0,0.39948453608247414,缺adj,,2026-02-04,388.0,21,TWSE(FMTQIK),complete
tx29-2026-02-04-call,call,2026-02-04,2026-02-04,2026-02-05,0.0,2026-02-05,8046,397.5,-0.030487804878048808,缺adj,,2026-02-04,410.0,21,TWSE(FMTQIK),complete
tx29-2026-02-04-call,call,2026-02-04,2026-02-04,2026-02-05,1.0,2026-02-06,8046,379.0,-0.07560975609756093,缺adj,,2026-02-04,410.0,21,TWSE(FMTQIK),complete
tx29-2026-02-04-call,call,2026-02-04,2026-02-04,2026-02-05,2.0,2026-02-09,8046,416.5,0.01585365853658538,缺adj,,2026-02-04,410.0,21,TWSE(FMTQIK),complete
tx29-2026-02-04-call,call,2026-02-04,2026-02-04,2026-02-05,3.0,2026-02-10,8046,409.5,-0.0012195121951219523,缺adj,,2026-02-04,410.0,21,TWSE(FMTQIK),complete
tx29-2026-02-04-call,call,2026-02-04,2026-02-04,2026-02-05,4.0,2026-02-11,8046,416.0,0.014634146341463428,缺adj,,2026-02-04,410.0,21,TWSE(FMTQIK),complete
tx29-2026-02-04-call,call,2026-02-04,2026-02-04,2026-02-05,5.0,2026-02-23,8046,457.5,0.11585365853658547,缺adj,,2026-02-04,410.0,21,TWSE(FMTQIK),complete
tx29-2026-02-04-call,call,2026-02-04,2026-02-04,2026-02-05,6.0,2026-02-24,8046,503.0,0.2268292682926829,缺adj,,2026-02-04,410.0,21,TWSE(FMTQIK),complete
tx29-2026-02-04-call,call,2026-02-04,2026-02-04,2026-02-05,7.0,2026-02-25,8046,553.0,0.34878048780487814,缺adj,,2026-02-04,410.0,21,TWSE(FMTQIK),complete
tx29-2026-02-04-call,call,2026-02-04,2026-02-04,2026-02-05,8.0,2026-02-26,8046,555.0,0.35365853658536595,缺adj,,2026-02-04,410.0,21,TWSE(FMTQIK),complete
tx29-2026-02-04-call,call,2026-02-04,2026-02-04,2026-02-05,9.0,2026-03-02,8046,541.0,0.3195121951219513,缺adj,,2026-02-04,410.0,21,TWSE(FMTQIK),complete
tx29-2026-02-04-call,call,2026-02-04,2026-02-04,2026-02-05,10.0,2026-03-03,8046,500.0,0.2195121951219512,缺adj,,2026-02-04,410.0,21,TWSE(FMTQIK),complete
tx29-2026-02-04-call,call,2026-02-04,2026-02-04,2026-02-05,11.0,2026-03-04,8046,450.0,0.09756097560975618,缺adj,,2026-02-04,410.0,21,TWSE(FMTQIK),complete
tx29-2026-02-04-call,call,2026-02-04,2026-02-04,2026-02-05,12.0,2026-03-05,8046,461.0,0.12439024390243913,缺adj,,2026-02-04,410.0,21,TWSE(FMTQIK),complete
tx29-2026-02-04-call,call,2026-02-04,2026-02-04,2026-02-05,13.0,2026-03-06,8046,469.5,0.1451219512195121,缺adj,,2026-02-04,410.0,21,TWSE(FMTQIK),complete
tx29-2026-02-04-call,call,2026-02-04,2026-02-04,2026-02-05,14.0,2026-03-09,8046,423.0,0.03170731707317076,缺adj,,2026-02-04,410.0,21,TWSE(FMTQIK),complete
tx29-2026-02-04-call,call,2026-02-04,2026-02-04,2026-02-05,15.0,2026-03-10,8046,428.0,0.04390243902439028,缺adj,,2026-02-04,410.0,21,TWSE(FMTQIK),complete
tx29-2026-02-04-call,call,2026-02-04,2026-02-04,2026-02-05,16.0,2026-03-11,8046,470.5,0.147560975609756,缺adj,,2026-02-04,410.0,21,TWSE(FMTQIK),complete
tx29-2026-02-04-call,call,2026-02-04,2026-02-04,2026-02-05,17.0,2026-03-12,8046,468.5,0.1426829268292682,缺adj,,2026-02-04,410.0,21,TWSE(FMTQIK),complete
tx29-2026-02-04-call,call,2026-02-04,2026-02-04,2026-02-05,18.0,2026-03-13,8046,515.0,0.25609756097560976,缺adj,,2026-02-04,410.0,21,TWSE(FMTQIK),complete
tx29-2026-02-04-call,call,2026-02-04,2026-02-04,2026-02-05,19.0,2026-03-16,8046,566.0,0.3804878048780487,缺adj,,2026-02-04,410.0,21,TWSE(FMTQIK),complete
tx29-2026-02-04-call,call,2026-02-04,2026-02-04,2026-02-05,20.0,2026-03-17,8046,544.0,0.326829268292683,缺adj,,2026-02-04,410.0,21,TWSE(FMTQIK),complete
tx29-2026-02-04-call,call,2026-02-04,2026-02-04,2026-02-05,0.0,2026-02-05,3189,263.5,-0.025878003696857665,缺adj,,2026-02-04,270.5,21,TWSE(FMTQIK),complete
tx29-2026-02-04-call,call,2026-02-04,2026-02-04,2026-02-05,1.0,2026-02-06,3189,242.5,-0.10351201478743066,缺adj,,2026-02-04,270.5,21,TWSE(FMTQIK),complete
tx29-2026-02-04-call,call,2026-02-04,2026-02-04,2026-02-05,2.0,2026-02-09,3189,255.0,-0.05730129390018479,缺adj,,2026-02-04,270.5,21,TWSE(FMTQIK),complete
tx29-2026-02-04-call,call,2026-02-04,2026-02-04,2026-02-05,3.0,2026-02-10,3189,253.5,-0.06284658040665436,缺adj,,2026-02-04,270.5,21,TWSE(FMTQIK),complete
tx29-2026-02-04-call,call,2026-02-04,2026-02-04,2026-02-05,4.0,2026-02-11,3189,265.5,-0.01848428835489835,缺adj,,2026-02-04,270.5,21,TWSE(FMTQIK),complete
tx29-2026-02-04-call,call,2026-02-04,2026-02-04,2026-02-05,5.0,2026-02-23,3189,292.0,0.07948243992606274,缺adj,,2026-02-04,270.5,21,TWSE(FMTQIK),complete
tx29-2026-02-04-call,call,2026-02-04,2026-02-04,2026-02-05,6.0,2026-02-24,3189,321.0,0.18669131238447312,缺adj,,2026-02-04,270.5,21,TWSE(FMTQIK),complete
tx29-2026-02-04-call,call,2026-02-04,2026-02-04,2026-02-05,7.0,2026-02-25,3189,325.5,0.2033271719038816,缺adj,,2026-02-04,270.5,21,TWSE(FMTQIK),complete
tx29-2026-02-04-call,call,2026-02-04,2026-02-04,2026-02-05,8.0,2026-02-26,3189,314.5,0.16266173752310542,缺adj,,2026-02-04,270.5,21,TWSE(FMTQIK),complete
tx29-2026-02-04-call,call,2026-02-04,2026-02-04,2026-02-05,9.0,2026-03-02,3189,304.5,0.12569316081330872,缺adj,,2026-02-04,270.5,21,TWSE(FMTQIK),complete
tx29-2026-02-04-call,call,2026-02-04,2026-02-04,2026-02-05,10.0,2026-03-03,3189,309.0,0.14232902033271722,缺adj,,2026-02-04,270.5,21,TWSE(FMTQIK),complete
tx29-2026-02-04-call,call,2026-02-04,2026-02-04,2026-02-05,11.0,2026-03-04,3189,284.5,0.05175600739371533,缺adj,,2026-02-04,270.5,21,TWSE(FMTQIK),complete
tx29-2026-02-04-call,call,2026-02-04,2026-02-04,2026-02-05,12.0,2026-03-05,3189,297.5,0.09981515711645095,缺adj,,2026-02-04,270.5,21,TWSE(FMTQIK),complete
tx29-2026-02-04-call,call,2026-02-04,2026-02-04,2026-02-05,13.0,2026-03-06,3189,291.5,0.07763401109057311,缺adj,,2026-02-04,270.5,21,TWSE(FMTQIK),complete
tx29-2026-02-04-call,call,2026-02-04,2026-02-04,2026-02-05,14.0,2026-03-09,3189,264.5,-0.02218114602587795,缺adj,,2026-02-04,270.5,21,TWSE(FMTQIK),complete
tx29-2026-02-04-call,call,2026-02-04,2026-02-04,2026-02-05,15.0,2026-03-10,3189,274.0,0.012939001848428777,缺adj,,2026-02-04,270.5,21,TWSE(FMTQIK),complete
tx29-2026-02-04-call,call,2026-02-04,2026-02-04,2026-02-05,16.0,2026-03-11,3189,290.5,0.0739371534195934,缺adj,,2026-02-04,270.5,21,TWSE(FMTQIK),complete
tx29-2026-02-04-call,call,2026-02-04,2026-02-04,2026-02-05,17.0,2026-03-12,3189,289.0,0.06839186691312382,缺adj,,2026-02-04,270.5,21,TWSE(FMTQIK),complete
tx29-2026-02-04-call,call,2026-02-04,2026-02-04,2026-02-05,18.0,2026-03-13,3189,317.5,0.17375231053604434,缺adj,,2026-02-04,270.5,21,TWSE(FMTQIK),complete
tx29-2026-02-04-call,call,2026-02-04,2026-02-04,2026-02-05,19.0,2026-03-16,3189,337.0,0.24584103512014788,缺adj,,2026-02-04,270.5,21,TWSE(FMTQIK),complete
tx29-2026-02-04-call,call,2026-02-04,2026-02-04,2026-02-05,20.0,2026-03-17,3189,341.5,0.26247689463955637,缺adj,,2026-02-04,270.5,21,TWSE(FMTQIK),complete
tx29-2026-02-04-call,call,2026-02-04,2026-02-04,2026-02-05,0.0,2026-02-05,2368,760.0,-0.046424090338770374,缺adj,,2026-02-04,797.0,21,TWSE(FMTQIK),complete
tx29-2026-02-04-call,call,2026-02-04,2026-02-04,2026-02-05,1.0,2026-02-06,2368,745.0,-0.06524466750313673,缺adj,,2026-02-04,797.0,21,TWSE(FMTQIK),complete
tx29-2026-02-04-call,call,2026-02-04,2026-02-04,2026-02-05,2.0,2026-02-09,2368,797.0,0.0,缺adj,,2026-02-04,797.0,21,TWSE(FMTQIK),complete
tx29-2026-02-04-call,call,2026-02-04,2026-02-04,2026-02-05,3.0,2026-02-10,2368,846.0,0.06148055207026348,缺adj,,2026-02-04,797.0,21,TWSE(FMTQIK),complete
tx29-2026-02-04-call,call,2026-02-04,2026-02-04,2026-02-05,4.0,2026-02-11,2368,829.0,0.04015056461731503,缺adj,,2026-02-04,797.0,21,TWSE(FMTQIK),complete
tx29-2026-02-04-call,call,2026-02-04,2026-02-04,2026-02-05,5.0,2026-02-23,2368,818.0,0.026348808030112858,缺adj,,2026-02-04,797.0,21,TWSE(FMTQIK),complete
tx29-2026-02-04-call,call,2026-02-04,2026-02-04,2026-02-05,6.0,2026-02-24,2368,833.0,0.04516938519447922,缺adj,,2026-02-04,797.0,21,TWSE(FMTQIK),complete
tx29-2026-02-04-call,call,2026-02-04,2026-02-04,2026-02-05,7.0,2026-02-25,2368,845.0,0.06022584692597244,缺adj,,2026-02-04,797.0,21,TWSE(FMTQIK),complete
tx29-2026-02-04-call,call,2026-02-04,2026-02-04,2026-02-05,8.0,2026-02-26,2368,826.0,0.03638644918444167,缺adj,,2026-02-04,797.0,21,TWSE(FMTQIK),complete
tx29-2026-02-04-call,call,2026-02-04,2026-02-04,2026-02-05,9.0,2026-03-02,2368,787.0,-0.012547051442910906,缺adj,,2026-02-04,797.0,21,TWSE(FMTQIK),complete
tx29-2026-02-04-call,call,2026-02-04,2026-02-04,2026-02-05,10.0,2026-03-03,2368,766.0,-0.038895859473023875,缺adj,,2026-02-04,797.0,21,TWSE(FMTQIK),complete
tx29-2026-02-04-call,call,2026-02-04,2026-02-04,2026-02-05,11.0,2026-03-04,2368,709.0,-0.11041405269761606,缺adj,,2026-02-04,797.0,21,TWSE(FMTQIK),complete
tx29-2026-02-04-call,call,2026-02-04,2026-02-04,2026-02-05,12.0,2026-03-05,2368,736.0,-0.07653701380175659,缺adj,,2026-02-04,797.0,21,TWSE(FMTQIK),complete
tx29-2026-02-04-call,call,2026-02-04,2026-02-04,2026-02-05,13.0,2026-03-06,2368,792.0,-0.006273525721455453,缺adj,,2026-02-04,797.0,21,TWSE(FMTQIK),complete
tx29-2026-02-04-call,call,2026-02-04,2026-02-04,2026-02-05,14.0,2026-03-09,2368,761.0,-0.04516938519447933,缺adj,,2026-02-04,797.0,21,TWSE(FMTQIK),complete
tx29-2026-02-04-call,call,2026-02-04,2026-02-04,2026-02-05,15.0,2026-03-10,2368,817.0,0.025094102885821812,缺adj,,2026-02-04,797.0,21,TWSE(FMTQIK),complete
tx29-2026-02-04-call,call,2026-02-04,2026-02-04,2026-02-05,16.0,2026-03-11,2368,898.0,0.12672521957340033,缺adj,,2026-02-04,797.0,21,TWSE(FMTQIK),complete
tx29-2026-02-04-call,call,2026-02-04,2026-02-04,2026-02-05,17.0,2026-03-12,2368,911.0,0.14303638644918437,缺adj,,2026-02-04,797.0,21,TWSE(FMTQIK),complete
tx29-2026-02-04-call,call,2026-02-04,2026-02-04,2026-02-05,18.0,2026-03-13,2368,935.0,0.1731493099121706,缺adj,,2026-02-04,797.0,21,TWSE(FMTQIK),complete
tx29-2026-02-04-call,call,2026-02-04,2026-02-04,2026-02-05,19.0,2026-03-16,2368,909.0,0.14052697616060228,缺adj,,2026-02-04,797.0,21,TWSE(FMTQIK),complete
tx29-2026-02-04-call,call,2026-02-04,2026-02-04,2026-02-05,20.0,2026-03-17,2368,917.0,0.1505646173149311,缺adj,,2026-02-04,797.0,21,TWSE(FMTQIK),complete
tx29-2026-02-04-call,call,2026-02-04,2026-02-04,2026-02-05,0.0,2026-02-05,2383,1950.0,-0.044117647058823484,缺adj,,2026-02-04,2040.0,21,TWSE(FMTQIK),complete
tx29-2026-02-04-call,call,2026-02-04,2026-02-04,2026-02-05,1.0,2026-02-06,2383,1925.0,-0.056372549019607865,缺adj,,2026-02-04,2040.0,21,TWSE(FMTQIK),complete
tx29-2026-02-04-call,call,2026-02-04,2026-02-04,2026-02-05,2.0,2026-02-09,2383,2080.0,0.019607843137254832,缺adj,,2026-02-04,2040.0,21,TWSE(FMTQIK),complete
tx29-2026-02-04-call,call,2026-02-04,2026-02-04,2026-02-05,3.0,2026-02-10,2383,2105.0,0.031862745098039325,缺adj,,2026-02-04,2040.0,21,TWSE(FMTQIK),complete
tx29-2026-02-04-call,call,2026-02-04,2026-02-04,2026-02-05,4.0,2026-02-11,2383,2195.0,0.0759803921568627,缺adj,,2026-02-04,2040.0,21,TWSE(FMTQIK),complete
tx29-2026-02-04-call,call,2026-02-04,2026-02-04,2026-02-05,5.0,2026-02-23,2383,2175.0,0.06617647058823528,缺adj,,2026-02-04,2040.0,21,TWSE(FMTQIK),complete
tx29-2026-02-04-call,call,2026-02-04,2026-02-04,2026-02-05,6.0,2026-02-24,2383,2310.0,0.13235294117647056,缺adj,,2026-02-04,2040.0,21,TWSE(FMTQIK),complete
tx29-2026-02-04-call,call,2026-02-04,2026-02-04,2026-02-05,7.0,2026-02-25,2383,2420.0,0.18627450980392157,缺adj,,2026-02-04,2040.0,21,TWSE(FMTQIK),complete
tx29-2026-02-04-call,call,2026-02-04,2026-02-04,2026-02-05,8.0,2026-02-26,2383,2440.0,0.196078431372549,缺adj,,2026-02-04,2040.0,21,TWSE(FMTQIK),complete
tx29-2026-02-04-call,call,2026-02-04,2026-02-04,2026-02-05,9.0,2026-03-02,2383,2380.0,0.16666666666666674,缺adj,,2026-02-04,2040.0,21,TWSE(FMTQIK),complete
tx29-2026-02-04-call,call,2026-02-04,2026-02-04,2026-02-05,10.0,2026-03-03,2383,2320.0,0.13725490196078427,缺adj,,2026-02-04,2040.0,21,TWSE(FMTQIK),complete
tx29-2026-02-04-call,call,2026-02-04,2026-02-04,2026-02-05,11.0,2026-03-04,2383,2190.0,0.07352941176470584,缺adj,,2026-02-04,2040.0,21,TWSE(FMTQIK),complete
tx29-2026-02-04-call,call,2026-02-04,2026-02-04,2026-02-05,12.0,2026-03-05,2383,2365.0,0.15931372549019618,缺adj,,2026-02-04,2040.0,21,TWSE(FMTQIK),complete
tx29-2026-02-04-call,call,2026-02-04,2026-02-04,2026-02-05,13.0,2026-03-06,2383,2360.0,0.15686274509803932,缺adj,,2026-02-04,2040.0,21,TWSE(FMTQIK),complete
tx29-2026-02-04-call,call,2026-02-04,2026-02-04,2026-02-05,14.0,2026-03-09,2383,2175.0,0.06617647058823528,缺adj,,2026-02-04,2040.0,21,TWSE(FMTQIK),complete
tx29-2026-02-04-call,call,2026-02-04,2026-02-04,2026-02-05,15.0,2026-03-10,2383,2375.0,0.1642156862745099,缺adj,,2026-02-04,2040.0,21,TWSE(FMTQIK),complete
tx29-2026-02-04-call,call,2026-02-04,2026-02-04,2026-02-05,16.0,2026-03-11,2383,2450.0,0.2009803921568627,缺adj,,2026-02-04,2040.0,21,TWSE(FMTQIK),complete
tx29-2026-02-04-call,call,2026-02-04,2026-02-04,2026-02-05,17.0,2026-03-12,2383,2600.0,0.27450980392156854,缺adj,,2026-02-04,2040.0,21,TWSE(FMTQIK),complete
tx29-2026-02-04-call,call,2026-02-04,2026-02-04,2026-02-05,18.0,2026-03-13,2383,2705.0,0.3259803921568627,缺adj,,2026-02-04,2040.0,21,TWSE(FMTQIK),complete
tx29-2026-02-04-call,call,2026-02-04,2026-02-04,2026-02-05,19.0,2026-03-16,2383,2585.0,0.267156862745098,缺adj,,2026-02-04,2040.0,21,TWSE(FMTQIK),complete
tx29-2026-02-04-call,call,2026-02-04,2026-02-04,2026-02-05,20.0,2026-03-17,2383,2700.0,0.32352941176470584,缺adj,,2026-02-04,2040.0,21,TWSE(FMTQIK),complete
tx29-2026-02-04-call,call,2026-02-04,2026-02-04,2026-02-05,0.0,2026-02-05,6213,116.5,-0.012711864406779627,缺adj,,2026-02-04,118.0,21,TWSE(FMTQIK),complete
tx29-2026-02-04-call,call,2026-02-04,2026-02-04,2026-02-05,1.0,2026-02-06,6213,115.0,-0.025423728813559365,缺adj,,2026-02-04,118.0,21,TWSE(FMTQIK),complete
tx29-2026-02-04-call,call,2026-02-04,2026-02-04,2026-02-05,2.0,2026-02-09,6213,118.0,0.0,缺adj,,2026-02-04,118.0,21,TWSE(FMTQIK),complete
tx29-2026-02-04-call,call,2026-02-04,2026-02-04,2026-02-05,3.0,2026-02-10,6213,118.5,0.004237288135593209,缺adj,,2026-02-04,118.0,21,TWSE(FMTQIK),complete
tx29-2026-02-04-call,call,2026-02-04,2026-02-04,2026-02-05,4.0,2026-02-11,6213,121.0,0.025423728813559254,缺adj,,2026-02-04,118.0,21,TWSE(FMTQIK),complete
tx29-2026-02-04-call,call,2026-02-04,2026-02-04,2026-02-05,5.0,2026-02-23,6213,121.5,0.029661016949152463,缺adj,,2026-02-04,118.0,21,TWSE(FMTQIK),complete
tx29-2026-02-04-call,call,2026-02-04,2026-02-04,2026-02-05,6.0,2026-02-24,6213,133.5,0.13135593220338992,缺adj,,2026-02-04,118.0,21,TWSE(FMTQIK),complete
tx29-2026-02-04-call,call,2026-02-04,2026-02-04,2026-02-05,7.0,2026-02-25,6213,146.5,0.24152542372881358,缺adj,,2026-02-04,118.0,21,TWSE(FMTQIK),complete
tx29-2026-02-04-call,call,2026-02-04,2026-02-04,2026-02-05,8.0,2026-02-26,6213,141.5,0.19915254237288127,缺adj,,2026-02-04,118.0,21,TWSE(FMTQIK),complete
tx29-2026-02-04-call,call,2026-02-04,2026-02-04,2026-02-05,9.0,2026-03-02,6213,132.0,0.11864406779661008,缺adj,,2026-02-04,118.0,21,TWSE(FMTQIK),complete
tx29-2026-02-04-call,call,2026-02-04,2026-02-04,2026-02-05,10.0,2026-03-03,6213,134.0,0.13559322033898313,缺adj,,2026-02-04,118.0,21,TWSE(FMTQIK),complete
tx29-2026-02-04-call,call,2026-02-04,2026-02-04,2026-02-05,11.0,2026-03-04,6213,121.5,0.029661016949152463,缺adj,,2026-02-04,118.0,21,TWSE(FMTQIK),complete
tx29-2026-02-04-call,call,2026-02-04,2026-02-04,2026-02-05,12.0,2026-03-05,6213,128.0,0.0847457627118644,缺adj,,2026-02-04,118.0,21,TWSE(FMTQIK),complete
tx29-2026-02-04-call,call,2026-02-04,2026-02-04,2026-02-05,13.0,2026-03-06,6213,127.5,0.0805084745762712,缺adj,,2026-02-04,118.0,21,TWSE(FMTQIK),complete
tx29-2026-02-04-call,call,2026-02-04,2026-02-04,2026-02-05,14.0,2026-03-09,6213,115.0,-0.025423728813559365,缺adj,,2026-02-04,118.0,21,TWSE(FMTQIK),complete
tx29-2026-02-04-call,call,2026-02-04,2026-02-04,2026-02-05,15.0,2026-03-10,6213,126.5,0.07203389830508478,缺adj,,2026-02-04,118.0,21,TWSE(FMTQIK),complete
tx29-2026-02-04-call,call,2026-02-04,2026-02-04,2026-02-05,16.0,2026-03-11,6213,133.5,0.13135593220338992,缺adj,,2026-02-04,118.0,21,TWSE(FMTQIK),complete
tx29-2026-02-04-call,call,2026-02-04,2026-02-04,2026-02-05,17.0,2026-03-12,6213,132.5,0.12288135593220328,缺adj,,2026-02-04,118.0,21,TWSE(FMTQIK),complete
tx29-2026-02-04-call,call,2026-02-04,2026-02-04,2026-02-05,18.0,2026-03-13,6213,137.5,0.1652542372881356,缺adj,,2026-02-04,118.0,21,TWSE(FMTQIK),complete
tx29-2026-02-04-call,call,2026-02-04,2026-02-04,2026-02-05,19.0,2026-03-16,6213,140.0,0.18644067796610164,缺adj,,2026-02-04,118.0,21,TWSE(FMTQIK),complete
tx29-2026-02-04-call,call,2026-02-04,2026-02-04,2026-02-05,20.0,2026-03-17,6213,154.0,0.30508474576271194,缺adj,,2026-02-04,118.0,21,TWSE(FMTQIK),complete
tx29-2026-02-04-call,call,2026-02-04,2026-02-04,2026-02-05,0.0,2026-02-05,6274,520.0,-0.03165735567970207,缺adj,,2026-02-04,537.0,21,TWSE(FMTQIK),complete
tx29-2026-02-04-call,call,2026-02-04,2026-02-04,2026-02-05,1.0,2026-02-06,6274,519.0,-0.03351955307262566,缺adj,,2026-02-04,537.0,21,TWSE(FMTQIK),complete
tx29-2026-02-04-call,call,2026-02-04,2026-02-04,2026-02-05,2.0,2026-02-09,6274,528.0,-0.016759776536312887,缺adj,,2026-02-04,537.0,21,TWSE(FMTQIK),complete
tx29-2026-02-04-call,call,2026-02-04,2026-02-04,2026-02-05,3.0,2026-02-10,6274,532.0,-0.009310986964618295,缺adj,,2026-02-04,537.0,21,TWSE(FMTQIK),complete
tx29-2026-02-04-call,call,2026-02-04,2026-02-04,2026-02-05,4.0,2026-02-11,6274,532.0,-0.009310986964618295,缺adj,,2026-02-04,537.0,21,TWSE(FMTQIK),complete
tx29-2026-02-04-call,call,2026-02-04,2026-02-04,2026-02-05,5.0,2026-02-23,6274,539.0,0.003724394785847407,缺adj,,2026-02-04,537.0,21,TWSE(FMTQIK),complete
tx29-2026-02-04-call,call,2026-02-04,2026-02-04,2026-02-05,6.0,2026-02-24,6274,562.0,0.04655493482309114,缺adj,,2026-02-04,537.0,21,TWSE(FMTQIK),complete
tx29-2026-02-04-call,call,2026-02-04,2026-02-04,2026-02-05,7.0,2026-02-25,6274,577.0,0.07448789571694592,缺adj,,2026-02-04,537.0,21,TWSE(FMTQIK),complete
tx29-2026-02-04-call,call,2026-02-04,2026-02-04,2026-02-05,8.0,2026-02-26,6274,545.0,0.014897579143389184,缺adj,,2026-02-04,537.0,21,TWSE(FMTQIK),complete
tx29-2026-02-04-call,call,2026-02-04,2026-02-04,2026-02-05,9.0,2026-03-02,6274,540.0,0.005586592178770999,缺adj,,2026-02-04,537.0,21,TWSE(FMTQIK),complete
tx29-2026-02-04-call,call,2026-02-04,2026-02-04,2026-02-05,10.0,2026-03-03,6274,538.0,0.0018621973929235924,缺adj,,2026-02-04,537.0,21,TWSE(FMTQIK),complete
tx29-2026-02-04-call,call,2026-02-04,2026-02-04,2026-02-05,11.0,2026-03-04,6274,490.5,-0.08659217877094971,缺adj,,2026-02-04,537.0,21,TWSE(FMTQIK),complete
tx29-2026-02-04-call,call,2026-02-04,2026-02-04,2026-02-05,12.0,2026-03-05,6274,506.0,-0.05772811918063314,缺adj,,2026-02-04,537.0,21,TWSE(FMTQIK),complete
tx29-2026-02-04-call,call,2026-02-04,2026-02-04,2026-02-05,13.0,2026-03-06,6274,504.0,-0.06145251396648044,缺adj,,2026-02-04,537.0,21,TWSE(FMTQIK),complete
tx29-2026-02-04-call,call,2026-02-04,2026-02-04,2026-02-05,14.0,2026-03-09,6274,454.0,-0.15456238361266295,缺adj,,2026-02-04,537.0,21,TWSE(FMTQIK),complete
tx29-2026-02-04-call,call,2026-02-04,2026-02-04,2026-02-05,15.0,2026-03-10,6274,467.0,-0.13035381750465547,缺adj,,2026-02-04,537.0,21,TWSE(FMTQIK),complete
tx29-2026-02-04-call,call,2026-02-04,2026-02-04,2026-02-05,16.0,2026-03-11,6274,488.5,-0.09031657355679701,缺adj,,2026-02-04,537.0,21,TWSE(FMTQIK),complete
tx29-2026-02-04-call,call,2026-02-04,2026-02-04,2026-02-05,17.0,2026-03-12,6274,452.5,-0.15735567970204845,缺adj,,2026-02-04,537.0,21,TWSE(FMTQIK),complete
tx29-2026-02-04-call,call,2026-02-04,2026-02-04,2026-02-05,18.0,2026-03-13,6274,497.5,-0.07355679702048412,缺adj,,2026-02-04,537.0,21,TWSE(FMTQIK),complete
tx29-2026-02-04-call,call,2026-02-04,2026-02-04,2026-02-05,19.0,2026-03-16,6274,503.0,-0.06331471135940414,缺adj,,2026-02-04,537.0,21,TWSE(FMTQIK),complete
tx29-2026-02-04-call,call,2026-02-04,2026-02-04,2026-02-05,20.0,2026-03-17,6274,505.0,-0.059590316573556845,缺adj,,2026-02-04,537.0,21,TWSE(FMTQIK),complete
tx29-2026-02-04-call,call,2026-02-04,2026-02-04,2026-02-05,0.0,2026-02-05,2408,275.0,-0.06779661016949157,缺adj,,2026-02-04,295.0,21,TWSE(FMTQIK),complete
tx29-2026-02-04-call,call,2026-02-04,2026-02-04,2026-02-05,1.0,2026-02-06,2408,264.0,-0.10508474576271187,缺adj,,2026-02-04,295.0,21,TWSE(FMTQIK),complete
tx29-2026-02-04-call,call,2026-02-04,2026-02-04,2026-02-05,2.0,2026-02-09,2408,274.5,-0.06949152542372883,缺adj,,2026-02-04,295.0,21,TWSE(FMTQIK),complete
tx29-2026-02-04-call,call,2026-02-04,2026-02-04,2026-02-05,3.0,2026-02-10,2408,271.0,-0.08135593220338988,缺adj,,2026-02-04,295.0,21,TWSE(FMTQIK),complete
tx29-2026-02-04-call,call,2026-02-04,2026-02-04,2026-02-05,4.0,2026-02-11,2408,278.0,-0.057627118644067776,缺adj,,2026-02-04,295.0,21,TWSE(FMTQIK),complete
tx29-2026-02-04-call,call,2026-02-04,2026-02-04,2026-02-05,5.0,2026-02-23,2408,289.0,-0.02033898305084747,缺adj,,2026-02-04,295.0,21,TWSE(FMTQIK),complete
tx29-2026-02-04-call,call,2026-02-04,2026-02-04,2026-02-05,6.0,2026-02-24,2408,298.0,0.01016949152542379,缺adj,,2026-02-04,295.0,21,TWSE(FMTQIK),complete
tx29-2026-02-04-call,call,2026-02-04,2026-02-04,2026-02-05,7.0,2026-02-25,2408,288.0,-0.023728813559321993,缺adj,,2026-02-04,295.0,21,TWSE(FMTQIK),complete
tx29-2026-02-04-call,call,2026-02-04,2026-02-04,2026-02-05,8.0,2026-02-26,2408,285.5,-0.03220338983050852,缺adj,,2026-02-04,295.0,21,TWSE(FMTQIK),complete
tx29-2026-02-04-call,call,2026-02-04,2026-02-04,2026-02-05,9.0,2026-03-02,2408,285.0,-0.03389830508474578,缺adj,,2026-02-04,295.0,21,TWSE(FMTQIK),complete
tx29-2026-02-04-call,call,2026-02-04,2026-02-04,2026-02-05,10.0,2026-03-03,2408,256.5,-0.13050847457627124,缺adj,,2026-02-04,295.0,21,TWSE(FMTQIK),complete
tx29-2026-02-04-call,call,2026-02-04,2026-02-04,2026-02-05,11.0,2026-03-04,2408,234.5,-0.20508474576271185,缺adj,,2026-02-04,295.0,21,TWSE(FMTQIK),complete
tx29-2026-02-04-call,call,2026-02-04,2026-02-04,2026-02-05,12.0,2026-03-05,2408,257.5,-0.1271186440677966,缺adj,,2026-02-04,295.0,21,TWSE(FMTQIK),complete
tx29-2026-02-04-call,call,2026-02-04,2026-02-04,2026-02-05,13.0,2026-03-06,2408,233.0,-0.21016949152542375,缺adj,,2026-02-04,295.0,21,TWSE(FMTQIK),complete
tx29-2026-02-04-call,call,2026-02-04,2026-02-04,2026-02-05,14.0,2026-03-09,2408,210.0,-0.288135593220339,缺adj,,2026-02-04,295.0,21,TWSE(FMTQIK),complete
tx29-2026-02-04-call,call,2026-02-04,2026-02-04,2026-02-05,15.0,2026-03-10,2408,231.0,-0.2169491525423729,缺adj,,2026-02-04,295.0,21,TWSE(FMTQIK),complete
tx29-2026-02-04-call,call,2026-02-04,2026-02-04,2026-02-05,16.0,2026-03-11,2408,254.0,-0.13898305084745766,缺adj,,2026-02-04,295.0,21,TWSE(FMTQIK),complete
tx29-2026-02-04-call,call,2026-02-04,2026-02-04,2026-02-05,17.0,2026-03-12,2408,239.5,-0.18813559322033901,缺adj,,2026-02-04,295.0,21,TWSE(FMTQIK),complete
tx29-2026-02-04-call,call,2026-02-04,2026-02-04,2026-02-05,18.0,2026-03-13,2408,238.0,-0.1932203389830508,缺adj,,2026-02-04,295.0,21,TWSE(FMTQIK),complete
tx29-2026-02-04-call,call,2026-02-04,2026-02-04,2026-02-05,19.0,2026-03-16,2408,261.5,-0.11355932203389829,缺adj,,2026-02-04,295.0,21,TWSE(FMTQIK),complete
tx29-2026-02-04-call,call,2026-02-04,2026-02-04,2026-02-05,20.0,2026-03-17,2408,271.5,-0.07966101694915251,缺adj,,2026-02-04,295.0,21,TWSE(FMTQIK),complete
tx29-2026-02-04-call,call,2026-02-04,2026-02-04,2026-02-05,0.0,2026-02-05,2344,102.5,-0.055299539170506895,缺adj,,2026-02-04,108.5,21,TWSE(FMTQIK),complete
tx29-2026-02-04-call,call,2026-02-04,2026-02-04,2026-02-05,1.0,2026-02-06,2344,97.8,-0.09861751152073739,缺adj,,2026-02-04,108.5,21,TWSE(FMTQIK),complete
tx29-2026-02-04-call,call,2026-02-04,2026-02-04,2026-02-05,2.0,2026-02-09,2344,107.5,-0.009216589861751112,缺adj,,2026-02-04,108.5,21,TWSE(FMTQIK),complete
tx29-2026-02-04-call,call,2026-02-04,2026-02-04,2026-02-05,3.0,2026-02-10,2344,103.5,-0.04608294930875578,缺adj,,2026-02-04,108.5,21,TWSE(FMTQIK),complete
tx29-2026-02-04-call,call,2026-02-04,2026-02-04,2026-02-05,4.0,2026-02-11,2344,105.5,-0.027649769585253448,缺adj,,2026-02-04,108.5,21,TWSE(FMTQIK),complete
tx29-2026-02-04-call,call,2026-02-04,2026-02-04,2026-02-05,5.0,2026-02-23,2344,115.0,0.05990783410138256,缺adj,,2026-02-04,108.5,21,TWSE(FMTQIK),complete
tx29-2026-02-04-call,call,2026-02-04,2026-02-04,2026-02-05,6.0,2026-02-24,2344,122.0,0.12442396313364057,缺adj,,2026-02-04,108.5,21,TWSE(FMTQIK),complete
tx29-2026-02-04-call,call,2026-02-04,2026-02-04,2026-02-05,7.0,2026-02-25,2344,118.0,0.0875576036866359,缺adj,,2026-02-04,108.5,21,TWSE(FMTQIK),complete
tx29-2026-02-04-call,call,2026-02-04,2026-02-04,2026-02-05,8.0,2026-02-26,2344,122.5,0.12903225806451624,缺adj,,2026-02-04,108.5,21,TWSE(FMTQIK),complete
tx29-2026-02-04-call,call,2026-02-04,2026-02-04,2026-02-05,9.0,2026-03-02,2344,124.5,0.14746543778801846,缺adj,,2026-02-04,108.5,21,TWSE(FMTQIK),complete
tx29-2026-02-04-call,call,2026-02-04,2026-02-04,2026-02-05,10.0,2026-03-03,2344,112.5,0.03686635944700467,缺adj,,2026-02-04,108.5,21,TWSE(FMTQIK),complete
tx29-2026-02-04-call,call,2026-02-04,2026-02-04,2026-02-05,11.0,2026-03-04,2344,104.0,-0.04147465437788023,缺adj,,2026-02-04,108.5,21,TWSE(FMTQIK),complete
tx29-2026-02-04-call,call,2026-02-04,2026-02-04,2026-02-05,12.0,2026-03-05,2344,112.0,0.032258064516129004,缺adj,,2026-02-04,108.5,21,TWSE(FMTQIK),complete
tx29-2026-02-04-call,call,2026-02-04,2026-02-04,2026-02-05,13.0,2026-03-06,2344,106.5,-0.018433179723502335,缺adj,,2026-02-04,108.5,21,TWSE(FMTQIK),complete
tx29-2026-02-04-call,call,2026-02-04,2026-02-04,2026-02-05,14.0,2026-03-09,2344,101.0,-0.06912442396313367,缺adj,,2026-02-04,108.5,21,TWSE(FMTQIK),complete
tx29-2026-02-04-call,call,2026-02-04,2026-02-04,2026-02-05,15.0,2026-03-10,2344,105.5,-0.027649769585253448,缺adj,,2026-02-04,108.5,21,TWSE(FMTQIK),complete
tx29-2026-02-04-call,call,2026-02-04,2026-02-04,2026-02-05,16.0,2026-03-11,2344,114.0,0.05069124423963123,缺adj,,2026-02-04,108.5,21,TWSE(FMTQIK),complete
tx29-2026-02-04-call,call,2026-02-04,2026-02-04,2026-02-05,17.0,2026-03-12,2344,109.0,0.004608294930875667,缺adj,,2026-02-04,108.5,21,TWSE(FMTQIK),complete
tx29-2026-02-04-call,call,2026-02-04,2026-02-04,2026-02-05,18.0,2026-03-13,2344,109.0,0.004608294930875667,缺adj,,2026-02-04,108.5,21,TWSE(FMTQIK),complete
tx29-2026-02-04-call,call,2026-02-04,2026-02-04,2026-02-05,19.0,2026-03-16,2344,117.0,0.07834101382488479,缺adj,,2026-02-04,108.5,21,TWSE(FMTQIK),complete
tx29-2026-02-04-call,call,2026-02-04,2026-02-04,2026-02-05,20.0,2026-03-17,2344,123.5,0.13824884792626735,缺adj,,2026-02-04,108.5,21,TWSE(FMTQIK),complete
tx29-2026-02-04-call,call,2026-02-04,2026-02-04,2026-02-05,0.0,2026-02-05,6770,62.8,-0.04268292682926822,缺adj,,2026-02-04,65.6,21,TWSE(FMTQIK),complete
tx29-2026-02-04-call,call,2026-02-04,2026-02-04,2026-02-05,1.0,2026-02-06,6770,63.5,-0.03201219512195108,缺adj,,2026-02-04,65.6,21,TWSE(FMTQIK),complete
tx29-2026-02-04-call,call,2026-02-04,2026-02-04,2026-02-05,2.0,2026-02-09,6770,63.8,-0.027439024390243816,缺adj,,2026-02-04,65.6,21,TWSE(FMTQIK),complete
tx29-2026-02-04-call,call,2026-02-04,2026-02-04,2026-02-05,3.0,2026-02-10,6770,64.3,-0.01981707317073167,缺adj,,2026-02-04,65.6,21,TWSE(FMTQIK),complete
tx29-2026-02-04-call,call,2026-02-04,2026-02-04,2026-02-05,4.0,2026-02-11,6770,63.1,-0.03810975609756084,缺adj,,2026-02-04,65.6,21,TWSE(FMTQIK),complete
tx29-2026-02-04-call,call,2026-02-04,2026-02-04,2026-02-05,5.0,2026-02-23,6770,67.0,0.021341463414634276,缺adj,,2026-02-04,65.6,21,TWSE(FMTQIK),complete
tx29-2026-02-04-call,call,2026-02-04,2026-02-04,2026-02-05,6.0,2026-02-24,6770,73.7,0.12347560975609762,缺adj,,2026-02-04,65.6,21,TWSE(FMTQIK),complete
tx29-2026-02-04-call,call,2026-02-04,2026-02-04,2026-02-05,7.0,2026-02-25,6770,76.8,0.17073170731707332,缺adj,,2026-02-04,65.6,21,TWSE(FMTQIK),complete
tx29-2026-02-04-call,call,2026-02-04,2026-02-04,2026-02-05,8.0,2026-02-26,6770,76.7,0.16920731707317094,缺adj,,2026-02-04,65.6,21,TWSE(FMTQIK),complete
tx29-2026-02-04-call,call,2026-02-04,2026-02-04,2026-02-05,9.0,2026-03-02,6770,74.8,0.14024390243902451,缺adj,,2026-02-04,65.6,21,TWSE(FMTQIK),complete
tx29-2026-02-04-call,call,2026-02-04,2026-02-04,2026-02-05,10.0,2026-03-03,6770,68.2,0.03963414634146356,缺adj,,2026-02-04,65.6,21,TWSE(FMTQIK),complete
tx29-2026-02-04-call,call,2026-02-04,2026-02-04,2026-02-05,11.0,2026-03-04,6770,61.4,-0.06402439024390238,缺adj,,2026-02-04,65.6,21,TWSE(FMTQIK),complete
tx29-2026-02-04-call,call,2026-02-04,2026-02-04,2026-02-05,12.0,2026-03-05,6770,64.4,-0.018292682926829062,缺adj,,2026-02-04,65.6,21,TWSE(FMTQIK),complete
tx29-2026-02-04-call,call,2026-02-04,2026-02-04,2026-02-05,13.0,2026-03-06,6770,64.3,-0.01981707317073167,缺adj,,2026-02-04,65.6,21,TWSE(FMTQIK),complete
tx29-2026-02-04-call,call,2026-02-04,2026-02-04,2026-02-05,14.0,2026-03-09,6770,59.4,-0.09451219512195119,缺adj,,2026-02-04,65.6,21,TWSE(FMTQIK),complete
tx29-2026-02-04-call,call,2026-02-04,2026-02-04,2026-02-05,15.0,2026-03-10,6770,62.2,-0.05182926829268275,缺adj,,2026-02-04,65.6,21,TWSE(FMTQIK),complete
tx29-2026-02-04-call,call,2026-02-04,2026-02-04,2026-02-05,16.0,2026-03-11,6770,66.3,0.010670731707317138,缺adj,,2026-02-04,65.6,21,TWSE(FMTQIK),complete
tx29-2026-02-04-call,call,2026-02-04,2026-02-04,2026-02-05,17.0,2026-03-12,6770,63.1,-0.03810975609756084,缺adj,,2026-02-04,65.6,21,TWSE(FMTQIK),complete
tx29-2026-02-04-call,call,2026-02-04,2026-02-04,2026-02-05,18.0,2026-03-13,6770,64.3,-0.01981707317073167,缺adj,,2026-02-04,65.6,21,TWSE(FMTQIK),complete
tx29-2026-02-04-call,call,2026-02-04,2026-02-04,2026-02-05,19.0,2026-03-16,6770,65.2,-0.0060975609756096505,缺adj,,2026-02-04,65.6,21,TWSE(FMTQIK),complete
tx29-2026-02-04-call,call,2026-02-04,2026-02-04,2026-02-05,20.0,2026-03-17,6770,71.7,0.09298780487804881,缺adj,,2026-02-04,65.6,21,TWSE(FMTQIK),complete
tx29-2026-02-04-call,call,2026-02-04,2026-02-04,2026-02-05,0.0,2026-02-05,3711,284.0,-0.06115702479338847,缺adj,,2026-02-04,302.5,21,TWSE(FMTQIK),complete
tx29-2026-02-04-call,call,2026-02-04,2026-02-04,2026-02-05,1.0,2026-02-06,3711,304.5,0.006611570247933907,缺adj,,2026-02-04,302.5,21,TWSE(FMTQIK),complete
tx29-2026-02-04-call,call,2026-02-04,2026-02-04,2026-02-05,2.0,2026-02-09,3711,327.0,0.08099173553719008,缺adj,,2026-02-04,302.5,21,TWSE(FMTQIK),complete
tx29-2026-02-04-call,call,2026-02-04,2026-02-04,2026-02-05,3.0,2026-02-10,3711,344.0,0.13719008264462818,缺adj,,2026-02-04,302.5,21,TWSE(FMTQIK),complete
tx29-2026-02-04-call,call,2026-02-04,2026-02-04,2026-02-05,4.0,2026-02-11,3711,354.5,0.1719008264462809,缺adj,,2026-02-04,302.5,21,TWSE(FMTQIK),complete
tx29-2026-02-04-call,call,2026-02-04,2026-02-04,2026-02-05,5.0,2026-02-23,3711,349.0,0.15371900826446283,缺adj,,2026-02-04,302.5,21,TWSE(FMTQIK),complete
tx29-2026-02-04-call,call,2026-02-04,2026-02-04,2026-02-05,6.0,2026-02-24,3711,381.5,0.26115702479338854,缺adj,,2026-02-04,302.5,21,TWSE(FMTQIK),complete
tx29-2026-02-04-call,call,2026-02-04,2026-02-04,2026-02-05,7.0,2026-02-25,3711,389.0,0.2859504132231405,缺adj,,2026-02-04,302.5,21,TWSE(FMTQIK),complete
tx29-2026-02-04-call,call,2026-02-04,2026-02-04,2026-02-05,8.0,2026-02-26,3711,387.5,0.28099173553719003,缺adj,,2026-02-04,302.5,21,TWSE(FMTQIK),complete
tx29-2026-02-04-call,call,2026-02-04,2026-02-04,2026-02-05,9.0,2026-03-02,3711,370.5,0.22479338842975216,缺adj,,2026-02-04,302.5,21,TWSE(FMTQIK),complete
tx29-2026-02-04-call,call,2026-02-04,2026-02-04,2026-02-05,10.0,2026-03-03,3711,359.5,0.18842975206611579,缺adj,,2026-02-04,302.5,21,TWSE(FMTQIK),complete
tx29-2026-02-04-call,call,2026-02-04,2026-02-04,2026-02-05,11.0,2026-03-04,3711,327.5,0.0826446280991735,缺adj,,2026-02-04,302.5,21,TWSE(FMTQIK),complete
tx29-2026-02-04-call,call,2026-02-04,2026-02-04,2026-02-05,12.0,2026-03-05,3711,353.5,0.16859504132231407,缺adj,,2026-02-04,302.5,21,TWSE(FMTQIK),complete
tx29-2026-02-04-call,call,2026-02-04,2026-02-04,2026-02-05,13.0,2026-03-06,3711,342.0,0.13057851239669427,缺adj,,2026-02-04,302.5,21,TWSE(FMTQIK),complete
tx29-2026-02-04-call,call,2026-02-04,2026-02-04,2026-02-05,14.0,2026-03-09,3711,320.0,0.05785123966942152,缺adj,,2026-02-04,302.5,21,TWSE(FMTQIK),complete
tx29-2026-02-04-call,call,2026-02-04,2026-02-04,2026-02-05,15.0,2026-03-10,3711,335.5,0.10909090909090913,缺adj,,2026-02-04,302.5,21,TWSE(FMTQIK),complete
tx29-2026-02-04-call,call,2026-02-04,2026-02-04,2026-02-05,16.0,2026-03-11,3711,345.5,0.14214876033057844,缺adj,,2026-02-04,302.5,21,TWSE(FMTQIK),complete
tx29-2026-02-04-call,call,2026-02-04,2026-02-04,2026-02-05,17.0,2026-03-12,3711,335.0,0.1074380165289257,缺adj,,2026-02-04,302.5,21,TWSE(FMTQIK),complete
tx29-2026-02-04-call,call,2026-02-04,2026-02-04,2026-02-05,18.0,2026-03-13,3711,341.5,0.12892561983471085,缺adj,,2026-02-04,302.5,21,TWSE(FMTQIK),complete
tx29-2026-02-04-call,call,2026-02-04,2026-02-04,2026-02-05,19.0,2026-03-16,3711,337.5,0.11570247933884303,缺adj,,2026-02-04,302.5,21,TWSE(FMTQIK),complete
tx29-2026-02-04-call,call,2026-02-04,2026-02-04,2026-02-05,20.0,2026-03-17,3711,342.0,0.13057851239669427,缺adj,,2026-02-04,302.5,21,TWSE(FMTQIK),complete
tx29-2026-02-04-call,call,2026-02-04,2026-02-04,2026-02-05,0.0,2026-02-05,EW_TW,,-0.04329114161302606,n=11/11;缺adj,11.0,2026-02-04,,21,TWSE(FMTQIK),complete
tx29-2026-02-04-call,call,2026-02-04,2026-02-04,2026-02-05,1.0,2026-02-06,EW_TW,,-0.06477240833250665,n=11/11;缺adj,11.0,2026-02-04,,21,TWSE(FMTQIK),complete
tx29-2026-02-04-call,call,2026-02-04,2026-02-04,2026-02-05,2.0,2026-02-09,EW_TW,,-0.015285128745469107,n=11/11;缺adj,11.0,2026-02-04,,21,TWSE(FMTQIK),complete
tx29-2026-02-04-call,call,2026-02-04,2026-02-04,2026-02-05,3.0,2026-02-10,EW_TW,,-0.0025807399542385452,n=11/11;缺adj,11.0,2026-02-04,,21,TWSE(FMTQIK),complete
tx29-2026-02-04-call,call,2026-02-04,2026-02-04,2026-02-05,4.0,2026-02-11,EW_TW,,0.011630787869466737,n=11/11;缺adj,11.0,2026-02-04,,21,TWSE(FMTQIK),complete
tx29-2026-02-04-call,call,2026-02-04,2026-02-04,2026-02-05,5.0,2026-02-23,EW_TW,,0.05281629130264851,n=11/11;缺adj,11.0,2026-02-04,,21,TWSE(FMTQIK),complete
tx29-2026-02-04-call,call,2026-02-04,2026-02-04,2026-02-05,6.0,2026-02-24,EW_TW,,0.13069676357869195,n=11/11;缺adj,11.0,2026-02-04,,21,TWSE(FMTQIK),complete
tx29-2026-02-04-call,call,2026-02-04,2026-02-04,2026-02-05,7.0,2026-02-25,EW_TW,,0.16516666158907053,n=11/11;缺adj,11.0,2026-02-04,,21,TWSE(FMTQIK),complete
tx29-2026-02-04-call,call,2026-02-04,2026-02-04,2026-02-05,8.0,2026-02-26,EW_TW,,0.15916750713358183,n=11/11;缺adj,11.0,2026-02-04,,21,TWSE(FMTQIK),complete
tx29-2026-02-04-call,call,2026-02-04,2026-02-04,2026-02-05,9.0,2026-03-02,EW_TW,,0.1310773433050846,n=11/11;缺adj,11.0,2026-02-04,,21,TWSE(FMTQIK),complete
tx29-2026-02-04-call,call,2026-02-04,2026-02-04,2026-02-05,10.0,2026-03-03,EW_TW,,0.08412512982043757,n=11/11;缺adj,11.0,2026-02-04,,21,TWSE(FMTQIK),complete
tx29-2026-02-04-call,call,2026-02-04,2026-02-04,2026-02-05,11.0,2026-03-04,EW_TW,,-0.008881428545029076,n=11/11;缺adj,11.0,2026-02-04,,21,TWSE(FMTQIK),complete
tx29-2026-02-04-call,call,2026-02-04,2026-02-04,2026-02-05,12.0,2026-03-05,EW_TW,,0.04993048631957892,n=11/11;缺adj,11.0,2026-02-04,,21,TWSE(FMTQIK),complete
tx29-2026-02-04-call,call,2026-02-04,2026-02-04,2026-02-05,13.0,2026-03-06,EW_TW,,0.03526927019356059,n=11/11;缺adj,11.0,2026-02-04,,21,TWSE(FMTQIK),complete
tx29-2026-02-04-call,call,2026-02-04,2026-02-04,2026-02-05,14.0,2026-03-09,EW_TW,,-0.04916331900304973,n=11/11;缺adj,11.0,2026-02-04,,21,TWSE(FMTQIK),complete
tx29-2026-02-04-call,call,2026-02-04,2026-02-04,2026-02-05,15.0,2026-03-10,EW_TW,,0.00847977587807447,n=11/11;缺adj,11.0,2026-02-04,,21,TWSE(FMTQIK),complete
tx29-2026-02-04-call,call,2026-02-04,2026-02-04,2026-02-05,16.0,2026-03-11,EW_TW,,0.07780015569739328,n=11/11;缺adj,11.0,2026-02-04,,21,TWSE(FMTQIK),complete
tx29-2026-02-04-call,call,2026-02-04,2026-02-04,2026-02-05,17.0,2026-03-12,EW_TW,,0.06518736586791428,n=11/11;缺adj,11.0,2026-02-04,,21,TWSE(FMTQIK),complete
tx29-2026-02-04-call,call,2026-02-04,2026-02-04,2026-02-05,18.0,2026-03-13,EW_TW,,0.1136774424523279,n=11/11;缺adj,11.0,2026-02-04,,21,TWSE(FMTQIK),complete
tx29-2026-02-04-call,call,2026-02-04,2026-02-04,2026-02-05,19.0,2026-03-16,EW_TW,,0.14967942811573287,n=11/11;缺adj,11.0,2026-02-04,,21,TWSE(FMTQIK),complete
tx29-2026-02-04-call,call,2026-02-04,2026-02-04,2026-02-05,20.0,2026-03-17,EW_TW,,0.18095757323048758,n=11/11;缺adj,11.0,2026-02-04,,21,TWSE(FMTQIK),complete
tx29-2026-02-04-call,call,2026-02-04,2026-02-04,2026-02-05,0.0,2026-02-05,NET,163.05,-0.022950623202301013,缺adj,,2026-02-04,166.88,21,US(own bars),complete
tx29-2026-02-04-call,call,2026-02-04,2026-02-04,2026-02-05,1.0,2026-02-06,NET,173.21,0.03793144774688417,缺adj,,2026-02-04,166.88,21,US(own bars),complete
tx29-2026-02-04-call,call,2026-02-04,2026-02-04,2026-02-05,2.0,2026-02-09,NET,173.75,0.041167305848514024,缺adj,,2026-02-04,166.88,21,US(own bars),complete
tx29-2026-02-04-call,call,2026-02-04,2026-02-04,2026-02-05,3.0,2026-02-10,NET,179.98,0.07849952061361454,缺adj,,2026-02-04,166.88,21,US(own bars),complete
tx29-2026-02-04-call,call,2026-02-04,2026-02-04,2026-02-05,4.0,2026-02-11,NET,189.41,0.1350071907957815,缺adj,,2026-02-04,166.88,21,US(own bars),complete
tx29-2026-02-04-call,call,2026-02-04,2026-02-04,2026-02-05,5.0,2026-02-12,NET,185.17,0.10959971236816868,缺adj,,2026-02-04,166.88,21,US(own bars),complete
tx29-2026-02-04-call,call,2026-02-04,2026-02-04,2026-02-05,6.0,2026-02-13,NET,195.85,0.17359779482262705,缺adj,,2026-02-04,166.88,21,US(own bars),complete
tx29-2026-02-04-call,call,2026-02-04,2026-02-04,2026-02-05,7.0,2026-02-17,NET,193.68,0.16059443911792903,缺adj,,2026-02-04,166.88,21,US(own bars),complete
tx29-2026-02-04-call,call,2026-02-04,2026-02-04,2026-02-05,8.0,2026-02-18,NET,191.44,0.14717162032598274,缺adj,,2026-02-04,166.88,21,US(own bars),complete
tx29-2026-02-04-call,call,2026-02-04,2026-02-04,2026-02-05,9.0,2026-02-19,NET,192.64,0.15436241610738244,缺adj,,2026-02-04,166.88,21,US(own bars),complete
tx29-2026-02-04-call,call,2026-02-04,2026-02-04,2026-02-05,10.0,2026-02-20,NET,177.14,0.06148130393096829,缺adj,,2026-02-04,166.88,21,US(own bars),complete
tx29-2026-02-04-call,call,2026-02-04,2026-02-04,2026-02-05,11.0,2026-02-23,NET,160.19,-0.040088686481303926,缺adj,,2026-02-04,166.88,21,US(own bars),complete
tx29-2026-02-04-call,call,2026-02-04,2026-02-04,2026-02-05,12.0,2026-02-24,NET,163.81,-0.018396452540747843,缺adj,,2026-02-04,166.88,21,US(own bars),complete
tx29-2026-02-04-call,call,2026-02-04,2026-02-04,2026-02-05,13.0,2026-02-25,NET,171.8,0.029482262703739215,缺adj,,2026-02-04,166.88,21,US(own bars),complete
tx29-2026-02-04-call,call,2026-02-04,2026-02-04,2026-02-05,14.0,2026-02-26,NET,174.66,0.04662032598274202,缺adj,,2026-02-04,166.88,21,US(own bars),complete
tx29-2026-02-04-call,call,2026-02-04,2026-02-04,2026-02-05,15.0,2026-02-27,NET,172.19,0.03181927133269413,缺adj,,2026-02-04,166.88,21,US(own bars),complete
tx29-2026-02-04-call,call,2026-02-04,2026-02-04,2026-02-05,16.0,2026-03-02,NET,181.02,0.08473154362416113,缺adj,,2026-02-04,166.88,21,US(own bars),complete
tx29-2026-02-04-call,call,2026-02-04,2026-02-04,2026-02-05,17.0,2026-03-03,NET,178.91,0.072087727708533,缺adj,,2026-02-04,166.88,21,US(own bars),complete
tx29-2026-02-04-call,call,2026-02-04,2026-02-04,2026-02-05,18.0,2026-03-04,NET,185.89,0.11391418983700863,缺adj,,2026-02-04,166.88,21,US(own bars),complete
tx29-2026-02-04-call,call,2026-02-04,2026-02-04,2026-02-05,19.0,2026-03-05,NET,192.31,0.15238494726749763,缺adj,,2026-02-04,166.88,21,US(own bars),complete
tx29-2026-02-04-call,call,2026-02-04,2026-02-04,2026-02-05,20.0,2026-03-06,NET,195.19,0.1696428571428572,缺adj,,2026-02-04,166.88,21,US(own bars),complete
